Air temperature [K],Process temperature [K],Rotational speed [rpm],Torque [Nm],Tool wear [min],Temperature difference [K],Power [W],Type,Machine failure
298.1,308.6,1551,42.8,0,10.5,6951.590560157351,M,0
298.2,308.7,1408,46.3,3,10.5,6826.722724152667,L,0
298.1,308.5,1498,49.4,5,10.399999999999977,7749.387542560967,L,0
298.2,308.6,1433,39.5,7,10.400000000000034,5927.504658915661,L,0
298.2,308.7,1408,40.0,9,10.5,5897.816608339237,L,0
298.1,308.6,1425,41.9,11,10.5,6252.554778807084,M,0
298.1,308.6,1558,42.4,14,10.5,6917.703247400629,L,0
298.1,308.6,1527,40.2,16,10.5,6428.264055922363,L,0
298.3,308.7,1667,28.6,18,10.399999999999977,4992.639989035923,M,0
298.5,309.0,1741,28.0,21,10.5,5104.878622573175,M,0
298.4,308.9,1782,23.9,24,10.5,4459.993426595285,H,0
298.6,309.1,1423,44.3,29,10.5,6601.41817101272,H,0
298.6,309.1,1339,51.1,34,10.5,7165.22933257697,M,0
298.6,309.2,1742,30.0,37,10.599999999999966,5472.6544025534195,M,0
298.6,309.2,2035,19.6,40,10.599999999999966,4176.85215270275,L,0
298.6,309.2,1542,48.4,42,10.599999999999966,7815.528539894543,L,0
298.6,309.2,1311,46.6,44,10.599999999999966,6397.602111623327,M,0
298.7,309.2,1410,45.6,47,10.5,6733.0613751736455,M,0
298.8,309.2,1306,54.5,50,10.399999999999977,7453.6380101520235,H,0
298.9,309.3,1632,32.5,55,10.400000000000034,5554.3358115467545,M,0
298.9,309.3,1375,42.7,58,10.400000000000034,6148.3586224630235,H,0
298.8,309.3,1450,44.8,63,10.5,6802.595292573099,L,0
298.9,309.3,1581,30.7,65,10.400000000000034,5082.7513383163905,M,0
299.0,309.4,1758,25.7,68,10.399999999999977,4731.3013681593,L,0
299.0,309.4,1561,37.3,70,10.399999999999977,6097.339157768725,M,0
299.0,309.5,1861,23.3,73,10.5,4540.784717670103,L,0
299.1,309.5,1512,39.0,75,10.399999999999977,6175.114519896098,L,0
299.1,309.4,1811,24.6,77,10.299999999999955,4665.327922433915,H,0
299.1,309.4,1439,44.2,82,10.299999999999955,6660.574360679816,L,0
299.0,309.4,1693,30.1,84,10.399999999999977,5336.445417069278,L,0
299.1,309.5,1339,48.2,86,10.399999999999977,6758.592051471818,M,0
299.0,309.4,1798,25.5,89,10.399999999999977,4801.296052481282,L,0
299.0,309.4,1419,48.3,91,10.399999999999977,7177.251160464705,L,0
298.9,309.3,1665,32.5,93,10.400000000000034,5666.647748912589,L,0
298.8,309.1,1559,34.7,95,10.300000000000011,5665.056008634771,M,0
298.8,309.2,1452,48.6,98,10.399999999999977,7389.7799034800555,M,0
298.9,309.2,1581,36.7,101,10.300000000000011,6076.122935381484,M,0
298.8,309.1,1439,39.2,104,10.300000000000011,5907.115722593864,L,0
298.9,309.2,1379,50.7,106,10.300000000000011,7321.51309511755,H,0
298.8,309.1,1350,52.5,111,10.300000000000011,7422.0126441058865,L,0
298.8,309.1,1362,45.4,113,10.300000000000011,6475.325113873137,L,0
298.8,309.1,1368,50.8,115,10.300000000000011,7277.436550187683,L,0
298.8,309.1,1368,49.1,117,10.300000000000011,7033.900287681403,M,0
298.8,309.2,1372,48.5,120,10.399999999999977,6968.261945172401,H,0
298.8,309.1,1472,47.5,125,10.300000000000011,7322.00527796661,M,0
298.8,309.1,1489,49.1,128,10.300000000000011,7656.050824822813,L,0
298.7,309.0,1843,25.8,130,10.300000000000011,4979.36152408675,M,0
298.8,309.1,1418,46.3,133,10.300000000000011,6875.207970773071,L,0
298.8,309.2,1425,53.9,135,10.399999999999977,8043.2625913532665,H,0
298.9,309.2,1412,44.1,140,10.300000000000011,6520.815375497119,M,0
298.9,309.1,2861,4.6,143,10.200000000000045,1378.1748092277942,L,1
298.9,309.1,1383,54.9,145,10.200000000000045,7951.025431043872,L,0
298.8,309.0,1497,43.8,147,10.199999999999989,6866.327735538923,H,0
298.7,309.0,1565,35.1,152,10.300000000000011,5752.41322835559,L,0
298.7,309.0,1691,30.1,154,10.300000000000011,5330.141287811076,L,0
298.8,309.1,1512,40.7,156,10.300000000000011,6444.286178455672,L,0
298.8,309.1,1477,42.4,158,10.300000000000011,6558.053720417668,L,0
298.8,309.1,1513,40.3,160,10.300000000000011,6385.171876690622,L,0
298.8,309.0,1661,29.5,162,10.199999999999989,5131.215640985769,M,0
298.8,309.1,1378,54.4,165,10.300000000000011,7850.127946986078,L,0
298.8,309.1,1393,52.6,167,10.300000000000011,7673.004953176688,L,0
298.8,309.0,1592,38.2,169,10.199999999999989,6368.469075749038,M,0
298.8,309.0,1829,22.9,172,10.199999999999989,4386.092695407342,L,0
298.9,309.0,1812,25.9,174,10.100000000000023,4914.581883569729,M,0
299.0,309.1,1523,38.6,177,10.100000000000023,6156.244020023535,L,0
299.0,309.1,1394,45.1,179,10.100000000000023,6583.668172519938,L,0
298.9,308.9,1679,28.7,181,10.0,5046.162255877581,M,0
298.8,308.9,1466,44.1,184,10.099999999999966,6770.195000339076,H,0
298.8,308.9,1527,32.4,189,10.099999999999966,5180.988940594142,L,0
298.9,309.0,1410,65.7,191,10.100000000000023,9700.923955019924,L,1
298.9,309.0,1924,22.6,193,10.100000000000023,4553.4662800150945,M,0
298.9,309.1,1452,45.5,196,10.200000000000045,6918.415341735443,L,0
298.9,309.1,1369,44.4,198,10.200000000000045,6365.243707291352,L,0
299.0,309.1,1592,35.0,200,10.100000000000023,5834.984755267443,L,0
298.9,309.0,1601,32.3,202,10.100000000000023,5415.299392674381,L,0
298.8,308.9,1379,46.7,204,10.099999999999966,6743.878925877506,L,0
298.8,308.9,1461,47.9,206,10.099999999999966,7328.487430808518,L,0
298.8,308.9,1455,41.3,208,10.099999999999966,6292.767164773035,L,1
298.8,308.9,1398,51.5,0,10.099999999999966,7539.508209350145,L,0
298.8,308.9,1402,37.9,2,10.099999999999966,5564.367964087218,L,0
298.8,308.8,1445,49.9,4,10.0,7550.870302780627,H,0
298.9,308.9,1450,47.5,9,10.0,7212.573133866567,L,0
298.9,308.9,1453,40.8,11,10.0,6208.038410905718,L,0
299.0,309.0,1469,40.1,13,10.0,6168.716142858287,L,0
298.9,308.9,1422,47.6,15,10.0,7088.187008735435,L,0
299.0,309.0,1804,26.8,17,10.0,5062.906944721215,M,0
299.0,309.0,1436,43.9,20,10.0,6601.575250645399,H,0
299.0,309.0,1544,31.8,25,10.0,5141.656200571199,L,0
299.0,309.0,1419,45.2,27,10.0,6716.599429668835,M,0
298.9,308.9,1487,39.5,30,10.0,6150.871896585897,M,0
298.9,308.9,1753,25.8,33,10.0,4736.2022526989,L,0
298.9,308.9,1830,24.9,35,10.0,4771.765081537536,L,0
298.9,308.9,1727,27.1,37,10.0,4901.062563183781,M,0
299.1,309.0,1450,43.0,40,9.899999999999977,6529.276731710787,L,0
299.0,308.9,1622,31.9,42,9.899999999999977,5418.388625450411,L,0
299.0,309.0,1351,52.2,44,10.0,7385.06751449967,M,0
299.0,309.0,1575,35.3,47,10.0,5822.156585265284,M,0
298.9,308.9,1750,29.9,50,10.0,5479.4611866361965,M,0
298.9,308.8,1529,32.7,53,9.900000000000034,5235.809732399286,L,0
298.8,308.8,1523,44.4,55,10.0,7081.275504897538,L,0
298.8,308.9,1852,25.0,57,10.099999999999966,4848.524662040247,L,0
298.8,308.8,1991,20.7,59,10.0,4315.888571575122,L,0
298.8,308.8,1555,40.6,61,10.0,6611.272299969481,L,0
298.8,308.8,1441,40.5,63,10.0,6111.497268660904,M,0
298.8,308.7,1450,43.4,66,9.899999999999977,6590.01418968019,L,0
298.8,308.7,1591,31.1,68,9.899999999999977,5181.543955296277,L,0
298.8,308.7,1445,48.5,70,9.899999999999977,7339.022238173556,L,0
298.8,308.8,1497,46.8,72,10.0,7336.624155781315,M,0
298.9,308.8,1621,32.7,75,9.900000000000034,5550.848643701271,H,0
298.9,308.7,1572,34.1,80,9.800000000000011,5613.523417140386,L,0
298.8,308.6,1872,22.5,82,9.800000000000011,4410.79608564007,L,0
298.7,308.6,1499,43.5,84,9.900000000000034,6828.408712210095,H,0
298.8,308.7,1498,39.5,89,9.899999999999977,6196.3726301853885,M,0
298.8,308.6,1486,41.9,92,9.800000000000011,6520.208000917424,M,0
298.8,308.6,1680,29.4,95,9.800000000000011,5172.318144870235,L,0
298.8,308.6,1431,45.7,97,9.800000000000011,6848.326409633855,L,0
298.9,308.7,1564,34.1,99,9.800000000000011,5584.955867943743,L,0
298.8,308.6,1599,33.0,101,9.800000000000011,5525.747318399087,L,0
298.8,308.6,1707,28.1,103,9.800000000000011,5023.0610778981845,M,0
298.7,308.5,1467,40.7,106,9.800000000000011,6252.491946954015,L,0
298.9,308.7,1433,44.7,108,9.800000000000011,6707.834386165318,L,0
298.9,308.7,1558,41.2,110,9.800000000000011,6721.919193228914,L,0
299.0,308.8,1310,50.7,112,9.800000000000011,6955.171975782444,L,0
298.9,308.7,1546,43.4,114,9.800000000000011,7026.318577410739,L,0
298.9,308.7,1727,29.4,116,9.800000000000011,5317.019902494581,L,0
298.9,308.6,1560,32.2,118,9.700000000000045,5260.28273917075,L,0
299.0,308.6,1329,60.5,120,9.600000000000023,8419.939550518684,L,0
298.9,308.6,1413,46.5,122,9.700000000000045,6880.559150259685,L,0
299.0,308.6,1587,38.6,124,9.600000000000023,6414.9437030711415,L,0
298.9,308.5,1559,34.3,126,9.600000000000023,5599.75276934215,L,0
298.8,308.4,1473,41.1,128,9.599999999999966,6339.765390870739,L,0
298.8,308.4,1737,27.7,130,9.599999999999966,5038.580545606917,L,0
298.7,308.4,1441,43.2,132,9.699999999999989,6518.930419904966,M,0
298.7,308.4,1430,49.6,135,9.699999999999989,7427.5627911272295,M,0
298.8,308.4,1369,53.0,138,9.599999999999966,7598.151272217154,L,0
298.8,308.5,1711,28.5,140,9.699999999999989,5106.501778777529,M,0
298.7,308.5,1420,45.7,143,9.800000000000011,6795.683788735201,H,0
298.7,308.6,1297,55.3,148,9.900000000000034,7510.93018817799,L,0
298.8,308.6,1449,49.4,150,9.800000000000011,7495.902903318319,H,0
298.8,308.6,1268,55.8,155,9.800000000000011,7409.383441638455,L,0
298.8,308.6,1511,36.1,157,9.800000000000011,5712.158954487593,L,0
298.7,308.5,1544,35.2,159,9.800000000000011,5691.393027047366,L,0
298.6,308.4,1778,28.2,161,9.799999999999955,5250.606633797693,M,0
298.6,308.4,1407,50.5,164,9.799999999999955,7440.705120394745,H,0
298.6,308.4,1391,42.4,169,9.799999999999955,6176.203605349342,M,0
298.5,308.4,1513,33.6,172,9.899999999999977,5323.61724706712,L,0
298.5,308.4,1612,36.1,174,9.899999999999977,6093.977653629385,H,0
298.4,308.4,1515,40.1,179,10.0,6361.882203152011,L,0
298.3,308.3,1379,48.0,181,10.0,6931.61003088052,M,0
298.4,308.3,1473,39.9,184,9.900000000000034,6154.662751721228,L,0
298.4,308.3,1422,42.7,186,9.900000000000034,6358.52069901267,L,0
298.4,308.2,1463,37.6,188,9.800000000000011,5760.508065426342,M,0
298.4,308.2,1584,41.0,191,9.800000000000011,6800.919776491184,M,0
298.4,308.2,1850,27.0,194,9.800000000000011,5230.751768227006,L,0
298.4,308.2,1528,36.2,196,9.800000000000011,5792.426646786813,L,0
298.4,308.2,1987,19.8,198,9.800000000000011,4119.9474377707265,H,0
298.4,308.1,1495,46.0,203,9.700000000000045,7201.577559579002,M,0
298.4,308.2,1478,43.5,206,9.800000000000011,6732.747215908285,H,0
298.4,308.2,1499,40.0,211,9.800000000000011,6278.996516974799,M,0
298.4,308.2,1471,47.0,214,9.800000000000011,7240.009709707918,L,0
298.4,308.2,1282,60.7,216,9.800000000000011,8149.019072048613,L,1
298.3,308.1,1412,52.3,218,9.800000000000011,7733.302588174587,L,1
298.3,308.1,1586,35.5,0,9.800000000000011,5896.036372502204,L,0
298.4,308.2,1468,43.8,2,9.800000000000011,6733.312702585932,M,0
298.5,308.3,1440,43.6,5,9.800000000000011,6574.725105432719,M,0
298.5,308.4,1733,26.0,8,9.899999999999977,4718.4627261816295,L,0
298.4,308.2,1612,32.6,10,9.800000000000011,5503.148795244264,H,0
298.4,308.3,1458,42.9,15,9.900000000000034,6550.032187175502,H,0
298.4,308.3,1433,62.3,20,9.900000000000034,9348.950386087232,L,1
298.4,308.3,1318,59.1,22,9.900000000000034,8157.019661339754,L,0
298.4,308.2,1610,35.0,24,9.800000000000011,5900.958200992827,M,0
298.2,308.1,1462,50.8,27,9.900000000000034,7777.494324835084,L,0
298.1,308.0,1924,20.8,29,9.899999999999977,4190.800824084688,M,0
298.2,308.0,1591,33.7,32,9.800000000000011,5614.727694324262,M,0
298.2,308.1,1306,58.3,35,9.900000000000034,7973.341210859871,L,0
298.2,308.1,1382,43.5,37,9.900000000000034,6295.437518528586,L,0
298.2,308.1,1618,34.7,39,9.900000000000034,5879.4487632912505,L,0
298.2,308.2,1988,21.4,41,10.0,4455.1134860067095,L,0
298.2,308.2,1436,50.2,43,10.0,7548.953931261938,L,0
298.2,308.3,1304,49.8,45,10.100000000000023,6800.41712166661,L,0
298.2,308.3,1475,49.9,47,10.100000000000023,7707.635776194758,L,0
298.2,308.3,1824,24.2,49,10.100000000000023,4622.413766785878,H,0
298.1,308.2,1342,48.1,54,10.099999999999966,6759.681136925063,M,0
298.1,308.2,1485,40.7,57,10.099999999999966,6329.209639554678,L,0
298.2,308.2,1667,30.6,59,10.0,5341.775652604869,L,0
298.2,308.2,1446,38.2,61,10.0,5784.426057495672,L,0
298.1,308.3,1301,56.0,63,10.199999999999989,7629.462478997933,L,0
298.2,308.4,1379,43.1,65,10.199999999999989,6224.008173561467,L,0
298.3,308.5,1606,33.6,67,10.199999999999989,5650.845537865033,L,0
298.3,308.4,1539,43.4,69,10.099999999999966,6994.504715805388,M,0
298.2,308.4,1477,49.9,72,10.199999999999989,7718.086807755699,L,0
298.2,308.4,1666,34.6,74,10.199999999999989,6036.423676215621,L,0
298.2,308.4,1398,51.8,76,10.199999999999989,7583.42767464733,H,0
298.2,308.4,1678,34.6,81,10.199999999999989,6079.903318541303,H,0
298.2,308.5,2678,10.7,86,10.300000000000011,3000.702695051803,M,1
298.3,308.5,1453,42.9,89,10.199999999999989,6527.569799702335,L,0
298.3,308.6,1432,49.5,91,10.300000000000011,7422.955121901963,H,0
298.4,308.6,1527,40.9,96,10.200000000000045,6540.199002169767,M,0
298.4,308.7,1588,35.0,99,10.300000000000011,5820.32398955069,L,0
298.4,308.6,1433,47.1,101,10.200000000000045,7067.986567972852,L,0
298.4,308.6,1609,35.0,103,10.200000000000045,5897.293009563639,L,0
298.3,308.5,1575,41.2,105,10.199999999999989,6795.264909714723,L,0
298.4,308.5,1636,35.7,107,10.100000000000023,6116.178241714753,M,0
298.4,308.5,1490,37.9,110,10.100000000000023,5913.6292913623065,L,0
298.4,308.5,1741,32.8,112,10.100000000000023,5980.000672157147,L,0
298.5,308.6,1344,53.0,114,10.100000000000023,7459.397596683605,M,0
298.5,308.7,1609,35.3,117,10.199999999999989,5947.841235359898,L,0
298.4,308.7,1421,60.7,119,10.300000000000011,9032.571061919718,M,1
298.4,308.6,1591,36.7,122,10.200000000000045,6114.555085510398,L,0
298.4,308.6,1477,44.0,124,10.200000000000045,6805.527445716449,L,0
298.4,308.7,1523,36.1,126,10.300000000000011,5757.523552405431,L,0
298.5,308.7,1575,33.9,128,10.199999999999989,5591.249525226434,L,0
298.4,308.7,1344,52.9,130,10.300000000000011,7445.323261595522,H,0
298.4,308.7,1386,44.9,135,10.300000000000011,6516.856968753595,L,0
298.3,308.6,1589,37.1,137,10.300000000000011,6173.428531838672,M,0
298.3,308.6,1548,40.3,140,10.300000000000011,6532.879091286903,L,0
298.3,308.6,1499,38.3,142,10.300000000000011,6012.13916500337,L,0
298.3,308.5,1664,31.6,144,10.199999999999989,5506.416051603998,L,0
298.3,308.6,1447,38.1,146,10.300000000000011,5773.2734035754265,L,0
298.3,308.5,1434,46.2,148,10.199999999999989,6937.767552481556,M,0
298.3,308.5,1416,52.7,151,10.199999999999989,7814.523230245396,L,0
298.4,308.5,1827,24.3,153,10.100000000000023,4649.148720267927,H,0
298.4,308.6,1304,45.0,158,10.200000000000045,6144.955230421636,L,0
298.4,308.6,1569,34.4,160,10.200000000000045,5652.102174926468,L,0
298.3,308.6,1584,29.3,162,10.300000000000011,4860.169498809553,L,0
298.3,308.5,1362,53.8,164,10.199999999999989,7673.40288824614,L,0
298.3,308.4,1329,49.2,166,10.099999999999966,6847.28968405817,L,0
298.3,308.5,1539,36.1,168,10.199999999999989,5818.009682962546,L,0
298.3,308.5,1629,37.1,170,10.199999999999989,6328.832648436246,M,0
298.3,308.5,1538,32.2,173,10.199999999999989,5186.099264643983,L,0
298.3,308.6,1570,34.8,175,10.300000000000011,5721.468540717731,L,0
298.3,308.4,1408,43.1,177,10.099999999999966,6354.897395485528,L,0
298.2,308.4,1424,47.6,179,10.199999999999989,7098.156329422827,L,0
298.2,308.4,1512,34.9,181,10.199999999999989,5525.935813958303,L,0
298.2,308.4,1478,42.9,183,10.199999999999989,6639.881737068171,L,0
298.1,308.3,1680,33.7,185,10.199999999999989,5928.8136558546585,M,0
298.1,308.3,1495,38.7,188,10.199999999999989,6058.718512080595,L,0
298.0,308.1,1552,36.6,190,10.100000000000023,5948.417194013057,M,0
297.9,308.1,1393,50.3,193,10.200000000000045,7337.493329748809,L,0
298.0,308.2,1611,30.6,195,10.199999999999989,5162.32788023182,L,0
298.0,308.1,1339,51.6,197,10.100000000000023,7235.339208629582,M,0
298.0,308.1,1777,24.3,200,10.100000000000023,4521.91421779754,L,0
298.0,308.2,1348,58.8,202,10.199999999999989,8300.33911819652,L,1
298.0,308.2,1442,44.1,204,10.199999999999989,6659.359611520428,L,0
298.0,308.2,1395,49.1,206,10.199999999999989,7172.727267043536,M,0
297.9,308.1,1627,31.4,209,10.200000000000045,5349.901905602154,M,0
297.9,308.1,1585,33.5,212,10.200000000000045,5560.3571974661345,L,0
298.0,308.2,1469,45.5,214,10.199999999999989,6999.4160723205,L,0
298.0,308.3,1362,56.8,216,10.300000000000011,8101.2878076650695,L,1
298.0,308.3,1405,56.2,218,10.300000000000011,8268.776584003457,L,1
298.0,308.3,1662,32.7,0,10.300000000000011,5691.246419390198,L,0
298.0,308.2,1466,42.6,2,10.199999999999989,6539.916258830944,M,0
298.0,308.2,1620,35.8,5,10.199999999999989,6073.326917919787,L,0
298.0,308.2,1357,48.2,7,10.199999999999989,6849.446911013634,L,0
298.0,308.2,1514,37.9,9,10.199999999999989,6008.8823806191485,L,0
298.0,308.2,1489,40.4,11,10.199999999999989,6299.479701076205,L,0
298.1,308.3,1331,63.0,13,10.199999999999989,8781.065626048829,L,0
298.0,308.0,1615,29.5,15,10.0,4989.110933288391,L,0
298.1,308.2,1482,37.9,17,10.099999999999966,5881.878261610027,L,0
298.1,308.2,1420,63.9,19,10.099999999999966,9502.061140047686,M,1
298.2,308.3,1522,49.1,22,10.100000000000023,7825.728244043198,M,0
298.1,308.2,1654,32.1,25,10.099999999999966,5559.927846470144,L,0
298.1,308.2,1736,26.8,27,10.099999999999966,4872.065662991146,M,0
298.0,308.1,1587,32.3,30,10.100000000000023,5367.945119409271,M,0
298.1,308.2,1390,47.5,33,10.099999999999966,6914.1218317755365,L,0
298.0,308.1,1454,37.1,35,10.100000000000023,5648.939638321855,L,0
298.0,308.1,1440,43.7,37,10.100000000000023,6589.80475016995,H,0
297.9,308.0,1954,21.1,42,10.100000000000023,4317.532671730501,L,0
297.9,308.0,1800,24.8,44,10.100000000000023,4674.689868541612,H,0
298.0,308.0,1524,37.0,49,10.0,5904.937551687375,L,0
298.0,308.0,1520,39.6,51,10.0,6303.2915001625615,H,0
298.1,308.1,1452,40.8,56,10.0,6203.765844896836,M,0
298.1,308.1,1484,40.4,59,10.0,6278.326310542034,L,0
298.1,308.0,1426,46.0,61,9.899999999999977,6869.197056829202,L,0
298.1,308.0,1652,28.5,63,9.899999999999977,4930.415510543821,L,0
298.0,308.0,1401,54.7,65,10.0,8025.16701766859,L,0
298.0,307.9,1750,26.6,67,9.899999999999977,4874.704600820162,M,0
298.0,308.0,1479,50.7,70,10.0,7852.442253574225,H,0
298.0,308.0,1620,29.4,75,10.0,4987.5924968391555,M,0
298.0,308.1,1819,23.4,78,10.100000000000023,4457.354488766269,L,0
298.1,308.1,1456,43.7,80,10.0,6663.024802949617,M,0
298.1,308.0,1626,36.5,83,9.899999999999977,6215.012746596688,L,0
298.1,308.1,1390,49.8,85,10.0,7248.910888893088,M,0
298.2,308.2,1469,43.0,88,10.0,6614.832771643549,L,0
298.2,308.3,2051,19.2,90,10.100000000000023,4123.780180808106,L,0
298.2,308.3,1568,36.0,92,10.100000000000023,5911.2207369945545,L,0
298.2,308.3,1589,33.2,94,10.100000000000023,5524.469737386628,L,0
298.2,308.3,1805,31.6,96,10.100000000000023,5973.005392515154,L,0
298.2,308.4,1385,42.2,98,10.199999999999989,6120.555527478756,H,0
298.1,308.4,1436,46.7,103,10.299999999999955,7022.632442030528,L,0
298.1,308.4,1438,45.6,105,10.299999999999955,6866.767558510426,L,0
298.0,308.3,1473,42.6,107,10.300000000000011,6571.143689807627,L,0
298.1,308.4,1335,40.2,109,10.299999999999955,5619.9950980067815,L,0
298.1,308.5,1392,44.8,111,10.399999999999977,6530.491480870174,H,0
298.1,308.5,1372,51.1,116,10.399999999999977,7341.818255635252,M,0
298.1,308.6,1716,30.7,119,10.5,5516.762363409821,M,0
298.0,308.5,1395,46.2,122,10.5,6749.083497706953,L,0
298.0,308.5,1713,25.3,124,10.5,4538.438995155423,L,0
297.9,308.5,2129,18.7,126,10.600000000000023,4169.134306750431,H,0
297.8,308.3,1567,35.6,131,10.5,5841.812483301244,M,0
297.8,308.4,1622,38.3,134,10.599999999999966,6505.463459396576,L,0
297.7,308.4,1740,27.1,136,10.699999999999989,4937.955332912437,L,0
297.8,308.4,1512,35.1,138,10.599999999999966,5557.603067906488,H,0
297.8,308.4,1479,43.5,143,10.599999999999966,6737.302525255991,M,0
297.8,308.4,1737,27.5,146,10.599999999999966,5002.200902678348,L,0
297.8,308.4,2129,19.2,148,10.599999999999966,4280.608486075309,L,0
297.8,308.4,1374,47.1,150,10.599999999999966,6776.980840470831,L,0
297.8,308.4,1579,36.6,152,10.599999999999966,6051.9012560223055,M,0
297.9,308.5,1305,47.2,155,10.600000000000023,6450.3180363505635,L,0
297.9,308.5,1449,40.8,157,10.600000000000023,6190.948146870191,M,0
298.0,308.6,1526,41.8,160,10.600000000000023,6679.738075866714,H,0
298.0,308.6,1453,44.1,165,10.600000000000023,6710.159164728975,M,0
297.9,308.6,1468,36.0,168,10.700000000000045,5534.229618563781,L,0
298.0,308.6,1313,50.8,170,10.600000000000023,6984.849554383354,L,0
297.9,308.5,1300,53.0,172,10.600000000000023,7215.191127744558,M,0
297.9,308.4,1646,40.6,175,10.5,6998.1699072345755,L,0
297.8,308.4,1714,33.2,177,10.599999999999966,5959.056721133215,L,0
297.8,308.4,1685,28.4,179,10.599999999999966,5011.259161496199,L,0
297.8,308.4,1512,39.9,181,10.599999999999966,6317.617162662931,L,0
297.8,308.4,1612,32.1,183,10.599999999999966,5418.744672617819,L,0
297.8,308.4,1550,38.2,185,10.599999999999966,6200.456700635056,H,0
297.8,308.4,1518,32.5,190,10.599999999999966,5166.349118828415,L,0
297.8,308.5,1448,40.0,192,10.699999999999989,6065.368216530695,L,0
297.8,308.5,1561,46.3,194,10.699999999999989,7568.546997444826,L,0
297.8,308.5,1488,41.9,196,10.699999999999989,6528.983516396452,M,0
297.8,308.5,1699,27.8,199,10.699999999999989,4946.144417762795,L,0
297.7,308.5,1501,41.4,201,10.800000000000011,6507.432190792826,L,0
297.7,308.5,1373,56.7,203,10.800000000000011,8152.338688285906,L,1
297.6,308.4,1703,31.4,205,10.799999999999955,5599.805129219711,H,0
297.7,308.5,1720,29.9,210,10.800000000000011,5385.527566293862,H,0
297.6,308.4,1398,41.9,215,10.799999999999955,6134.085319840215,M,0
297.6,308.4,1391,51.9,218,10.799999999999955,7560.022809378086,M,0
297.6,308.3,1538,40.2,0,10.699999999999989,6474.571131636277,M,0
297.5,308.2,1647,31.3,3,10.699999999999989,5398.4185681490935,L,0
297.5,308.1,1469,44.8,5,10.600000000000023,6891.732748130953,M,0
297.4,308.1,1749,25.9,8,10.700000000000045,4743.710659140979,L,0
297.6,308.2,1995,20.5,10,10.599999999999966,4282.776185006285,M,0
297.6,308.3,1742,27.7,13,10.699999999999989,5053.084231690991,L,0
297.5,308.2,1563,38.2,15,10.699999999999989,6252.460531027478,L,0
297.5,308.2,1713,32.2,17,10.699999999999989,5776.195084743266,M,0
297.4,308.1,1474,39.4,20,10.700000000000045,6081.662610427314,L,0
297.4,308.2,1530,32.6,22,10.800000000000011,5223.21194585839,M,0
297.4,308.2,1471,46.5,25,10.800000000000011,7162.988329817408,L,0
297.5,308.3,1388,48.6,27,10.800000000000011,7064.059577155866,L,0
297.5,308.2,2448,13.8,29,10.699999999999989,3537.6846553543946,M,0
297.5,308.3,1585,32.9,32,10.800000000000011,5460.768710347337,L,0
297.5,308.3,1459,45.2,34,10.800000000000011,6905.932746925179,M,0
297.5,308.3,1544,40.8,37,10.800000000000011,6596.841917713991,L,0
297.6,308.3,1617,31.7,39,10.699999999999989,5367.819455703128,L,0
297.6,308.3,1595,34.3,41,10.699999999999989,5729.060722963907,L,0
297.6,308.3,1400,44.3,43,10.699999999999989,6494.719212521298,H,0
297.6,308.4,1611,31.0,48,10.799999999999955,5229.809290430929,M,0
297.6,308.4,1507,46.0,51,10.799999999999955,7259.382864405055,M,0
297.5,308.3,1674,30.0,54,10.800000000000011,5259.026102109314,H,0
297.6,308.3,1658,34.3,59,10.699999999999989,5955.3496418019795,L,0
297.6,308.3,1623,36.9,61,10.699999999999989,6271.529998434768,L,0
297.6,308.4,1398,48.9,63,10.799999999999955,7158.872843441205,M,0
297.6,308.4,1517,34.2,66,10.799999999999955,5433.007503265117,L,0
297.6,308.3,1467,36.7,68,10.699999999999989,5637.996423911851,M,0
297.6,308.3,1567,34.6,71,10.699999999999989,5677.716627028738,M,0
297.5,308.3,1521,38.2,74,10.800000000000011,6084.448155913496,M,0
297.5,308.3,1596,36.8,77,10.800000000000011,6150.4844334919535,L,0
297.6,308.3,1640,30.9,79,10.699999999999989,5306.778310443879,H,0
297.6,308.3,1438,47.8,84,10.699999999999989,7198.058975806981,L,0
297.6,308.4,1407,55.2,86,10.799999999999955,8133.206389025544,L,0
297.6,308.4,1353,57.5,88,10.799999999999955,8146.935148921731,L,0
297.6,308.5,1552,40.9,90,10.899999999999977,6647.274951779618,M,0
297.6,308.4,1569,38.3,93,10.799999999999955,6292.892828479178,M,0
297.5,308.4,1489,39.5,96,10.899999999999977,6159.144757240349,L,0
297.5,308.4,1587,36.1,98,10.899999999999977,5999.468074633892,H,0
297.5,308.3,1622,37.2,103,10.800000000000011,6318.6224723120795,M,0
297.5,308.4,1604,38.1,106,10.899999999999977,6399.675562774695,L,0
297.4,308.3,1405,51.7,108,10.900000000000034,7606.685932259408,M,0
297.4,308.3,1412,42.0,111,10.900000000000034,6210.300357616304,L,0
297.4,308.3,1431,43.0,113,10.900000000000034,6443.720691778025,L,0
297.4,308.2,1533,37.4,115,10.800000000000011,6004.023383981596,L,0
297.4,308.2,1401,51.9,117,10.800000000000011,7614.3723622851885,M,0
297.4,308.2,1424,53.9,120,10.800000000000011,8037.618196552319,M,0
297.3,308.2,1754,29.4,123,10.899999999999977,5400.146444108567,L,0
297.3,308.2,1754,26.8,125,10.899999999999977,4922.582472860871,L,0
297.5,308.3,2564,12.8,127,10.800000000000011,3436.818587223139,L,1
297.5,308.5,1546,40.4,129,11.0,6540.628353165756,L,0
297.5,308.5,1335,48.0,131,11.0,6710.441908067798,L,0
297.5,308.6,1842,27.0,133,11.100000000000023,5208.132301121159,M,0
297.5,308.5,1712,26.8,136,11.0,4804.709916498182,L,0
297.6,308.6,1414,45.4,138,11.0,6722.54751175963,M,0
297.6,308.7,1319,50.9,141,11.099999999999966,7030.58067144411,L,0
297.7,308.7,1249,60.4,143,11.0,7900.016438325086,L,0
297.6,308.7,1455,48.2,145,11.099999999999966,7344.10114629686,L,0
297.6,308.7,1408,54.8,147,11.099999999999966,8080.008753424755,M,0
297.6,308.7,1460,46.7,150,11.099999999999966,7140.0023435686435,L,0
297.6,308.6,1491,38.1,152,11.0,5948.825601058024,L,0
297.6,308.5,1490,43.4,154,10.899999999999977,6771.807684567919,M,0
297.5,308.4,1350,52.2,157,10.899999999999977,7379.601143282424,M,0
297.5,308.4,1528,39.9,160,10.899999999999977,6384.470254331321,L,0
297.4,308.3,1571,37.7,162,10.900000000000034,6202.205520545553,L,0
297.4,308.3,1490,42.6,164,10.900000000000034,6646.9817364652845,L,0
297.4,308.3,1774,28.9,166,10.900000000000034,5368.835237327789,M,0
297.4,308.3,1502,43.6,169,10.900000000000034,6857.803547472183,H,0
297.4,308.4,1392,49.7,174,11.0,7244.76398659035,L,0
297.4,308.5,2100,16.9,176,11.100000000000023,3716.504109196725,L,0
297.5,308.5,1722,30.4,178,11.0,5481.953516808045,L,0
297.4,308.6,1678,32.3,180,11.200000000000045,5675.747895632488,L,0
297.3,308.6,1273,59.8,182,11.300000000000011,7971.833246386148,L,0
297.3,308.6,1297,45.9,184,11.300000000000011,6234.2078777101215,L,0
297.3,308.5,1350,57.6,186,11.199999999999989,8143.008158104744,L,0
297.4,308.6,1439,51.9,188,11.200000000000045,7820.9006633321815,L,0
297.4,308.5,1600,42.1,190,11.100000000000023,7053.9227048602825,M,0
297.4,308.6,1434,44.4,193,11.200000000000045,6667.464920566689,M,0
297.4,308.6,1459,41.3,196,11.200000000000045,6310.066868318802,L,0
297.5,308.6,1472,44.9,198,11.100000000000023,6921.221831172648,M,0
297.5,308.7,1429,44.3,201,11.199999999999989,6629.252681923525,L,0
297.5,308.6,1388,48.2,203,11.100000000000023,7005.91916911343,L,0
297.4,308.4,1573,34.5,205,11.0,5682.984030711256,L,0
297.4,308.4,1588,32.5,207,11.0,5404.58656172564,L,0
297.5,308.4,1511,42.8,209,10.899999999999977,6772.310339392493,L,0
297.4,308.5,1495,37.8,211,11.100000000000023,5917.818081567092,L,0
297.4,308.4,1394,50.1,213,11.0,7313.5648657039665,L,0
297.4,308.4,2151,17.7,0,11.0,3986.9638207442704,L,0
297.3,308.3,1501,38.2,2,11.0,6004.442263002077,M,0
297.3,308.3,1301,39.6,5,11.0,5395.119895862825,M,0
297.3,308.3,1657,31.1,8,11.0,5396.491724654891,M,0
297.3,308.3,1333,55.2,11,11.0,7705.4471333127585,L,0
297.3,308.3,1484,43.9,13,11.0,6822.240718633547,L,0
297.3,308.4,1430,45.7,15,11.099999999999966,6843.540716824888,L,0
297.3,308.4,1665,28.9,17,11.099999999999966,5038.957536725348,M,0
297.4,308.5,1501,44.9,20,11.100000000000023,7057.577424313959,L,0
297.5,308.5,1496,42.2,22,11.0,6611.083804410266,M,0
297.6,308.6,1595,36.9,25,11.0,6163.333547445136,M,0
297.5,308.6,1208,62.3,28,11.100000000000023,7881.041218697402,L,0
297.5,308.6,1596,37.1,30,11.100000000000023,6200.624252243247,L,0
297.5,308.5,1446,41.9,32,11.0,6344.697691336874,L,0
297.6,308.5,1466,39.7,34,10.899999999999977,6094.710691915223,M,0
297.6,308.5,1848,23.7,37,10.899999999999977,4586.473946828811,M,0
297.5,308.5,1484,44.7,40,11.0,6946.564011911607,M,0
297.4,308.3,1493,41.2,43,10.900000000000034,6441.479689018465,L,0
297.3,308.3,1504,36.3,45,11.0,5717.195974708849,L,0
297.3,308.3,1538,38.5,47,11.0,6200.770859900414,L,0
297.4,308.4,1341,52.2,49,11.0,7330.403802327209,L,0
297.4,308.3,1535,34.6,51,10.900000000000034,5561.77091416025,M,0
297.4,308.5,1389,39.2,54,11.100000000000023,5701.865002559331,L,0
297.5,308.5,1393,46.6,56,11.0,6797.757239886571,H,0
297.4,308.5,1399,61.5,61,11.100000000000023,9009.930650862849,L,1
297.4,308.5,1469,45.1,63,11.100000000000023,6937.882744212187,H,0
297.4,308.4,1582,37.2,68,11.0,6162.7994766940255,L,0
297.5,308.6,1793,26.7,70,11.100000000000023,5013.259308818985,L,0
297.5,308.6,1452,39.0,72,11.100000000000023,5930.070292916093,L,0
297.6,308.7,1376,59.9,74,11.099999999999966,8631.253544374646,M,0
297.5,308.6,1552,44.9,77,11.100000000000023,7297.375191562466,L,0
297.6,308.7,1622,37.9,79,11.099999999999966,6437.52128227494,L,0
297.6,308.7,1419,41.7,81,11.099999999999966,6196.5087658670445,M,0
297.5,308.6,1440,46.1,84,11.100000000000023,6951.716223863495,H,0
297.4,308.6,1643,31.0,89,11.200000000000045,5333.6912875096305,M,0
297.4,308.7,1510,36.2,92,11.300000000000011,5724.191254350842,L,0
297.4,308.7,1468,46.6,94,11.300000000000011,7163.752784029783,L,0
297.4,308.7,1429,57.4,96,11.300000000000011,8589.596025788045,L,0
297.3,308.7,1478,47.6,98,11.399999999999977,7367.3279879823995,H,0
297.4,308.6,1276,53.6,103,11.200000000000045,7162.161043751962,L,0
297.3,308.6,1486,42.6,105,11.300000000000011,6629.137490192895,L,0
297.4,308.6,1476,42.3,107,11.200000000000045,6538.156966944933,L,0
297.3,308.6,1431,42.0,109,11.300000000000011,6293.866722201792,H,0
297.4,308.7,1402,40.2,114,11.300000000000011,5902.0472864460735,L,0
297.4,308.7,1433,43.4,116,11.300000000000011,6512.751954352903,L,0
297.4,308.7,2874,4.2,118,11.300000000000011,1264.0512200983894,L,1
297.3,308.6,1511,35.7,120,11.300000000000011,5648.866334493271,L,0
297.3,308.6,1456,42.9,122,11.300000000000011,6541.047232186236,M,0
297.2,308.5,1550,41.5,125,11.300000000000011,6736.098248072115,L,0
297.2,308.5,2182,16.5,127,11.300000000000011,3770.2253435731104,L,0
297.3,308.7,1619,31.6,129,11.399999999999977,5357.504559823842,L,0
297.3,308.8,1586,32.7,131,11.5,5430.996883966819,M,0
297.3,308.8,1499,44.2,134,11.5,6938.291151257154,H,0
297.3,308.8,1419,42.4,139,11.5,6300.526898627401,H,0
297.4,309.0,1497,41.8,144,11.600000000000023,6552.7967887106615,M,0
297.4,309.0,1520,37.0,147,11.600000000000023,5889.439027929666,M,0
297.4,309.1,1478,49.8,150,11.700000000000045,7707.834743729485,L,0
297.4,309.1,1380,41.1,152,11.700000000000045,5939.495070876864,L,0
297.4,309.0,1570,37.9,154,11.600000000000023,6231.139588885116,L,0
297.4,309.0,1468,41.4,156,11.600000000000023,6364.364061348347,H,0
297.4,309.0,1833,22.6,161,11.600000000000023,4338.0996316360015,L,0
297.4,308.9,1323,57.3,163,11.5,7938.584724135656,M,0
297.4,309.0,1583,32.0,166,11.600000000000023,5304.683915341486,L,0
297.3,309.0,1556,39.5,168,11.699999999999989,6436.2855891645295,M,0
297.3,309.0,1548,37.4,171,11.699999999999989,6062.771166603727,L,0
297.4,309.0,1324,56.9,173,11.600000000000023,7889.12558379264,L,0
297.4,309.0,1568,33.7,175,11.600000000000023,5533.559412131014,L,0
297.4,309.0,1685,30.7,177,11.600000000000023,5417.10057246244,M,0
297.4,309.1,1582,35.9,180,11.700000000000045,5947.4328283149325,M,0
297.4,309.1,1463,35.0,183,11.700000000000045,5362.175060902179,M,0
297.4,309.2,1584,42.8,186,11.800000000000011,7099.496742288357,L,0
297.5,309.2,1347,55.8,188,11.699999999999989,7871.00906615694,M,0
297.4,309.2,1459,37.9,191,11.800000000000011,5790.5940510722185,L,0
297.4,309.2,1420,45.6,193,11.800000000000011,6780.813583508209,L,0
297.5,309.3,1404,43.5,195,11.800000000000011,6395.654324178101,L,0
297.5,309.3,1470,38.8,197,11.800000000000011,5972.795953004914,L,0
297.6,309.4,1326,49.8,199,11.799999999999955,6915.148085375708,L,0
297.5,309.3,1459,49.7,201,11.800000000000011,7593.470299163306,H,0
297.5,309.2,1530,40.0,206,11.699999999999989,6408.849013323178,M,0
297.4,309.0,1505,39.2,209,11.600000000000023,6178.046673039448,L,0
297.5,309.1,1611,30.2,211,11.600000000000023,5094.846470032711,L,0
297.5,309.1,1515,35.1,213,11.600000000000023,5568.630058120588,L,0
297.5,309.2,1804,27.4,215,11.699999999999989,5176.255607662735,M,0
297.6,309.3,1464,46.2,218,11.699999999999989,7082.909133077404,M,0
297.6,309.2,1390,43.3,221,11.599999999999966,6302.767901386962,L,0
297.6,309.2,1442,48.1,0,11.599999999999966,7263.383159050626,M,0
297.6,309.3,1529,41.9,3,11.699999999999989,6708.881583716516,M,0
297.6,309.3,1610,35.0,6,11.699999999999989,5900.958200992827,L,0
297.6,309.3,1543,34.3,8,11.699999999999989,5542.282567732481,L,0
297.8,309.4,1445,48.2,10,11.599999999999966,7293.626224329183,H,0
297.7,309.3,1893,24.6,15,11.600000000000023,4876.568612461292,L,0
297.6,309.3,1415,41.3,17,11.699999999999989,6119.770129315357,M,0
297.5,309.3,1564,37.5,20,11.800000000000011,6141.813637768046,L,0
297.5,309.3,1479,39.4,22,11.800000000000011,6102.292402185886,L,0
297.5,309.2,1426,44.8,24,11.699999999999989,6690.00061186844,L,0
297.4,309.2,1428,38.8,26,11.800000000000011,5802.144640061916,L,0
297.4,309.2,1620,33.2,28,11.800000000000011,5632.247309355781,L,0
297.5,309.2,1715,28.0,30,11.699999999999989,5028.642640846062,L,0
297.5,309.3,1732,29.9,32,11.800000000000011,5423.101014430797,L,0
297.5,309.4,1391,58.2,34,11.899999999999977,8477.713439418201,M,0
297.6,309.5,1924,20.6,37,11.899999999999977,4150.504662314644,L,0
297.7,309.5,2027,19.8,39,11.800000000000011,4202.885483825497,M,0
297.6,309.5,1617,36.2,42,11.899999999999977,6129.812753831333,L,0
297.5,309.4,1497,35.8,44,11.899999999999977,5612.203948225878,L,0
297.5,309.5,1448,43.7,46,12.0,6626.414776559784,M,0
297.4,309.4,1401,45.9,49,12.0,6734.098100749328,L,0
297.4,309.4,1620,35.4,51,12.0,6005.468516602248,L,0
297.4,309.4,1466,45.5,53,12.0,6985.121825746665,L,0
297.6,309.5,1373,50.6,55,11.899999999999977,7275.279323232219,L,0
297.6,309.6,1592,35.8,57,12.0,5968.355835387841,M,0
297.5,309.5,1553,42.4,60,12.0,6895.502659315261,M,0
297.6,309.5,1569,36.2,63,11.899999999999977,5947.851707335412,L,0
297.6,309.5,1709,32.2,65,11.899999999999977,5762.707180283854,M,0
297.6,309.5,1549,34.9,68,11.899999999999977,5661.160433744319,L,0
297.5,309.4,1443,45.4,70,11.899999999999977,6860.421541350175,L,0
297.5,309.3,1675,29.8,72,11.800000000000011,5227.0865767978175,L,0
297.5,309.3,1623,33.4,74,11.800000000000011,5676.66942947754,L,0
297.4,309.3,1365,52.4,76,11.900000000000034,7490.185204688784,H,0
297.4,309.3,1759,24.8,81,11.900000000000034,4568.210821535942,L,0
297.4,309.3,1516,43.0,83,11.900000000000034,6826.47139674038,H,0
297.4,309.3,1499,36.8,88,11.900000000000034,5776.676795616815,M,0
297.4,309.3,1775,25.8,91,11.900000000000034,4795.641185704819,M,0
297.4,309.4,1473,45.5,94,12.0,7018.475067752278,L,0
297.4,309.4,1296,52.3,96,12.0,7097.988777814635,L,0
297.5,309.4,1803,24.7,98,11.899999999999977,4663.60004647444,L,0
297.5,309.3,1563,36.1,100,11.800000000000011,5908.738878798219,H,0
297.5,309.4,1831,26.6,105,11.899999999999977,5100.333785200982,M,0
297.6,309.4,1958,22.1,108,11.799999999999955,4531.412299586895,L,0
297.5,309.4,1809,24.3,110,11.899999999999977,4603.344299378588,L,0
297.5,309.4,1482,39.3,112,11.899999999999977,6099.150809532297,M,0
297.4,309.3,1332,53.2,115,11.900000000000034,7420.693175191379,L,0
297.4,309.2,1437,40.4,117,11.800000000000011,6079.484439520825,L,0
297.4,309.2,1698,29.4,119,11.800000000000011,5227.735839279559,L,0
297.4,309.2,1274,54.3,121,11.800000000000011,7244.324163618847,L,0
297.4,309.3,1622,35.0,123,11.900000000000034,5944.940498143085,M,0
297.4,309.3,1564,36.0,126,11.900000000000034,5896.141092257324,M,0
297.5,309.4,1368,45.3,129,11.899999999999977,6489.525112667363,H,0
297.4,309.4,1539,42.2,134,12.0,6801.108272050401,M,0
297.5,309.4,1357,50.1,137,11.899999999999977,7119.4458556386535,L,0
297.5,309.4,1433,48.3,139,11.899999999999977,7248.062658876618,M,0
297.5,309.4,1650,34.6,142,11.899999999999977,5978.450819781377,L,0
297.5,309.4,1503,40.6,144,11.899999999999977,6390.187952960855,L,0
297.5,309.4,1318,58.2,146,11.899999999999977,8032.801087816813,L,0
297.5,309.4,1678,34.4,148,11.899999999999977,6044.759368723145,M,0
297.6,309.5,1574,30.9,151,11.899999999999977,5093.212841852844,L,0
297.7,309.6,1529,35.2,153,11.900000000000034,5636.100996344186,L,0
297.6,309.6,1669,32.1,155,12.0,5610.350408560261,H,0
297.7,309.7,1570,35.8,160,12.0,5885.878556255598,H,0
297.6,309.7,1541,33.7,165,12.099999999999966,5438.274906947636,M,0
297.7,309.7,1680,30.2,168,12.0,5313.061495751058,M,0
297.8,309.7,1935,22.1,171,11.899999999999977,4478.18324805957,L,0
297.7,309.6,1596,35.2,173,11.900000000000034,5883.072066818391,M,0
297.7,309.7,1498,41.0,176,12.0,6431.677919939264,L,0
297.8,309.8,1676,29.0,178,12.0,5089.798977835943,M,0
297.8,309.9,1351,49.0,181,12.099999999999966,6932.343069166357,L,0
297.9,309.9,1472,45.0,183,12.0,6936.636579126262,L,0
297.9,310.0,1439,41.7,185,12.100000000000023,6283.84504163684,M,0
297.9,309.9,1410,55.4,188,12.0,8180.078951417104,M,0
297.7,309.7,1440,51.1,191,12.0,7705.698460725045,H,0
297.7,309.7,1591,37.7,196,12.0,6281.1642159057765,L,0
297.8,309.8,1533,36.8,198,12.0,5907.7021532225335,L,0
297.8,309.7,1700,31.3,200,11.899999999999977,5572.138169917096,M,0
297.8,309.8,1798,25.5,203,12.0,4801.296052481282,M,0
297.8,309.7,1394,42.9,206,11.899999999999977,6262.513627518965,L,0
297.8,309.7,1341,49.2,208,11.899999999999977,6909.1162274808175,L,0
297.7,309.6,1697,32.2,210,11.900000000000034,5722.243466905618,H,0
297.6,309.6,1419,48.2,215,12.0,7162.391427213226,H,0
297.6,309.5,2001,20.5,220,11.899999999999977,4295.656714886004,L,0
297.6,309.6,1501,49.8,222,12.0,7827.780751243545,L,1
297.6,309.5,1623,33.1,224,11.899999999999977,5625.681380709778,H,0
297.6,309.4,1628,33.4,229,11.799999999999955,5694.157628582525,L,0
297.6,309.4,1491,40.2,231,11.799999999999955,6276.7136263131915,L,0
297.5,309.4,1517,36.7,233,11.899999999999977,5830.157174556427,L,0
297.5,309.3,1525,41.7,235,11.800000000000011,6659.3910274469645,H,0
297.5,309.5,1668,27.9,240,12.0,4873.36418795463,H,0
297.5,309.6,1312,50.7,0,12.100000000000023,6965.790558951576,L,0
297.6,309.6,1278,50.4,2,12.0,6745.125090963429,H,0
297.6,309.6,1330,53.1,7,12.0,7395.623265815731,M,0
297.6,309.6,1530,37.3,10,12.0,5976.251704923863,M,0
297.6,309.6,1428,46.6,13,12.0,6968.555160486735,H,0
297.7,309.6,1480,47.9,18,11.900000000000034,7423.79287994292,L,0
297.7,309.7,1616,31.1,20,12.0,5262.963564901813,H,0
297.8,309.7,1547,37.3,25,11.899999999999977,6042.654501645239,L,0
297.9,309.7,2194,16.8,27,11.800000000000011,3859.8863979065636,L,0
297.9,309.8,2000,21.3,29,11.900000000000034,4461.061568097506,L,0
297.9,309.8,1336,71.6,31,11.900000000000034,10017.240447334367,L,1
297.9,309.9,1542,33.8,33,12.0,5457.951748934619,L,0
297.9,309.8,1693,29.9,35,11.900000000000034,5300.987307985761,M,0
297.9,309.8,1461,50.5,38,11.900000000000034,7726.275892606058,L,0
298.0,309.9,1565,33.9,40,11.899999999999977,5555.749528240868,M,0
298.0,309.9,1403,47.7,43,11.899999999999977,7008.170643848503,L,0
298.1,309.9,1629,32.5,45,11.799999999999955,5544.125635422587,L,0
298.1,310.0,1534,33.7,47,11.899999999999977,5413.571516714908,L,0
298.1,310.0,1553,40.9,49,11.899999999999977,6651.557989764013,L,0
298.1,309.9,1563,32.8,51,11.799999999999955,5368.604853866525,L,0
298.1,309.9,1634,30.0,53,11.799999999999955,5133.362395965722,L,0
298.0,309.9,1445,45.2,55,11.899999999999977,6839.666085885458,M,0
298.1,309.9,1642,30.4,58,11.799999999999955,5227.275072357032,L,0
298.1,309.9,1686,29.1,60,11.799999999999955,5137.82345753382,H,0
298.1,310.0,1393,43.1,65,11.899999999999977,6287.19607380067,M,0
298.2,310.0,1433,44.2,68,11.800000000000011,6632.802681622082,H,0
298.3,310.0,1507,44.7,73,11.699999999999989,7054.226392150131,L,0
298.3,310.1,1389,49.6,75,11.800000000000011,7214.604697115888,M,0
298.3,310.1,1408,45.3,78,11.800000000000011,6679.277308944186,L,0
298.4,310.2,1725,32.0,80,11.800000000000011,5780.530482605219,M,0
298.4,310.1,1926,23.7,83,11.700000000000045,4780.058886143014,L,0
298.3,310.1,1509,37.6,85,11.800000000000011,5941.631353881304,H,0
298.3,310.1,1545,36.3,90,11.800000000000011,5873.050386253439,L,0
298.4,310.1,1533,35.2,92,11.700000000000045,5650.845537865032,L,0
298.4,310.1,1455,42.2,94,11.700000000000045,6429.8976841022295,L,0
298.4,310.1,1335,57.8,96,11.700000000000045,8080.490464298307,M,0
298.3,310.1,1523,45.9,99,11.800000000000011,7320.5077854684005,L,0
298.3,310.0,1460,47.6,101,11.699999999999989,7277.604101795876,L,0
298.4,310.0,1554,37.3,103,11.600000000000023,6069.996829706982,L,0
298.3,310.0,1419,47.1,105,11.699999999999989,6998.934361446949,H,0
298.3,310.0,1442,43.9,110,11.699999999999989,6629.158434143918,L,0
298.3,309.9,1507,41.6,112,11.599999999999966,6565.007112157616,L,0
298.3,310.0,1858,23.9,114,11.699999999999989,4650.2063897946355,L,0
298.3,309.9,1463,43.9,116,11.599999999999966,6725.6995763887335,L,0
298.2,309.7,1585,37.4,118,11.5,6207.68236373831,L,0
298.0,309.6,1536,37.3,120,11.600000000000023,5999.687986119643,L,0
298.0,309.6,1403,51.3,122,11.600000000000023,7537.0891830068795,L,0
297.9,309.6,1515,38.8,124,11.700000000000045,6155.63664544384,M,0
297.9,309.5,1390,47.9,127,11.600000000000023,6972.346015622067,L,0
297.8,309.4,1226,58.7,129,11.599999999999966,7536.282840892459,M,0
297.8,309.4,1495,36.5,132,11.599999999999966,5714.295237492034,M,0
297.7,309.4,1608,30.2,135,11.699999999999989,5085.35886021887,H,0
297.7,309.4,1392,44.1,140,11.699999999999989,6428.452551481579,L,0
297.7,309.4,1461,43.7,142,11.699999999999989,6685.906069443262,M,0
297.7,309.3,1559,36.9,145,11.600000000000023,6024.223824744179,L,0
297.7,309.3,1400,48.9,147,11.600000000000023,7169.114435491906,H,0
297.7,309.2,1732,28.8,152,11.5,5223.588936976821,M,0
297.6,309.2,1611,33.1,155,11.599999999999966,5584.08669397625,L,0
297.6,309.1,1503,38.9,157,11.5,6122.618506654611,L,0
297.7,309.2,1391,44.5,159,11.5,6482.10048202938,L,0
297.8,309.3,2015,20.1,161,11.5,4241.307161978901,L,0
297.8,309.2,1683,30.9,163,11.399999999999977,5445.919449071371,L,0
297.7,309.1,1435,38.8,165,11.400000000000034,5830.586525552417,L,0
297.7,309.1,1732,28.1,167,11.400000000000034,5096.626705869746,M,0
297.7,309.2,1365,58.6,170,11.5,8376.428492266465,L,0
297.7,309.1,1562,36.8,172,11.400000000000034,6019.459075886235,L,0
297.6,309.1,1449,49.1,174,11.5,7450.381225767803,L,0
297.7,309.2,1700,27.4,176,11.5,4877.846193473752,M,0
297.6,309.0,1427,45.6,179,11.399999999999977,6814.240129342405,M,0
297.6,308.9,1479,38.1,182,11.299999999999955,5900.947729017316,M,0
297.5,308.9,1469,44.0,185,11.399999999999977,6768.666091914329,L,0
297.5,308.9,1390,47.4,187,11.399999999999977,6899.565785813903,L,0
297.5,308.9,1729,28.1,189,11.399999999999977,5087.7988305131585,L,0
297.5,309.0,1470,43.5,191,11.5,6696.304741126643,L,0
297.5,308.9,1459,48.5,193,11.399999999999977,7410.126951899805,L,0
297.5,308.9,1738,24.0,195,11.399999999999977,4368.070425551248,L,0
297.5,308.9,1471,37.7,197,11.399999999999977,5807.412043744436,H,0
297.6,309.0,1822,25.4,202,11.399999999999977,4846.304603231711,L,0
297.5,308.9,1554,34.8,204,11.399999999999977,5663.1605810671035,L,0
297.6,308.9,1433,43.2,206,11.299999999999955,6482.739272535609,M,0
297.6,308.9,1449,47.7,209,11.299999999999955,7237.946730532061,L,0
297.8,309.0,1456,41.2,0,11.199999999999989,6281.844894314056,L,0
297.8,309.1,1424,45.5,2,11.300000000000011,6785.002373712997,M,0
297.9,309.2,1577,34.7,5,11.300000000000011,5730.463967682511,H,0
297.9,309.2,1478,39.7,10,11.300000000000011,6144.599183254229,L,0
297.8,309.2,1295,61.2,12,11.399999999999977,8299.459472253515,M,0
297.8,309.2,1372,47.3,15,11.399999999999977,6795.851340343393,L,0
297.8,309.1,1432,42.6,17,11.300000000000011,6388.240165515629,M,0
297.7,309.0,1656,33.2,20,11.300000000000011,5757.408360674798,M,0
297.8,309.0,1410,48.8,23,11.199999999999989,7205.55691027355,H,0
297.7,309.0,1874,24.4,28,11.300000000000011,4788.373634699515,L,0
297.7,309.0,1538,43.2,30,11.300000000000011,6957.748081758387,L,0
297.7,309.0,1636,29.7,32,11.300000000000011,5088.249125460173,M,0
297.7,309.0,1504,40.4,35,11.300000000000011,6362.939872678719,M,0
297.7,309.0,1531,42.4,38,11.300000000000011,6797.820071739642,M,0
297.6,309.0,1735,26.4,41,11.399999999999977,4796.583663500896,H,0
297.6,309.0,1354,55.6,46,11.399999999999977,7883.554492820275,H,0
297.6,309.0,1413,40.2,51,11.399999999999977,5948.3543621599865,H,0
297.7,309.1,1563,39.3,56,11.400000000000034,6432.505206004708,L,0
297.7,309.1,1479,42.1,58,11.400000000000034,6520.4698003052235,L,0
297.7,309.1,1477,38.3,60,11.400000000000034,5923.902299339545,L,0
297.6,309.1,1394,50.0,62,11.5,7298.966931840286,L,0
297.6,309.0,1487,45.4,64,11.399999999999977,7069.609724177208,L,0
297.6,309.0,1815,25.3,66,11.399999999999977,4808.678795217217,M,0
297.6,308.8,1453,39.7,69,11.199999999999989,6040.664826297966,M,0
297.6,308.8,1539,40.2,72,11.199999999999989,6478.780865792088,L,0
297.5,308.7,1416,39.2,74,11.199999999999989,5812.70039137798,H,0
297.6,308.8,1683,31.6,79,11.199999999999989,5569.2897925778425,M,0
297.7,308.8,1515,40.1,82,11.100000000000023,6361.882203152011,L,0
297.7,308.9,1531,48.3,84,11.199999999999989,7743.743147760017,M,0
297.7,308.9,1479,40.9,87,11.199999999999989,6334.613178918851,H,0
297.7,308.9,1516,33.7,92,11.199999999999989,5350.048513259322,L,0
297.7,309.0,1507,38.2,94,11.300000000000011,6028.444030875503,L,0
297.8,309.0,1434,43.3,96,11.199999999999989,6502.2799788409375,M,0
297.7,308.9,1838,27.3,99,11.199999999999989,5254.565040541216,L,0
297.6,308.8,1416,45.9,101,11.199999999999989,6806.197652149215,M,0
297.6,308.8,1357,49.7,104,11.199999999999989,7062.603972559702,M,0
297.5,308.7,1697,28.1,107,11.199999999999989,4993.634826709561,M,0
297.5,308.7,1443,46.2,110,11.199999999999989,6981.310026660311,L,0
297.5,308.7,1453,37.6,112,11.199999999999989,5721.133437501348,L,0
297.4,308.6,1439,46.4,114,11.200000000000045,6992.096161437634,L,0
297.4,308.6,1609,36.2,116,11.200000000000045,6099.485912748679,L,0
297.4,308.6,1324,59.1,118,11.200000000000045,8194.153286505185,L,0
297.4,308.6,1420,45.8,120,11.200000000000045,6810.553993962192,H,0
297.4,308.7,1545,36.9,125,11.300000000000011,5970.125599249363,L,0
297.5,308.8,1477,39.0,127,11.300000000000011,6032.172054157761,L,0
297.4,308.8,1447,58.1,129,11.400000000000034,8803.863116738381,L,0
297.4,308.9,1809,23.8,131,11.5,4508.625280872856,L,0
297.5,308.9,1696,30.9,133,11.399999999999977,5487.985374702937,L,0
297.5,308.9,1427,44.7,135,11.399999999999977,6679.748547842227,L,0
297.4,308.9,1500,46.3,137,11.5,7272.786993060371,M,0
297.5,308.9,1390,44.6,140,11.399999999999977,6491.996498888188,L,0
297.4,308.8,1640,34.2,142,11.400000000000034,5873.521625151478,L,0
297.4,308.8,1628,37.4,144,11.400000000000034,6376.092673921749,M,0
297.3,308.6,1499,37.6,147,11.300000000000011,5902.256725956312,H,0
297.4,308.7,1425,50.3,152,11.300000000000011,7506.050247589412,M,0
297.3,308.6,1586,37.7,155,11.300000000000011,6261.424542065722,L,0
297.3,308.6,1471,50.7,157,11.300000000000011,7809.96792089769,M,0
297.3,308.6,1431,53.0,160,11.300000000000011,7942.2603875403565,M,0
297.2,308.6,1924,22.1,163,11.400000000000034,4452.725875589982,L,0
297.1,308.4,1421,42.0,165,11.299999999999955,6249.884425051535,M,0
297.0,308.4,1305,54.6,168,11.399999999999977,7461.596711541118,H,0
296.9,308.4,1557,32.4,173,11.5,5282.776542570452,L,0
296.9,308.3,1555,38.2,175,11.400000000000034,6220.45817386291,L,0
296.9,308.3,1474,39.2,177,11.400000000000034,6050.791226618038,H,0
296.8,308.3,1506,45.9,182,11.5,7238.79496054853,L,0
296.9,308.4,1390,41.8,184,11.5,6084.427211962471,L,0
296.9,308.4,1450,46.9,186,11.5,7121.466946912463,M,0
296.9,308.3,1513,38.8,189,11.400000000000034,6147.510392446555,L,0
296.8,308.2,1643,34.7,191,11.399999999999977,5970.293150857555,L,0
296.8,308.2,1361,53.8,193,11.399999999999977,7667.768965420704,L,0
296.7,308.1,1450,40.9,195,11.400000000000034,6210.4050773714225,L,0
296.7,308.0,1451,50.7,197,11.300000000000011,7703.782089206355,L,0
296.8,308.1,1289,62.0,199,11.300000000000011,8368.99338965297,L,1
296.8,308.1,1356,48.3,201,11.300000000000011,6858.599417611092,L,0
296.7,308.1,1528,46.3,203,11.400000000000034,7408.545683597497,H,0
296.6,308.0,1978,22.3,208,11.399999999999977,4619.125566475121,L,0
296.7,308.0,1535,36.8,210,11.300000000000011,5915.40952719934,L,0
296.8,308.1,1843,24.2,212,11.300000000000011,4670.563910189898,M,0
296.9,308.1,1422,48.7,215,11.200000000000045,7251.989649693606,L,0
296.8,308.0,1536,40.4,217,11.199999999999989,6498.321572097415,L,0
296.9,308.1,1483,44.3,219,11.200000000000045,6879.763280120775,M,0
296.8,308.1,1492,43.7,222,11.300000000000011,6827.769921703865,H,0
296.8,308.0,1584,40.4,227,11.199999999999989,6701.3941212254595,L,0
296.9,308.1,1555,33.7,229,11.200000000000045,5487.681687413091,L,0
296.8,308.0,1497,41.7,231,11.199999999999989,6537.120241369249,L,0
296.7,307.8,1537,36.3,233,11.100000000000023,5842.6397693666895,M,0
296.7,307.8,1505,39.4,236,11.100000000000023,6209.567319330465,L,0
296.7,307.8,1646,34.6,238,11.100000000000023,5963.957605672816,L,0
296.7,307.8,1286,60.5,0,11.100000000000023,8147.511107574889,M,0
296.7,307.8,1400,47.5,3,11.100000000000023,6963.8637154573735,L,0
296.8,307.9,1337,56.5,5,11.099999999999966,7910.582661616658,L,0
296.9,308.0,1332,53.9,7,11.100000000000023,7518.3338748649485,L,0
296.8,308.0,1561,38.3,9,11.199999999999989,6260.806695510514,L,0
296.9,308.0,1546,31.1,11,11.100000000000023,5034.988658006313,L,0
296.9,308.0,1713,29.3,13,11.100000000000023,5255.978757235332,L,0
296.9,308.0,1343,44.5,15,11.100000000000023,6258.419085093786,L,0
296.8,308.0,1391,54.4,17,11.199999999999989,7924.185757806703,L,0
296.8,308.0,1311,58.6,19,11.199999999999989,8045.053299165814,H,0
296.8,308.0,1453,51.0,24,11.199999999999989,7760.048013632148,H,0
296.8,308.0,1510,39.4,29,11.199999999999989,6230.197111089037,L,0
296.8,307.9,1448,48.8,31,11.099999999999966,7399.749224167446,L,0
296.7,307.8,1453,46.0,33,11.100000000000023,6999.258992687819,L,0
296.7,307.8,1468,39.2,35,11.100000000000023,6026.161140213894,L,0
296.7,307.8,1382,47.5,37,11.100000000000023,6874.328324830065,L,0
296.7,308.0,1580,32.2,39,11.300000000000011,5327.722261467811,L,0
296.8,308.0,1666,29.8,41,11.199999999999989,5199.000738474725,L,0
296.9,308.0,1409,50.7,43,11.100000000000023,7480.791842654551,M,0
296.8,308.0,1675,29.7,46,11.199999999999989,5209.546017815274,L,0
296.8,307.9,1698,30.8,48,11.099999999999966,5476.675641150014,L,0
296.7,307.9,1579,33.4,50,11.199999999999989,5522.773277353688,H,0
296.7,307.9,1743,27.9,55,11.199999999999989,5092.490275542518,L,0
296.9,308.0,1497,44.8,57,11.100000000000023,7023.093208953053,M,0
296.9,308.1,1741,28.8,60,11.200000000000045,5250.732297503838,L,0
296.9,308.1,1435,45.3,62,11.200000000000045,6807.360041431043,L,0
296.9,308.1,1440,46.3,64,11.200000000000045,6981.875513337955,M,0
296.9,308.0,1641,33.3,67,11.100000000000023,5722.442434440343,M,0
296.8,307.9,1420,45.4,70,11.099999999999966,6751.073173054226,L,0
296.8,307.9,1611,35.4,72,11.099999999999966,5972.104802621125,L,0
296.8,307.8,1373,42.9,74,11.0,6168.171600131664,L,0
296.8,307.9,1683,31.8,76,11.099999999999966,5604.538462151119,M,0
296.9,307.9,1547,32.6,79,11.0,5281.247634145706,H,0
296.9,307.8,1605,37.0,84,10.900000000000034,6218.782657780996,L,0
296.9,307.9,2010,18.9,86,11.0,3978.1987772407547,M,0
296.8,307.7,1565,40.1,89,10.899999999999977,6571.845312166927,L,0
296.9,307.8,1828,24.6,91,10.900000000000034,4709.121724024956,M,0
297.0,307.8,1579,34.1,94,10.800000000000011,5638.5200226874485,M,0
297.0,307.9,1882,24.2,97,10.899999999999977,4769.398415071832,M,0
296.9,307.8,1285,52.1,100,10.900000000000034,7010.830525628543,L,0
296.9,307.8,1571,35.0,102,10.900000000000034,5758.015735254492,L,0
296.9,307.8,1549,37.8,104,10.900000000000034,6131.572045717342,H,0
296.9,307.8,1544,37.6,109,10.900000000000034,6079.442551618777,M,0
297.0,307.9,1412,47.4,112,10.899999999999977,7008.767546452686,M,0
297.0,307.9,1422,53.0,115,10.899999999999977,7892.309064348277,M,0
297.0,307.7,1867,22.8,118,10.699999999999989,4457.668648031629,L,0
296.9,307.7,1424,43.3,120,10.800000000000011,6456.9363248741265,L,0
296.9,307.6,1452,45.7,122,10.700000000000045,6948.825958622192,L,0
296.9,307.7,1550,39.7,124,10.800000000000011,6443.930131288264,L,0
296.8,307.6,1588,37.6,126,10.800000000000011,6252.690914488741,L,0
296.8,307.6,1338,44.4,128,10.800000000000011,6221.107436344651,L,0
296.8,307.6,1513,40.0,130,10.800000000000011,6337.639579841809,L,0
296.8,307.5,1470,45.9,132,10.699999999999989,7065.756037188803,M,0
296.8,307.5,1516,36.7,135,10.699999999999989,5826.313959543535,M,0
296.8,307.6,1434,48.3,138,10.800000000000011,7253.120623048899,L,0
296.8,307.6,1368,52.0,140,10.800000000000011,7449.344500192116,L,0
296.8,307.6,1304,48.7,142,10.800000000000011,6650.207104922971,L,0
296.8,307.6,1398,46.7,144,10.800000000000011,6836.79676459518,L,0
296.7,307.6,1516,37.4,146,10.900000000000034,5937.442563676517,L,0
296.7,307.6,1474,41.7,148,10.900000000000034,6436.683524233985,L,0
296.7,307.6,1547,34.7,150,10.900000000000034,5621.450702602944,M,0
296.6,307.5,1482,39.9,153,10.899999999999977,6192.267615784698,M,0
296.6,307.4,1436,42.8,156,10.799999999999955,6436.159925458384,L,0
296.6,307.3,1474,40.0,158,10.699999999999989,6174.276761855141,L,0
296.5,307.2,1481,38.2,160,10.699999999999989,5924.436370090657,L,0
296.5,307.3,1501,42.1,162,10.800000000000011,6617.461237497053,L,0
296.5,307.3,1566,37.2,164,10.800000000000011,6100.470278446804,L,0
296.5,307.3,1579,34.5,166,10.800000000000011,5704.661020021025,L,0
296.6,307.4,1631,35.0,168,10.799999999999955,5977.927221005777,L,0
296.6,307.4,1544,42.3,170,10.799999999999955,6839.372870571123,M,0
296.6,307.4,1521,38.6,173,10.799999999999955,6148.159654928296,L,0
296.6,307.4,1616,28.0,175,10.799999999999955,4738.359479654365,L,0
296.6,307.4,1333,50.2,177,10.799999999999955,7007.489965440226,H,0
296.7,307.4,1533,32.5,182,10.699999999999989,5217.399999449249,M,0
296.6,307.4,1368,45.1,185,10.799999999999955,6460.873787666625,L,0
296.6,307.4,1465,47.8,187,10.799999999999955,7333.210291764414,L,0
296.6,307.4,1406,41.5,189,10.799999999999955,6110.2929914770275,H,0
296.5,307.4,1565,43.5,194,10.899999999999977,7129.059129158637,M,0
296.6,307.5,1582,37.9,197,10.899999999999977,6278.766133513536,L,0
296.6,307.5,1439,45.5,199,10.899999999999977,6856.473606582163,L,0
296.6,307.5,1566,35.0,201,10.899999999999977,5739.689778108552,M,0
296.6,307.5,1485,42.7,204,10.899999999999977,6640.227312260067,L,0
296.5,307.5,1566,35.1,206,11.0,5756.088891760291,L,0
296.3,307.3,1439,41.5,208,11.0,6253.706696113401,L,0
296.4,307.4,1416,50.0,210,11.0,7414.158662471912,M,0
296.4,307.4,2833,5.6,213,11.0,1661.3579710223783,L,1
296.3,307.4,1465,47.1,215,11.099999999999966,7225.820182889204,L,0
296.4,307.4,1586,35.5,0,11.0,5896.036372502204,H,0
296.3,307.3,1567,31.4,5,11.0,5152.609886956715,L,0
296.2,307.2,1389,48.6,7,11.0,7069.14895725468,M,0
296.3,307.3,1368,49.5,10,11.0,7091.2029376828805,M,0
296.3,307.3,1444,49.0,13,11.0,7409.550993246646,L,0
296.3,307.3,1498,41.6,15,11.0,6525.800035840814,M,0
296.1,307.2,1615,30.8,18,11.099999999999966,5208.970059162117,L,0
296.1,307.1,1898,22.7,20,11.0,4511.808761428493,L,0
296.1,307.1,1350,53.3,22,11.0,7535.109979635118,M,0
296.2,307.0,1516,37.6,25,10.800000000000011,5969.1935934287985,M,0
296.2,307.0,1542,40.6,28,10.800000000000011,6556.001213217324,H,0
296.1,306.9,1541,32.6,33,10.799999999999955,5260.7644500443,H,0
296.1,306.9,1951,23.3,38,10.799999999999955,4760.38204415603,M,0
296.1,306.8,1645,31.0,41,10.699999999999989,5340.18391232705,H,0
296.0,306.7,1416,44.2,46,10.699999999999989,6554.116257625171,L,0
296.0,306.7,2044,22.3,48,10.699999999999989,4773.252102060236,M,0
295.9,306.6,1414,50.2,51,10.700000000000045,7433.301433707785,L,0
295.9,306.6,1678,26.7,53,10.700000000000045,4691.717300724069,L,0
295.9,306.5,1594,33.2,55,10.600000000000023,5541.853216736491,H,0
295.8,306.5,1514,37.7,60,10.699999999999989,5977.173238768916,M,0
295.8,306.5,1358,49.2,63,10.699999999999989,6996.703830662901,L,0
295.8,306.4,1325,56.2,65,10.599999999999966,7797.956564985466,L,0
295.8,306.4,1339,53.2,67,10.599999999999966,7459.690811997941,L,0
295.8,306.4,1335,51.7,69,10.599999999999966,7227.7051384813585,M,0
295.9,306.4,1892,21.7,72,10.5,4299.4161540948,L,0
295.9,306.4,1575,28.5,74,10.5,4700.608007933728,L,0
295.8,306.3,1444,45.5,76,10.5,6880.297350871885,M,0
295.7,306.3,1915,22.4,79,10.600000000000023,4492.058615612925,L,0
295.6,306.2,1584,33.6,81,10.599999999999966,5573.43669488058,M,0
295.7,306.3,1685,34.9,84,10.600000000000023,6158.202279444273,M,0
295.8,306.3,1337,54.6,87,10.5,7644.5630676861865,L,0
295.8,306.3,1235,76.2,89,10.5,9854.861995045823,M,1
295.7,306.2,1464,46.2,92,10.5,7082.909133077404,L,0
295.7,306.2,1739,25.9,94,10.5,4716.588242564988,M,0
295.7,306.3,1490,34.3,97,10.600000000000023,5351.912524900452,L,0
295.8,306.4,1356,48.0,99,10.599999999999966,6815.999421228415,L,0
295.7,306.2,1397,52.0,101,10.5,7607.261890912564,L,0
295.7,306.2,1458,40.6,103,10.5,6198.864960357236,L,0
295.7,306.2,2161,16.5,105,10.5,3733.939948424149,H,0
295.6,306.1,1651,28.1,110,10.5,4858.274071241888,M,0
295.6,306.1,1389,46.2,113,10.5,6720.0551815877825,L,0
295.6,306.0,1370,52.4,115,10.399999999999977,7517.621780530135,L,0
295.7,306.1,1408,47.9,117,10.400000000000034,7062.6353884862365,L,0
295.7,306.1,1343,54.4,119,10.400000000000034,7650.741533238246,L,0
295.7,306.2,1423,42.5,121,10.5,6333.188990249224,M,0
295.6,306.2,1426,48.6,124,10.599999999999966,7257.456020910853,L,0
295.6,306.2,1435,51.6,126,10.599999999999966,7754.078987590328,M,0
295.5,306.1,1573,35.1,129,10.600000000000023,5781.818535593192,L,0
295.6,306.2,1612,31.2,131,10.599999999999966,5266.817251890216,L,0
295.6,306.2,1446,49.9,133,10.599999999999966,7556.095818561099,L,0
295.6,306.2,1329,55.3,135,10.599999999999966,7696.242266837739,H,0
295.6,306.2,1569,35.1,140,10.599999999999966,5767.115881974391,L,0
295.6,306.1,1256,62.3,142,10.5,8194.195174407234,H,0
295.6,306.1,1383,48.7,147,10.5,7053.095418794837,L,0
295.7,306.2,2270,14.6,149,10.5,3470.622124175764,L,1
295.7,306.2,1458,49.8,151,10.5,7603.533867630304,H,0
295.6,306.1,1474,41.2,156,10.5,6359.5050647107955,L,0
295.6,306.1,1462,49.2,158,10.5,7532.533873659177,M,0
295.6,306.1,1669,29.0,161,10.5,5068.540867546652,M,0
295.5,306.1,1822,24.3,164,10.600000000000023,4636.425270020889,M,0
295.5,306.0,1456,39.2,167,10.5,5976.900967405606,L,0
295.5,306.0,1546,35.9,169,10.5,5812.093016798283,L,0
295.6,306.1,1490,42.7,171,10.5,6662.5849799781145,M,0
295.6,306.0,1569,40.4,174,10.399999999999977,6637.933949622946,L,0
295.5,306.0,1621,29.5,176,10.5,5007.64632994457,L,0
295.4,305.9,1518,40.6,178,10.5,6453.962283828729,M,0
295.4,305.8,1526,38.2,181,10.400000000000034,6104.4496291413525,M,0
295.3,305.8,1589,36.2,184,10.5,6023.668810042046,M,0
295.3,305.7,1475,51.0,187,10.399999999999977,7877.543578876406,L,0
295.3,305.7,1473,38.5,189,10.399999999999977,5938.709672713466,M,0
295.4,305.8,1407,50.7,192,10.400000000000034,7470.1732594854175,L,0
295.5,305.9,1518,44.1,194,10.399999999999977,7010.338342779481,M,0
295.5,305.9,1593,37.2,197,10.399999999999977,6205.65080048899,H,0
295.5,305.9,1380,52.4,202,10.399999999999977,7572.494932212839,M,0
295.5,306.0,1423,45.3,205,10.5,6750.4343825479955,M,0
295.5,306.0,1800,27.6,208,10.5,5202.477434344697,L,0
295.6,306.1,1623,30.9,210,10.5,5251.769023079521,H,0
295.6,306.1,1372,55.6,215,10.5,7988.358023744031,L,1
295.6,306.0,1396,52.4,0,10.399999999999977,7660.29197490516,H,0
295.6,306.0,1949,21.9,5,10.399999999999977,4469.76377974795,L,0
295.6,306.0,1419,51.1,7,10.399999999999977,7593.323691506138,L,0
295.5,305.9,1453,47.3,9,10.399999999999977,7197.064138133344,M,0
295.5,305.9,1542,36.2,12,10.399999999999977,5845.498618681457,L,0
295.6,306.0,1363,50.0,14,10.399999999999977,7136.651311404813,L,0
295.5,306.0,1597,37.2,16,10.5,6221.233100050796,L,0
295.5,306.0,1326,50.8,18,10.5,7054.006480664377,M,0
295.5,306.0,1641,36.6,21,10.5,6289.531324339838,M,0
295.6,306.1,1418,46.2,24,10.5,6860.358709497104,M,0
295.6,306.2,1263,61.8,27,10.599999999999966,8173.732934256851,L,0
295.6,306.2,1823,25.8,29,10.599999999999966,4925.326130445006,L,0
295.5,306.1,1488,40.7,31,10.600000000000023,6341.995921654788,L,0
295.6,306.2,1443,48.9,33,10.599999999999966,7389.308664582017,L,0
295.6,306.2,1650,28.2,35,10.599999999999966,4872.6102057177695,L,0
295.7,306.3,1462,44.3,37,10.600000000000023,6782.342491932956,M,0
295.6,306.2,1477,45.0,40,10.599999999999966,6960.198524028186,M,0
295.7,306.3,1712,28.5,43,10.600000000000023,5109.486291798439,M,0
295.7,306.3,1347,50.4,46,10.600000000000023,7109.298511367559,M,0
295.6,306.2,1287,54.8,49,10.599999999999966,7385.633001177316,L,0
295.6,306.2,1428,44.5,51,10.599999999999966,6654.5215588339,L,0
295.6,306.3,1426,45.5,53,10.699999999999989,6794.531871428884,M,0
295.6,306.3,1636,32.7,56,10.699999999999989,5602.2136835874635,L,0
295.6,306.2,1424,42.5,58,10.599999999999966,6337.63957984181,L,0
295.6,306.3,1509,35.8,60,10.699999999999989,5657.191555025283,H,0
295.5,306.2,1448,48.9,65,10.699999999999989,7414.912644708774,L,0
295.5,306.1,1650,32.8,67,10.600000000000023,5667.433147075986,L,0
295.6,306.2,1414,42.5,69,10.599999999999966,6293.133683915953,H,0
295.6,306.3,1911,20.9,74,10.699999999999989,4182.496547503699,L,0
295.6,306.2,1632,32.2,76,10.599999999999966,5503.06501944017,H,0
295.7,306.4,1387,40.1,81,10.699999999999989,5824.37664407382,M,0
295.8,306.4,1399,47.6,84,10.599999999999966,6973.539820830432,L,0
295.8,306.5,1505,35.2,86,10.699999999999989,5547.633747219096,L,0
295.8,306.5,1534,37.9,88,10.699999999999989,6088.259954999851,L,0
295.8,306.5,1493,40.5,90,10.699999999999989,6332.037072942908,L,0
295.8,306.6,1480,43.2,92,10.800000000000011,6695.362263330568,M,0
295.8,306.6,1621,31.6,95,10.800000000000011,5364.122848347405,L,0
295.7,306.5,1737,26.2,97,10.800000000000011,4765.733223642644,L,0
295.8,306.6,1508,46.5,99,10.800000000000011,7343.1586685007815,L,0
295.8,306.5,1641,32.2,101,10.699999999999989,5533.412804473846,M,0
295.9,306.6,1532,38.6,104,10.700000000000045,6192.6236629521045,M,0
295.9,306.7,1547,40.9,107,10.800000000000011,6625.859761857649,L,0
295.9,306.6,1412,41.0,109,10.700000000000045,6062.436063387344,L,0
295.8,306.5,1568,35.1,111,10.699999999999989,5763.440218569691,L,0
295.9,306.6,1557,41.1,113,10.700000000000045,6701.2998734458515,L,0
295.8,306.6,1644,35.2,115,10.800000000000011,6060.006565068568,L,0
295.9,306.6,1679,30.4,117,10.700000000000045,5345.063852915626,L,0
296.0,306.6,1511,35.2,119,10.600000000000023,5569.750559500369,L,0
296.0,306.6,1628,36.8,121,10.600000000000023,6273.802417120865,M,0
296.0,306.6,1392,51.3,124,10.600000000000023,7477.995825192856,M,0
296.0,306.7,1917,21.0,127,10.699999999999989,4215.703181852144,L,0
296.2,306.8,1526,42.3,129,10.600000000000023,6759.639249023015,M,0
296.2,306.8,1389,53.3,132,10.600000000000023,7752.790934602354,L,0
296.1,306.7,1409,42.8,134,10.599999999999966,6315.145776442106,L,0
296.2,306.8,1655,31.1,136,10.600000000000023,5389.978155886449,L,0
296.2,306.9,1516,39.1,138,10.699999999999989,6207.326316570904,L,0
296.2,306.9,1526,34.9,140,10.699999999999989,5577.101886309769,L,0
296.3,307.1,1419,48.6,142,10.800000000000011,7221.8303602191445,L,0
296.4,307.2,1748,25.3,144,10.800000000000011,4631.168338313882,L,0
296.4,307.1,1638,32.5,146,10.700000000000045,5574.756163795088,H,0
296.3,307.1,1534,33.8,151,10.800000000000011,5429.6355271502625,M,0
296.3,307.1,1774,25.9,154,10.800000000000011,4811.51670058096,H,0
296.2,307.0,2119,18.3,159,10.800000000000011,4060.7912481036306,M,0
296.2,307.0,1414,48.3,162,10.800000000000011,7151.961339603306,L,0
296.1,307.0,1523,42.0,164,10.899999999999977,6698.503855984157,M,0
296.1,307.1,1651,35.7,167,11.0,6172.255670581331,L,0
296.1,307.1,1485,36.0,169,11.0,5598.318108697012,M,0
296.2,307.2,1168,63.4,172,11.0,7754.623530316949,M,0
296.3,307.3,1566,35.8,175,11.0,5870.882687322461,L,0
296.3,307.2,1286,51.1,177,10.899999999999977,6881.6168197863935,M,0
296.3,307.2,1446,45.9,180,10.899999999999977,6950.396754948986,M,0
296.4,307.2,2071,19.4,183,10.800000000000011,4207.367489344619,M,0
296.3,307.1,1560,33.2,186,10.800000000000011,5423.645557157419,L,0
296.3,307.1,1654,29.6,188,10.800000000000011,5126.911659050351,L,0
296.3,307.1,1662,32.9,190,10.800000000000011,5726.055265991971,L,0
296.3,307.2,1646,35.0,192,10.899999999999977,6032.9050924436,L,0
296.2,307.1,1444,46.7,194,10.900000000000034,7061.7557425432315,L,0
296.3,307.2,1424,42.0,196,10.899999999999977,6263.079114196612,H,0
296.2,307.2,1382,52.0,201,11.0,7525.580481919229,L,0
296.2,307.1,1413,53.4,203,10.900000000000034,7901.545346749832,L,0
296.2,307.2,1633,31.1,0,11.0,5318.328899433578,M,0
296.2,307.1,1441,41.7,3,10.900000000000034,6292.578669213821,L,0
296.2,307.2,1385,44.0,5,11.0,6381.621876992067,M,0
296.2,307.2,1552,34.8,8,11.0,5655.872086110775,M,0
296.2,307.3,1451,42.8,11,11.100000000000023,6503.390008245206,M,0
296.1,307.1,1433,38.5,14,11.0,5777.441249829189,M,0
296.1,307.2,1619,29.7,17,11.099999999999966,5035.376121100257,M,0
296.2,307.2,1445,41.8,20,11.0,6325.177928982569,L,0
296.2,307.2,1356,43.6,22,11.0,6191.199474282476,L,0
296.3,307.2,1319,68.3,24,10.899999999999977,9433.961883293374,M,1
296.3,307.2,1637,31.6,27,10.899999999999977,5417.069156535904,L,0
296.3,307.2,1291,58.6,29,10.899999999999977,7922.321746165574,L,0
296.3,307.3,1398,52.7,31,11.0,7715.186070538886,L,0
296.3,307.3,1372,57.7,33,11.0,8290.076582194795,L,0
296.3,307.2,1454,42.5,35,10.899999999999977,6471.1572676193755,M,0
296.2,307.2,1515,36.5,38,11.0,5790.740658729386,L,0
296.2,307.3,1881,24.3,40,11.100000000000023,4786.561982935946,L,0
296.2,307.3,1711,29.9,42,11.100000000000023,5357.347480191162,L,0
296.2,307.3,1475,37.0,44,11.100000000000023,5715.080635655432,L,0
296.4,307.4,1512,36.8,46,11.0,5826.774726466061,L,0
296.3,307.4,1335,50.5,48,11.099999999999966,7059.944090779663,M,0
296.3,307.4,1472,39.9,51,11.099999999999966,6150.484433491953,L,0
296.2,307.3,1477,35.2,53,11.100000000000023,5444.421956573159,M,0
296.3,307.4,1760,28.4,56,11.099999999999966,5234.3122399010745,L,0
296.4,307.5,1549,36.1,58,11.100000000000023,5855.813514560743,L,0
296.3,307.4,1648,34.0,60,11.099999999999966,5867.657318864775,L,0
296.4,307.5,1556,38.0,62,11.100000000000023,6191.869680715244,H,0
296.3,307.4,1958,19.1,67,11.099999999999966,3916.288458014013,M,0
296.4,307.4,1403,48.4,70,11.0,7111.01591535152,L,0
296.4,307.5,1684,31.4,72,11.100000000000023,5537.329323315322,M,0
296.4,307.5,1596,35.1,75,11.100000000000023,5866.358793901293,H,0
296.6,307.6,1498,41.1,80,11.0,6447.364939256189,L,0
296.7,307.7,1524,36.8,82,11.0,5873.0189703269025,L,0
296.7,307.7,1502,43.9,84,11.0,6904.990269129101,L,0
296.6,307.6,1809,25.1,86,11.0,4754.89472898776,L,0
296.6,307.6,1542,37.4,88,11.0,6039.272053554874,L,0
296.5,307.6,1431,45.2,90,11.100000000000023,6773.399424845738,L,0
296.5,307.6,1512,43.6,92,11.100000000000023,6903.461360704356,L,0
296.4,307.5,1403,52.8,94,11.100000000000023,7757.471907656203,H,0
296.4,307.5,1331,47.8,99,11.100000000000023,6662.459316271968,L,0
296.6,307.7,1474,52.6,101,11.099999999999966,8119.173941839511,M,0
296.5,307.6,1607,33.5,104,11.100000000000023,5637.535656989324,L,0
296.5,307.6,1415,44.2,106,11.100000000000023,6549.487644448882,L,0
296.6,307.6,1671,28.8,108,11.0,5039.617271182603,L,0
296.6,307.7,1556,37.7,110,11.099999999999966,6142.986499025386,L,0
296.7,307.7,1927,23.9,112,11.0,4822.899737962466,L,0
296.7,307.7,1597,32.1,114,11.0,5368.3221105277025,M,0
296.8,307.8,1627,30.5,117,11.0,5196.560768180437,H,0
296.8,307.8,1480,39.4,122,11.0,6106.4183605376,L,0
296.8,307.8,1565,39.5,124,11.0,6473.513462109567,L,0
296.8,307.8,1573,36.4,126,11.0,5995.9599628373835,L,0
296.7,307.8,1605,31.3,128,11.100000000000023,5260.7539780687885,L,0
296.7,307.9,1874,21.3,130,11.199999999999989,4180.014689307363,M,0
296.7,307.9,1424,53.8,133,11.199999999999989,8022.706103423279,H,0
296.7,307.9,1420,50.1,138,11.199999999999989,7449.972818722835,L,0
296.8,307.9,1372,49.0,140,11.099999999999966,7040.099697184488,L,0
296.8,307.8,1664,32.8,142,11.0,5715.520458626935,M,0
296.8,307.9,1409,44.3,145,11.099999999999966,6536.470978887507,M,0
296.8,307.9,1718,25.2,148,11.099999999999966,4533.695190248502,L,0
296.9,307.8,1544,40.3,150,10.900000000000034,6515.998266761613,M,0
296.9,307.8,1466,45.7,153,10.900000000000034,7015.82565794775,L,0
296.8,307.8,1394,47.7,155,11.0,6963.214452975633,L,0
296.9,307.8,1840,24.6,157,10.900000000000034,4740.0349957362805,M,0
296.9,307.8,1477,37.2,160,10.900000000000034,5753.764113196634,M,0
296.9,307.8,1425,49.1,163,10.900000000000034,7326.979466334794,L,0
297.0,307.9,1414,46.2,165,10.899999999999977,6841.0064987509895,M,0
297.0,307.8,1414,47.5,168,10.800000000000011,7033.502352611948,L,0
297.0,307.9,1595,31.7,170,10.899999999999977,5294.787898482678,L,0
296.9,307.8,1345,54.5,172,10.900000000000034,7676.21984965886,H,0
296.9,307.7,1653,35.9,177,10.800000000000011,6214.353012139433,L,0
296.8,307.6,1547,36.5,179,10.800000000000011,5913.053332709149,L,0
296.9,307.7,1656,30.8,181,10.800000000000011,5341.210165927222,H,0
297.0,307.7,1731,28.5,186,10.699999999999989,5166.192039195735,L,0
297.0,307.8,1774,28.0,188,10.800000000000011,5201.639676303741,L,0
297.0,307.8,1521,40.2,190,10.800000000000011,6403.0056509875,L,0
297.1,307.9,1420,39.8,192,10.799999999999955,5918.341680342691,H,0
297.0,307.8,1683,32.3,197,10.800000000000011,5692.660136084312,L,0
297.0,307.7,1498,47.1,199,10.699999999999989,7388.586098271691,M,0
297.0,307.8,1385,56.4,202,10.800000000000011,8180.078951417104,L,1
297.0,307.9,1455,49.0,204,10.899999999999977,7465.994941256143,L,0
296.9,307.8,1549,35.8,206,10.900000000000034,5807.150244356636,H,1
296.9,307.8,1392,43.9,0,10.900000000000034,6399.298571656264,M,0
296.9,307.7,2008,17.5,3,10.800000000000011,3679.852194904845,M,0
296.9,307.7,1464,41.4,6,10.800000000000011,6347.02246990053,L,0
297.0,307.7,1447,46.4,8,10.699999999999989,7030.968134538052,L,0
296.9,307.6,1685,32.0,10,10.700000000000045,5646.489196052055,M,0
296.8,307.5,1443,39.2,13,10.699999999999989,5923.5357801966275,M,0
296.9,307.5,1354,44.4,16,10.600000000000023,6295.500350381658,L,0
296.9,307.5,2721,9.3,18,10.600000000000023,2649.9648192295267,L,1
297.0,307.6,1680,35.8,20,10.600000000000023,6298.264951916817,L,0
296.9,307.5,1397,48.3,22,10.600000000000023,7065.975948674554,H,0
296.9,307.4,1521,37.9,27,10.5,6036.664531652394,M,0
296.8,307.4,1472,43.9,30,10.599999999999966,6767.074351636509,M,0
296.8,307.5,1695,30.0,33,10.699999999999989,5324.999547834699,H,0
296.7,307.5,1607,33.6,38,10.800000000000011,5654.364121637053,H,0
296.8,307.5,1347,54.8,43,10.699999999999989,7729.951556010758,L,0
296.7,307.4,1540,38.7,45,10.699999999999989,6241.087965621484,M,0
296.6,307.4,1389,42.7,48,10.799999999999955,6210.960092073557,L,0
296.6,307.5,1734,27.0,50,10.899999999999977,4902.769495192231,M,0
296.7,307.6,1540,38.6,53,10.900000000000034,6224.961123333056,L,0
296.7,307.5,1515,42.1,55,10.800000000000011,6679.18306116458,M,0
296.6,307.4,1504,45.8,58,10.799999999999955,7213.431835858548,L,0
296.6,307.5,1557,35.1,60,10.899999999999977,5723.00792111799,L,0
296.5,307.4,1292,52.5,62,10.899999999999977,7103.140989766522,L,0
296.5,307.4,1432,49.2,64,10.899999999999977,7377.967515102558,H,0
296.5,307.4,1350,55.6,69,10.899999999999977,7860.264819281663,M,0
296.6,307.4,1790,25.8,72,10.799999999999955,4836.167730936128,M,0
296.4,307.3,1540,37.4,75,10.900000000000034,6031.439015871924,H,0
296.4,307.3,2077,19.1,80,10.900000000000034,4154.3059894254875,M,0
296.4,307.3,1487,37.5,83,10.900000000000034,5839.435344860029,L,0
296.5,307.4,1523,40.7,85,10.899999999999977,6491.169212822743,L,0
296.5,307.5,1443,41.8,87,11.0,6316.423357454566,L,0
296.5,307.5,1340,59.1,89,11.0,8293.176286946336,L,0
296.6,307.7,1654,31.0,91,11.099999999999966,5369.400724005434,H,0
296.6,307.6,1459,40.2,96,11.0,6142.002133327262,L,0
296.5,307.6,1541,38.5,98,11.100000000000023,6212.865991616734,L,0
296.6,307.7,1386,62.3,100,11.099999999999966,9042.320471121357,H,1
296.7,307.8,1258,69.0,105,11.100000000000023,9089.884183896707,M,1
296.7,307.8,1375,51.4,108,11.100000000000023,7401.068693081953,M,0
296.8,307.9,1706,30.8,111,11.099999999999966,5502.478588811498,L,0
296.7,307.8,1672,32.4,113,11.100000000000023,5672.962350146306,M,0
296.8,307.9,1843,25.2,116,11.099999999999966,4863.56241887543,M,0
296.7,307.9,1690,29.6,119,11.199999999999989,5238.501030105861,L,0
296.8,307.9,1413,46.5,121,11.099999999999966,6880.559150259685,L,0
296.8,307.9,1489,33.4,123,11.099999999999966,5207.985693463991,L,0
296.8,307.9,1271,61.4,125,11.099999999999966,8172.266857685177,L,0
296.8,307.9,1418,47.9,127,11.099999999999966,7112.796151188555,M,0
296.9,307.8,1426,50.7,130,10.900000000000034,7571.049799592186,M,0
296.9,307.9,1535,39.2,133,11.0,6301.197105060168,L,0
296.9,307.8,1557,38.1,135,10.900000000000034,6212.153897281921,L,0
296.9,307.8,1653,29.7,137,10.900000000000034,5141.122129820089,L,0
296.9,307.9,1435,41.6,139,11.0,6251.35050162321,L,0
297.0,307.9,1569,33.3,141,10.899999999999977,5471.366349565447,M,0
296.9,307.9,1385,44.8,144,11.0,6497.651365664649,M,0
297.0,307.9,1635,31.6,147,10.899999999999977,5410.450868012342,L,0
296.9,307.9,1423,43.9,149,11.0,6541.81168639861,L,0
297.0,307.9,1479,39.2,151,10.899999999999977,6071.316298621491,L,0
297.0,307.9,1296,69.1,153,10.899999999999977,9378.031062083963,L,1
297.0,307.8,1553,33.3,155,10.800000000000011,5415.571664037692,L,0
297.0,307.9,1529,42.2,157,10.899999999999977,6756.916535389904,L,0
297.1,308.0,1690,25.6,159,10.899999999999977,4530.5954854969605,M,0
297.1,308.0,1348,58.0,162,10.899999999999977,8187.4093342754795,L,0
297.2,308.1,1446,38.5,164,10.900000000000034,5829.85348726658,L,0
297.1,307.9,1456,50.0,166,10.799999999999955,7623.598172711232,L,0
297.0,307.9,1350,47.7,168,10.899999999999977,6743.428630930492,L,0
297.1,307.9,1507,38.3,170,10.799999999999955,6044.225297972035,L,0
297.0,307.9,1448,45.6,172,10.899999999999977,6914.519766844992,H,0
296.9,307.9,1626,29.9,177,11.0,5091.202222554547,L,0
297.0,307.9,1846,27.3,179,10.899999999999977,5277.435835059349,H,0
297.0,307.8,1404,40.7,184,10.800000000000011,5983.980022851695,H,0
297.0,307.8,1583,37.2,189,10.800000000000011,6166.695051584477,L,0
297.0,307.9,1436,47.7,191,10.899999999999977,7173.01001038236,L,0
297.0,307.8,1609,35.6,193,10.800000000000011,5998.389461156159,L,0
297.0,307.7,1834,23.8,195,10.699999999999989,4570.933535169053,H,0
297.0,307.8,1316,61.2,200,10.800000000000011,8434.045301533304,L,1
296.9,307.8,1400,57.1,202,10.900000000000034,8371.297224265601,L,1
296.9,307.9,1367,47.1,204,11.0,6742.454737207879,L,0
297.1,308.1,1754,30.3,206,11.0,5565.457049540462,L,0
297.1,308.1,1487,34.6,208,11.0,5387.85234485752,L,0
297.1,308.1,1506,37.7,210,11.0,5945.589760624828,M,0
297.0,308.1,1362,52.5,213,11.100000000000023,7487.986089831271,L,1
297.1,308.1,1584,36.8,215,11.0,6104.240189631111,L,0
297.0,308.1,1355,43.7,217,11.100000000000023,6200.823219777975,L,0
297.1,308.1,1823,24.3,219,11.0,4638.969960070297,M,0
297.0,308.1,1517,41.4,222,11.100000000000023,6576.798556584088,H,0
297.1,308.1,1446,36.6,227,11.0,5542.146432050826,L,0
297.1,308.0,1559,38.8,229,10.899999999999977,6334.4142113841235,H,0
297.1,308.1,1352,44.4,0,11.0,6286.201236127033,M,0
297.2,308.3,1578,37.8,3,11.100000000000023,6246.365841279513,M,0
297.2,308.3,1429,42.0,6,11.100000000000023,6285.07026277174,M,0
297.2,308.3,1604,39.4,9,11.100000000000023,6618.03719615021,M,0
297.3,308.5,1398,60.4,12,11.199999999999989,8842.452346499975,L,0
297.3,308.4,1441,43.4,14,11.099999999999966,6549.110653330451,L,0
297.3,308.4,1531,35.6,16,11.099999999999966,5707.603645139889,H,0
297.2,308.3,1379,52.1,21,11.100000000000023,7523.685054351565,L,0
297.3,308.3,1410,48.1,23,11.0,7102.198511970446,L,0
297.3,308.4,1513,40.5,25,11.099999999999966,6416.860074589832,L,0
297.3,308.5,1497,47.5,27,11.199999999999989,7446.359987171207,L,0
297.3,308.4,1491,46.5,29,11.099999999999966,7260.377702078691,L,0
297.3,308.4,1417,47.8,31,11.099999999999966,7092.941285617867,L,0
297.4,308.6,1522,38.0,33,11.200000000000045,6056.571757100643,M,0
297.3,308.4,1339,52.1,36,11.099999999999966,7305.449084682194,L,0
297.2,308.3,1794,27.5,38,11.100000000000023,5166.349118828414,M,0
297.2,308.4,1460,42.1,41,11.199999999999989,6436.704468185008,L,0
297.2,308.3,1776,28.0,43,11.100000000000023,5207.503982590441,M,0
297.2,308.3,1431,43.7,46,11.100000000000023,6548.618470481389,M,0
297.1,308.2,1347,50.8,49,11.099999999999966,7165.721515426031,L,0
297.0,308.1,1507,43.1,51,11.100000000000023,6801.726118605607,M,0
297.0,308.0,1408,47.9,54,11.0,7062.6353884862365,M,0
297.0,307.9,1493,34.7,57,10.899999999999977,5425.226825459727,M,0
296.9,307.9,1441,47.6,60,11.0,7182.895555265656,M,0
296.9,307.9,1557,36.5,63,11.0,5951.2760433278245,H,0
296.9,307.9,1979,20.4,68,11.0,4227.704065788856,M,0
296.9,308.0,1430,55.9,71,11.100000000000023,8370.983065000244,M,0
296.9,308.0,1658,41.0,74,11.100000000000023,7118.639513524233,L,0
297.0,308.1,1355,51.4,76,11.100000000000023,7293.4167848189445,M,0
297.0,308.1,1410,47.6,79,11.100000000000023,7028.371084611086,H,0
296.9,308.0,1521,34.5,84,11.100000000000023,5495.1167900265855,L,0
296.8,308.0,1371,54.5,86,11.199999999999989,7824.607742663418,L,0
296.9,308.0,1318,53.5,88,11.100000000000023,7384.104092752568,H,0
297.0,308.1,1573,34.9,93,11.100000000000023,5748.873700632546,M,0
297.0,308.1,1489,44.1,96,11.100000000000023,6876.412247956947,L,0
297.0,308.1,2540,13.3,98,11.100000000000023,3537.642767452346,H,0
297.0,308.1,1537,39.0,103,11.100000000000023,6277.216281137767,L,0
296.9,308.0,1416,46.9,105,11.100000000000023,6954.480825398654,H,0
296.9,307.9,1359,56.5,110,11.0,8040.749317230396,L,0
296.8,307.8,1551,38.9,112,11.0,6318.151233414042,M,0
296.8,307.8,1694,33.0,115,11.0,5854.043750699221,M,0
296.8,307.9,1709,28.4,118,11.099999999999966,5082.636146585759,L,0
296.9,308.0,1514,41.0,120,11.100000000000023,6500.37407929776,L,0
297.0,308.1,1455,43.5,122,11.100000000000023,6627.975100911066,L,0
297.0,308.2,1702,30.7,124,11.199999999999989,5471.753812659391,M,0
296.9,308.1,1357,41.8,127,11.200000000000045,5939.976781750413,M,0
297.0,308.2,1577,29.4,130,11.199999999999989,4855.205782416881,L,0
297.0,308.3,1399,46.4,132,11.300000000000011,6797.736295935547,M,0
297.0,308.3,1399,59.0,135,11.300000000000011,8643.673307331837,L,0
297.0,308.3,1492,48.1,137,11.300000000000011,7515.234170113407,L,0
297.1,308.3,1763,25.7,139,11.199999999999989,4744.757856692177,L,0
297.1,308.3,1492,41.5,141,11.199999999999989,6484.037797499093,H,0
297.1,308.4,1488,42.5,146,11.299999999999955,6622.477313767284,L,0
297.1,308.4,1422,42.1,148,11.299999999999955,6269.173803944575,L,0
297.1,308.4,1583,38.2,150,11.299999999999955,6332.466423938899,M,0
297.1,308.4,1304,53.5,153,11.299999999999955,7305.668996167945,L,0
297.1,308.4,1880,23.5,155,11.299999999999955,4626.518781186569,M,0
297.2,308.5,1604,40.7,158,11.300000000000011,6836.398829525725,M,0
297.2,308.6,1500,37.1,161,11.400000000000034,5827.654372409067,L,0
297.2,308.5,1364,55.6,163,11.300000000000011,7941.778676666805,M,0
297.2,308.5,2440,14.0,166,11.300000000000011,3577.226834887578,H,0
297.1,308.4,1654,31.4,171,11.299999999999955,5438.683313992601,H,0
297.1,308.4,1359,46.6,176,11.299999999999955,6631.8392598749815,H,0
297.1,308.4,1502,37.3,181,11.299999999999955,5866.882392676889,M,0
297.1,308.4,1615,32.6,184,11.299999999999955,5513.390387294968,M,0
297.2,308.5,1482,39.3,187,11.300000000000011,6099.150809532297,H,0
297.2,308.6,1636,31.3,192,11.400000000000034,5362.363556461394,L,0
297.1,308.5,1621,32.4,194,11.399999999999977,5499.923426786579,M,0
297.1,308.4,1468,44.4,197,11.299999999999955,6825.549862895328,L,0
297.1,308.4,1432,53.4,199,11.299999999999955,8007.794010294238,M,0
297.1,308.4,1726,28.4,202,11.299999999999955,5133.19484435753,L,0
297.1,308.4,1588,33.4,204,11.299999999999955,5554.252035742658,M,0
297.2,308.5,1653,33.3,207,11.300000000000011,5764.28844858616,H,0
297.2,308.5,1513,42.9,212,11.300000000000011,6797.11844938034,L,0
297.2,308.6,1489,40.2,214,11.400000000000034,6268.29415800157,L,0
297.3,308.7,1467,36.8,216,11.399999999999977,5653.358811987904,L,0
297.3,308.7,1549,36.1,218,11.399999999999977,5855.813514560743,L,0
297.4,308.8,1359,48.7,220,11.400000000000034,6930.6989690109785,M,0
297.5,308.8,1533,41.5,223,11.300000000000011,6662.2184608351945,L,0
297.5,308.8,1309,57.3,0,11.300000000000011,7854.578536578664,L,0
297.5,308.8,1430,49.4,2,11.300000000000011,7397.612941163006,H,0
297.5,308.9,1419,50.7,7,11.399999999999977,7533.8847585002195,H,0
297.5,308.9,1535,37.7,12,11.399999999999977,6060.079868897151,M,0
297.5,308.9,1466,43.0,15,11.399999999999977,6601.3239232331125,L,0
297.5,308.9,1427,50.4,17,11.399999999999977,7531.5285640100265,L,0
297.5,308.9,1280,48.5,19,11.399999999999977,6501.002397828478,M,0
297.6,309.0,1528,33.8,22,11.399999999999977,5408.398360811996,L,0
297.6,309.0,1885,25.2,24,11.399999999999977,4974.397807694078,H,0
297.8,309.2,1648,33.0,29,11.399999999999977,5695.079162427576,H,0
297.8,309.2,1400,56.9,34,11.399999999999977,8341.975692832095,L,0
297.8,309.3,2243,15.7,36,11.5,3687.7166485143307,M,0
297.9,309.4,1558,35.7,39,11.5,5824.5756116085495,L,0
298.0,309.6,1633,34.8,41,11.600000000000023,5951.056131842073,L,0
298.1,309.6,1549,38.7,43,11.5,6277.56185632966,M,0
298.0,309.5,1496,45.8,46,11.5,7175.0625175827045,L,0
298.1,309.5,1467,41.8,48,11.399999999999977,6421.478215790608,L,0
298.0,309.4,1276,65.9,50,11.399999999999977,8805.716656403998,M,0
298.0,309.4,1490,40.5,53,11.399999999999977,6319.313622695869,H,0
298.0,309.4,1562,38.1,58,11.399999999999977,6232.103010632217,H,0
298.1,309.4,1397,48.2,63,11.299999999999955,7051.346598884338,L,0
298.1,309.5,1530,40.2,65,11.399999999999977,6440.893258389794,H,0
298.1,309.4,1362,47.6,70,11.299999999999955,6789.107388113686,M,0
298.2,309.4,1693,34.4,73,11.199999999999989,6098.794762364889,M,0
298.2,309.4,1408,46.5,76,11.199999999999989,6856.211807194363,M,0
298.2,309.4,1398,52.9,79,11.199999999999989,7744.465714070343,L,0
298.3,309.6,1531,40.1,81,11.300000000000011,6429.070398036785,M,0
298.3,309.5,1521,37.1,84,11.199999999999989,5909.241533622792,H,0
298.3,309.5,1427,54.3,89,11.199999999999989,8114.325417177469,H,0
298.3,309.4,1546,36.1,94,11.099999999999966,5844.472365081283,L,0
298.3,309.4,1356,45.4,96,11.099999999999966,6446.799452578542,L,0
298.4,309.5,2153,15.3,98,11.100000000000023,3449.5629814212007,L,1
298.5,309.6,1492,41.7,100,11.100000000000023,6515.2861724268005,M,0
298.5,309.6,1582,40.3,103,11.100000000000023,6676.36609975186,L,0
298.5,309.6,1419,41.5,105,11.100000000000023,6166.789299364084,L,0
298.5,309.6,1441,48.2,107,11.100000000000023,7273.436255542114,M,0
298.6,309.7,1635,32.2,110,11.099999999999966,5513.180947784728,M,0
298.6,309.7,1429,45.8,113,11.099999999999966,6853.719477022517,L,0
298.6,309.7,1675,28.4,115,11.099999999999966,4981.518751042216,M,0
298.7,309.7,1868,23.8,118,11.0,4655.672761011882,M,0
298.7,309.8,1582,33.4,121,11.100000000000023,5533.2661968166785,H,0
298.8,309.9,1486,40.3,126,11.099999999999966,6271.22631114492,L,0
298.7,309.8,1402,54.3,128,11.100000000000023,7972.168349602531,L,0
298.7,309.9,1621,34.1,130,11.199999999999989,5788.499655969826,L,0
298.8,309.9,1428,42.4,132,11.099999999999966,6340.487957181063,L,0
298.7,309.8,1343,53.6,134,11.100000000000023,7538.230628337684,M,0
298.7,309.9,1458,40.2,137,11.199999999999989,6137.792399171451,M,0
298.7,309.8,1322,57.0,140,11.100000000000023,7891.052427286843,L,0
298.7,309.9,1483,32.8,142,11.199999999999989,5093.820216432538,L,0
298.6,309.8,1505,45.7,144,11.199999999999989,7202.46767749752,L,0
298.7,309.9,1593,42.5,146,11.199999999999989,7089.789220988765,L,0
298.8,310.0,2098,19.6,148,11.199999999999989,4306.160106324505,L,0
298.8,310.0,1672,30.4,150,11.199999999999989,5322.779489026163,L,0
298.8,310.0,1487,41.4,152,11.199999999999989,6446.736620725471,L,0
298.8,310.0,1423,42.1,154,11.199999999999989,6273.582505635114,L,0
298.9,310.1,1750,25.0,156,11.200000000000045,4581.4892864851145,L,0
298.9,310.2,1654,31.1,158,11.300000000000011,5386.721371502226,L,0
298.9,310.2,1498,50.2,160,11.300000000000011,7874.8836970963675,L,0
298.9,310.1,1587,30.2,162,11.200000000000045,5018.945591521981,L,0
298.9,310.1,1473,42.6,164,11.200000000000045,6571.143689807627,L,0
298.9,310.2,1359,56.9,166,11.300000000000011,8097.674976113442,L,0
299.0,310.3,1635,34.5,168,11.300000000000011,5906.979586912208,M,0
299.0,310.3,1520,45.0,171,11.300000000000011,7162.8312501847295,L,0
299.0,310.3,1507,36.7,173,11.300000000000011,5791.725024427512,L,0
299.0,310.3,1428,46.3,175,11.300000000000011,6923.693217393473,L,0
299.0,310.3,1582,33.3,177,11.300000000000011,5516.699531556748,M,0
299.0,310.3,1929,24.4,180,11.300000000000011,4928.907546070098,L,0
299.0,310.3,1540,38.1,182,11.300000000000011,6144.3269118909175,M,0
298.9,310.2,1362,53.0,185,11.300000000000011,7559.300243067759,L,0
298.9,310.1,1452,49.9,187,11.200000000000045,7587.448913243925,H,0
298.9,310.1,1361,51.7,192,11.200000000000045,7368.469433313206,L,0
298.8,310.1,1243,74.5,194,11.300000000000011,9697.415843223414,M,1
298.8,310.1,1567,36.8,197,11.300000000000011,6038.727510828252,H,0
298.9,310.2,1411,46.5,202,11.300000000000011,6870.820213033557,L,0
298.8,310.2,1814,26.8,204,11.399999999999977,5090.971839093284,L,0
298.8,310.1,1719,28.8,206,11.300000000000011,5184.381860660021,M,0
298.8,310.2,1663,30.4,209,11.399999999999977,5294.128164025424,H,0
298.9,310.2,1696,30.2,214,11.300000000000011,5363.662081424878,L,0
298.9,310.2,1771,26.8,216,11.300000000000011,4970.292793293388,H,0
299.0,310.3,1868,24.0,221,11.300000000000011,4694.796061524587,L,0
299.0,310.3,1558,35.4,223,11.300000000000011,5775.62959806562,M,0
299.0,310.4,1365,49.1,226,11.399999999999977,7018.475067752277,L,1
299.0,310.4,1371,53.8,228,11.399999999999977,7724.108193675081,L,1
298.9,310.3,1583,32.6,230,11.400000000000034,5404.146738754139,L,0
298.7,310.2,1613,36.0,0,11.5,6080.866740288404,H,0
298.6,310.1,1721,27.2,5,11.5,4902.057400857418,L,0
298.6,310.2,1668,31.5,7,11.599999999999966,5502.185373497164,M,0
298.6,310.2,1569,36.3,10,11.599999999999966,5964.282236913686,L,0
298.6,310.2,1328,50.5,12,11.599999999999966,7022.925657344864,M,0
298.6,310.1,1596,33.0,15,11.5,5515.380062642241,M,0
298.5,310.2,1676,32.7,18,11.699999999999989,5739.1871232839785,L,0
298.5,310.1,1809,28.9,20,11.600000000000023,5474.759269631325,L,0
298.5,310.0,1804,26.1,22,11.5,4930.666837956109,L,0
298.6,310.1,1533,33.9,24,11.5,5442.149537887062,L,0
298.7,310.2,1717,27.3,26,11.5,4908.6442734544435,L,0
298.7,310.2,1363,45.5,28,11.5,6494.35269337838,L,0
298.7,310.2,1402,45.9,30,11.5,6738.904737509321,L,0
298.7,310.2,1436,47.5,32,11.5,7142.934496711993,L,0
298.7,310.2,1525,43.7,34,11.5,6978.786280561927,L,0
298.7,310.2,1598,33.3,36,11.5,5572.494217084502,M,0
298.6,310.1,1444,48.1,39,11.5,7273.457199493136,M,0
298.6,310.0,1334,48.0,42,11.399999999999977,6705.415359822055,L,0
298.6,310.0,1681,35.5,44,11.399999999999977,6249.203746643256,M,0
298.6,309.9,1593,37.4,47,11.299999999999955,6239.014514470113,L,0
298.6,309.9,1461,45.7,49,11.299999999999955,6991.897193902908,L,0
298.7,310.1,1693,31.9,51,11.400000000000034,5655.568398820928,M,0
298.7,310.2,1404,50.3,54,11.5,7395.4347702565165,L,0
298.8,310.2,1707,27.6,56,11.399999999999977,4933.682766903555,H,0
298.6,310.1,1458,41.9,61,11.5,6397.350784211038,M,0
298.6,310.0,1517,41.2,64,11.399999999999977,6545.026582880784,L,0
298.7,310.1,1433,54.6,66,11.400000000000034,8193.462136121396,L,0
298.7,310.2,1566,33.1,68,11.5,5428.1066187255165,L,0
298.7,310.1,1676,33.5,70,11.400000000000034,5879.595370948417,L,0
298.7,310.1,1368,56.8,72,11.400000000000034,8136.97630020985,M,0
298.8,310.2,1581,37.5,75,11.399999999999977,6208.572481656829,M,0
298.8,310.3,1708,27.1,78,11.5,4847.1423612726685,H,0
298.7,310.3,1481,41.5,83,11.600000000000023,6436.23322928697,M,0
298.7,310.3,1451,40.0,86,11.600000000000023,6077.934587145053,L,0
298.7,310.3,1495,38.7,88,11.600000000000023,6058.718512080595,M,0
298.8,310.3,1573,41.8,91,11.5,6885.470506774797,M,0
298.8,310.3,1366,59.0,94,11.5,8439.78394411386,M,0
298.8,310.3,1553,36.8,97,11.5,5984.775892990603,L,0
298.8,310.3,1528,37.1,99,11.5,5936.437254027369,M,0
298.8,310.2,1527,31.2,102,11.399999999999977,4989.100461312878,M,0
298.8,310.2,1461,46.7,105,11.399999999999977,7144.892756132731,L,0
298.8,310.2,1455,44.9,107,11.399999999999977,6841.289242089812,H,0
298.7,310.1,1620,34.8,112,11.400000000000034,5903.680914625938,L,0
298.7,310.1,1786,27.7,114,11.400000000000034,5180.716669230832,L,0
298.8,310.2,1583,35.7,116,11.399999999999977,5918.037993052845,M,0
298.8,310.1,1653,30.3,119,11.300000000000011,5244.983182947767,L,0
298.9,310.2,1331,49.0,121,11.300000000000011,6829.717709149089,M,0
298.9,310.3,1484,43.8,124,11.400000000000034,6806.700306973788,L,0
298.9,310.2,1603,36.1,126,11.300000000000011,6059.9542051910075,M,0
298.9,310.2,1445,40.0,129,11.300000000000011,6052.801845916334,L,0
298.9,310.1,1823,26.1,131,11.200000000000045,4982.597364519948,L,0
298.9,310.1,1491,45.3,133,11.200000000000045,7073.013116218595,H,0
298.9,310.2,1533,42.8,138,11.300000000000011,6870.914460813164,L,0
298.9,310.2,1409,54.8,140,11.300000000000011,8085.747396005313,L,0
298.9,310.2,2737,8.8,142,11.300000000000011,2522.2381339100775,L,1
299.0,310.3,1494,46.6,144,11.300000000000011,7290.631239332762,M,0
299.1,310.4,1594,33.3,147,11.299999999999955,5558.545545702565,L,0
299.1,310.4,1527,44.0,149,11.299999999999955,7035.9109069797,L,0
299.1,310.4,1452,39.7,151,11.299999999999955,6036.507452019717,L,0
299.0,310.3,1483,39.2,153,11.300000000000011,6087.736356224253,L,0
299.1,310.2,1569,38.2,155,11.099999999999966,6276.462298900905,L,0
299.1,310.3,1472,46.6,157,11.199999999999989,7183.272546384085,L,0
299.0,310.2,1533,43.5,159,11.199999999999989,6983.289230032071,L,0
298.9,310.1,1366,62.7,161,11.200000000000045,8969.058530439645,H,0
298.9,310.2,1532,37.7,166,11.300000000000011,6048.236064593118,H,0
298.9,310.1,1313,56.8,171,11.200000000000045,7809.8317852160335,M,0
299.0,310.2,1372,48.0,174,11.199999999999989,6896.424193160315,L,0
298.9,310.1,1555,40.6,176,11.200000000000045,6611.272299969481,M,0
298.9,310.1,1394,42.7,179,11.200000000000045,6233.317759791605,L,0
298.9,310.1,1442,48.0,181,11.200000000000045,7248.282570362371,L,0
298.9,310.0,1564,33.8,183,11.100000000000023,5535.821358841598,L,0
298.9,310.0,1452,48.9,185,11.100000000000023,7435.3958288101785,L,0
298.9,310.1,1466,42.5,187,11.200000000000045,6524.564342730401,L,0
298.9,310.1,1469,53.2,189,11.200000000000045,8183.9326384055075,M,0
298.9,310.1,1944,23.4,192,11.200000000000045,4763.659772491275,L,0
298.8,309.9,1415,53.2,194,11.099999999999966,7883.093725897748,M,0
298.7,309.8,1528,36.7,197,11.100000000000023,5872.432539698233,M,0
298.7,309.8,1570,42.1,200,11.100000000000023,6921.661654144153,M,0
298.7,309.9,1617,33.0,203,11.199999999999989,5587.9508529401655,L,0
298.7,309.9,2083,18.2,205,11.199999999999989,3969.9887484393735,M,0
298.7,309.9,1541,38.5,208,11.199999999999989,6212.865991616734,L,0
298.8,309.9,1320,47.4,210,11.099999999999966,6552.1056383268715,L,0
298.7,309.8,1354,53.3,212,11.100000000000023,7557.43623142663,L,1
298.8,309.9,1495,35.2,214,11.099999999999966,5510.772393416976,M,0
298.7,309.8,1589,31.8,217,11.100000000000023,5291.510170147433,L,0
298.7,309.8,1530,35.5,0,11.100000000000023,5687.85349932432,L,0
298.7,309.8,1539,33.4,2,11.100000000000023,5382.867684513823,L,0
298.7,309.7,1462,46.8,4,11.0,7165.093196895313,L,0
298.6,309.7,1356,54.0,6,11.099999999999966,7667.9993488819655,L,0
298.7,309.7,1622,34.6,8,11.0,5876.99832102145,M,0
298.7,309.8,1394,40.3,11,11.100000000000023,5882.967347063271,L,0
298.8,309.9,1568,33.7,13,11.099999999999966,5533.559412131014,L,0
298.9,310.0,1456,43.8,15,11.100000000000023,6678.271999295039,M,0
298.9,310.0,1378,49.3,18,11.100000000000023,7114.178451956133,L,0
298.9,309.9,1404,41.4,20,11.0,6086.898598183296,M,0
298.8,309.8,1437,42.8,23,11.0,6440.6419309775065,L,0
298.8,309.8,1363,44.0,25,11.0,6280.253154036236,L,0
298.8,309.8,1377,49.6,27,11.0,7152.2754988686675,M,0
298.8,309.9,1526,42.1,30,11.099999999999966,6727.678779760496,H,0
298.8,309.8,1510,44.2,35,11.0,6989.205896196332,H,0
298.8,309.9,1439,45.2,40,11.099999999999966,6811.266088297007,H,1
298.8,309.9,1482,39.1,45,11.099999999999966,6068.11187411483,L,0
298.8,309.8,1534,37.0,47,11.0,5943.683861081649,M,0
298.8,309.9,1741,27.7,50,11.099999999999966,5050.183494474177,M,0
298.8,309.9,1550,38.8,53,11.099999999999966,6297.846072896338,L,0
298.8,310.0,1486,38.5,55,11.199999999999989,5991.121910150855,M,0
298.9,310.1,1602,38.2,58,11.200000000000045,6408.472022204748,L,0
299.0,310.2,1477,37.9,60,11.199999999999989,5862.03386801485,L,0
299.0,310.1,1618,29.2,62,11.100000000000023,4947.547662481397,L,0
299.0,310.2,1628,35.8,64,11.199999999999989,6103.318655786059,M,0
299.0,310.3,1662,33.6,67,11.300000000000011,5847.886229098184,M,0
299.0,310.3,1657,31.0,70,11.300000000000011,5379.139661231564,M,0
299.0,310.4,1677,30.8,73,11.399999999999977,5408.942903538619,H,0
299.0,310.3,1447,39.9,78,11.300000000000011,6046.026477760092,M,0
298.9,310.4,1831,25.4,81,11.5,4870.243539252065,L,0
299.0,310.3,1584,34.4,83,11.300000000000011,5706.137568568212,L,0
299.1,310.4,1450,40.9,85,11.299999999999955,6210.4050773714225,L,0
299.1,310.4,1428,46.9,87,11.299999999999955,7013.417103579997,L,0
299.0,310.4,1382,53.0,89,11.399999999999977,7670.3031834946,L,0
299.0,310.3,1501,43.0,91,11.300000000000011,6758.927154688202,L,0
299.0,310.3,1475,42.4,93,11.300000000000011,6549.173485183522,L,0
298.9,310.3,1364,54.0,95,11.400000000000034,7713.238283093659,L,0
299.0,310.3,1472,36.1,97,11.300000000000011,5564.724011254624,L,0
299.0,310.3,1437,47.8,99,11.300000000000011,7193.053371512262,L,0
298.9,310.2,1491,45.1,101,11.300000000000011,7041.785685241914,L,0
298.9,310.2,1706,27.6,103,11.300000000000011,4930.792501662252,L,0
298.8,310.1,1607,39.5,105,11.300000000000011,6647.243535853084,L,0
298.8,310.0,1412,46.3,107,11.199999999999989,6846.116822800829,L,0
298.7,309.8,1546,40.9,109,11.100000000000023,6621.576723873253,L,0
298.7,309.8,1365,50.5,111,11.100000000000023,7218.594519785947,L,0
298.6,309.8,1544,30.2,113,11.199999999999989,4882.956517523591,L,0
298.6,309.8,1419,44.9,115,11.199999999999989,6672.020229914395,M,0
298.6,309.8,1497,41.6,118,11.199999999999989,6521.443694027836,L,0
298.5,309.7,1437,42.6,120,11.199999999999989,6410.545473356117,L,0
298.5,309.6,1421,53.6,122,11.100000000000023,7976.042980541959,L,0
298.5,309.6,1438,44.5,124,11.100000000000023,6701.121849862148,M,0
298.5,309.5,1315,48.9,127,11.0,6733.846773337042,M,0
298.5,309.5,1366,61.9,130,11.0,8854.62078204488,M,0
298.4,309.5,1519,35.4,133,11.100000000000023,5631.053504147417,M,0
298.4,309.5,1692,28.3,136,11.100000000000023,5014.3588662477405,L,0
298.3,309.4,1570,35.6,138,11.099999999999966,5852.996553148025,L,0
298.3,309.4,1568,35.8,140,11.099999999999966,5878.380621789029,L,0
298.2,309.3,1355,43.8,142,11.100000000000023,6215.012746596688,L,0
298.2,309.3,2056,18.7,144,11.100000000000023,4026.181369036583,M,0
298.2,309.2,1332,60.2,147,11.0,8397.100171927086,M,0
298.1,309.1,1448,52.5,150,11.0,7960.795784196536,M,0
298.0,308.9,1578,35.6,153,10.899999999999977,5882.820739406103,L,0
298.0,309.0,1562,39.2,155,11.0,6412.032493878816,M,0
298.1,309.0,1976,19.3,158,10.899999999999977,3993.676357047441,M,0
298.2,309.2,1524,34.6,161,11.0,5521.914575361708,M,0
298.2,309.1,1429,48.5,164,10.900000000000034,7257.7597082007005,L,0
298.2,309.1,1568,36.3,166,10.900000000000034,5960.480909802842,L,0
298.2,309.0,1723,26.6,168,10.800000000000011,4799.494872693223,M,0
298.2,309.0,1341,43.8,171,10.800000000000011,6150.798592757313,L,0
298.1,308.9,1353,46.2,173,10.799999999999955,6545.885284872765,M,0
298.0,308.7,1479,58.5,176,10.699999999999989,9060.510292585643,M,1
298.0,308.8,1496,44.9,179,10.800000000000011,7034.067839289594,L,0
298.0,308.7,1377,48.5,181,10.699999999999989,6993.656485788918,M,0
297.9,308.5,1383,44.6,184,10.600000000000023,6459.30299133983,H,0
298.0,308.7,1268,69.4,189,10.699999999999989,9215.254674725966,L,1
298.0,308.7,1629,34.3,191,10.699999999999989,5851.184901384453,L,0
298.0,308.8,1790,27.2,193,10.800000000000011,5098.595437265995,L,0
298.1,308.8,2206,16.3,195,10.699999999999989,3765.492010641702,M,0
298.0,308.7,2101,17.4,198,10.699999999999989,3828.28197581145,M,0
298.0,308.7,1436,48.2,201,10.699999999999989,7248.198794558275,M,0
298.0,308.7,1462,48.2,204,10.699999999999989,7379.433591674234,L,0
298.0,308.7,1771,26.2,206,10.699999999999989,4859.017581503237,L,0
298.0,308.7,1506,47.0,208,10.699999999999989,7412.273706879759,L,0
298.0,308.7,1626,36.7,210,10.699999999999989,6249.0676109616015,L,0
298.0,308.8,1610,33.7,212,10.800000000000011,5681.77975352738,L,0
298.0,308.6,1376,55.7,214,10.600000000000023,8026.057135587108,M,0
298.0,308.6,1507,37.3,217,10.600000000000023,5886.412627006708,M,0
298.0,308.5,1429,37.7,220,10.5,5641.598783487967,L,1
298.1,308.7,1547,38.9,0,10.599999999999966,6301.856839517421,M,0
298.1,308.7,1642,30.3,3,10.599999999999966,5210.080088566384,L,0
298.0,308.7,1503,36.3,5,10.699999999999989,5713.394647598005,H,0
298.1,308.7,1568,32.9,10,10.599999999999966,5402.198951308912,L,0
298.1,308.8,1628,37.6,12,10.699999999999989,6410.189426188711,M,0
298.2,308.9,1614,35.5,15,10.699999999999989,6000.127809091146,M,0
298.2,308.9,1278,54.0,18,10.699999999999989,7226.91974031796,L,0
298.2,308.9,1408,38.8,20,10.699999999999989,5720.88211008906,M,0
298.2,309.0,1371,55.7,23,10.800000000000011,7996.892683786283,H,0
298.2,308.9,1512,38.5,28,10.699999999999989,6095.946385025635,M,0
298.3,309.1,1472,40.1,31,10.800000000000011,6181.313929399181,L,0
298.2,308.9,1585,34.3,33,10.699999999999989,5693.141846957862,M,0
298.2,309.0,1562,37.7,36,10.800000000000011,6166.674107633454,H,0
298.3,309.0,1519,36.9,41,10.699999999999989,5869.657466187562,L,0
298.2,309.0,1601,35.8,43,10.800000000000011,6002.096540487395,L,0
298.2,309.0,2449,13.8,45,10.800000000000011,3539.1297879750455,L,0
298.1,309.0,1787,27.6,47,10.899999999999977,5164.903986207763,L,0
298.1,309.1,1425,44.5,49,11.0,6640.541471525424,H,0
298.1,309.0,1559,34.0,54,10.899999999999977,5550.775339872685,L,0
298.1,309.0,1557,36.0,56,10.899999999999977,5869.751713967169,L,0
298.1,309.0,1497,40.5,58,10.899999999999977,6349.0016732722925,L,0
298.1,309.0,1438,41.4,60,10.899999999999977,6234.3021254897285,H,0
298.1,308.9,1417,39.2,65,10.799999999999955,5816.80540577867,M,0
298.0,308.9,1339,51.4,68,10.899999999999977,7207.295258208536,M,0
298.0,308.8,1757,29.1,71,10.800000000000011,5354.184943586549,L,0
298.0,308.8,1581,36.1,73,10.800000000000011,5976.7857756749745,L,0
298.2,308.9,1326,54.4,75,10.699999999999989,7553.8967037035845,M,0
298.4,309.1,1467,39.6,78,10.700000000000045,6083.505678117419,M,0
298.4,309.1,1798,29.6,81,10.700000000000045,5573.26914327239,L,0
298.5,309.2,1449,46.4,83,10.699999999999989,7040.686127813158,M,0
298.4,309.1,1525,39.3,86,10.700000000000045,6276.116723709009,M,0
298.4,309.0,2304,15.1,89,10.600000000000023,3643.242168515011,L,0
298.3,308.9,1379,54.7,91,10.599999999999966,7899.147264357593,L,0
298.4,308.9,1628,34.9,93,10.5,5949.8832705847335,L,0
298.4,309.0,1474,52.7,95,10.600000000000023,8134.609633744149,L,0
298.4,309.0,1544,38.8,97,10.600000000000023,6273.467313904482,M,0
298.4,308.9,1391,48.4,100,10.5,7050.194681578023,L,0
298.3,308.9,1348,55.5,102,10.599999999999966,7834.503759522227,L,0
298.3,308.8,1349,52.1,104,10.5,7360.0080770995355,M,0
298.4,308.9,1706,29.5,107,10.5,5270.231115907117,L,0
298.4,308.9,1638,32.4,109,10.5,5557.603067906488,L,0
298.4,308.8,1458,40.1,111,10.400000000000034,6122.524258875003,L,0
298.5,308.9,1781,27.8,113,10.399999999999977,5184.86357153357,L,0
298.5,308.8,1332,59.1,115,10.300000000000011,8243.66478672576,L,0
298.4,308.7,1584,31.7,117,10.300000000000011,5258.272119872452,M,0
298.4,308.6,1491,42.0,120,10.200000000000045,6557.760505103333,L,0
298.4,308.5,1398,47.1,122,10.100000000000023,6895.356051658094,H,0
298.3,308.4,1585,30.6,127,10.099999999999966,5079.012843058618,L,0
298.2,308.3,1476,43.5,129,10.100000000000023,6723.636597212875,M,0
298.2,308.3,1458,41.8,132,10.100000000000023,6382.082643914592,L,0
298.2,308.4,1510,39.9,134,10.199999999999989,6309.260526204381,M,0
298.2,308.4,1388,53.8,137,10.199999999999989,7819.884881707521,L,0
298.2,308.3,2216,16.8,139,10.100000000000023,3898.59081939879,L,0
298.2,308.3,1402,51.0,141,10.100000000000023,7487.6719305659135,L,0
298.0,308.2,2090,19.0,143,10.199999999999989,4158.42147580169,M,0
298.0,308.2,1459,42.1,146,10.199999999999989,6432.29576649447,L,0
298.0,308.1,1403,44.8,148,10.100000000000023,6582.097376193143,M,0
298.1,308.2,1521,39.3,151,10.099999999999966,6259.654778204197,L,0
298.2,308.2,1407,47.1,153,10.0,6939.746755853317,L,0
298.1,308.2,1654,35.3,155,10.099999999999966,6114.188566367478,M,0
298.2,308.4,1452,43.5,158,10.199999999999989,6614.309172867951,L,0
298.3,308.4,1528,37.3,160,10.099999999999966,5968.439611191936,L,0
298.2,308.3,1230,59.6,162,10.100000000000023,7676.795808312018,L,0
298.2,308.2,1466,42.4,164,10.0,6509.212426629859,L,0
298.2,308.2,1478,50.1,166,10.0,7754.267483149542,L,0
298.2,308.3,2057,18.0,168,10.100000000000023,3877.353653060523,L,0
298.3,308.4,1490,41.7,170,10.099999999999966,6506.552544849821,L,0
298.3,308.4,1484,43.4,172,10.099999999999966,6744.538660334759,L,0
298.3,308.4,1593,37.0,174,10.099999999999966,6172.287086507866,L,0
298.3,308.3,1444,43.8,176,10.0,6623.231296004144,L,0
298.3,308.4,1444,47.5,178,10.099999999999966,7182.728003657462,M,0
298.2,308.3,1560,33.0,181,10.100000000000023,5390.972993560084,M,0
298.1,308.3,1530,42.0,184,10.199999999999989,6729.291463989337,H,0
298.2,308.4,1310,61.0,189,10.199999999999989,8368.155631612013,L,1
298.2,308.3,1639,33.3,191,10.100000000000023,5715.468098749375,M,0
298.2,308.3,1400,48.7,194,10.100000000000023,7139.792904058402,L,0
298.3,308.4,1486,44.2,196,10.099999999999966,6878.119179965398,M,0
298.2,308.3,1448,43.3,199,10.100000000000023,6565.761094394476,M,0
298.2,308.3,1688,32.0,202,10.100000000000023,5656.542292543542,L,0
298.1,308.3,1453,41.5,204,10.199999999999989,6314.5488738379245,M,0
298.2,308.4,1497,37.7,207,10.199999999999989,5910.058347712727,L,0
298.2,308.4,1355,49.4,209,10.199999999999989,7009.626248444667,L,0
298.1,308.4,1592,38.2,211,10.299999999999955,6368.469075749038,L,0
298.0,308.3,1544,34.7,213,10.300000000000011,5610.5493760949885,L,0
298.0,308.2,1373,51.2,215,10.199999999999989,7361.547457499795,M,0
298.0,308.2,1365,52.9,218,10.199999999999989,7561.656437557952,L,1
298.0,308.1,1877,24.3,0,10.100000000000023,4776.383222738314,L,0
297.9,308.1,1531,40.8,2,10.200000000000045,6541.298559598524,L,0
297.9,308.0,1501,36.7,4,10.100000000000023,5768.665734350163,L,0
297.9,308.0,1490,46.2,6,10.100000000000023,7208.69850292714,L,0
297.8,307.8,1543,43.7,8,10.0,7061.15883993905,M,0
297.8,307.8,1597,38.2,11,10.0,6388.470548976892,L,0
297.8,307.9,1600,33.5,13,10.099999999999966,5612.978874413764,H,0
297.8,307.8,1622,32.1,18,10.0,5452.35971401123,M,0
297.8,307.8,1452,39.8,21,10.0,6051.7127604630905,L,0
297.8,307.8,1396,42.5,23,10.0,6213.023071249414,L,0
297.8,307.7,1505,39.7,25,9.899999999999977,6256.8482887669925,L,0
297.8,307.8,1412,48.3,27,10.0,7141.845411258749,L,0
297.8,307.7,1393,38.0,29,9.899999999999977,5543.235517504071,L,0
297.7,307.7,1581,34.9,31,10.0,5778.111456261955,L,0
297.8,307.8,1573,37.9,33,10.0,6243.046225042221,L,0
297.8,307.9,1726,27.3,35,10.099999999999966,4934.373917287345,M,0
297.9,307.9,1540,39.8,38,10.0,6418.483230794186,M,0
297.9,308.0,1296,62.9,41,10.100000000000023,8536.586885746472,L,0
297.8,307.9,1802,25.8,43,10.099999999999966,4868.588967121174,M,0
297.8,307.9,1447,48.6,46,10.099999999999966,7364.333002985977,L,0
297.8,307.8,1662,30.7,48,10.0,5343.157953372448,H,0
297.8,307.8,1563,34.3,53,10.0,5614.1203197445675,L,0
297.9,307.8,1286,59.5,55,9.900000000000034,8012.841502491006,L,0
297.9,307.7,1590,34.6,57,9.800000000000011,5761.052608152962,L,0
297.9,307.7,1492,43.7,59,9.800000000000011,6827.769921703865,L,0
297.7,307.6,1844,21.9,61,9.900000000000034,4228.960702850291,L,0
297.7,307.6,1538,38.3,63,9.900000000000034,6168.559063225606,H,0
297.7,307.6,1921,22.9,68,9.900000000000034,4606.716275493441,L,0
297.8,307.8,1310,57.9,70,10.0,7942.888706071074,M,0
297.9,307.8,1365,46.9,73,9.900000000000034,6704.001643127939,L,0
297.9,307.8,1303,59.3,75,9.900000000000034,8091.475566610358,M,0
297.9,307.8,1499,37.5,78,9.900000000000034,5886.559234663874,L,0
297.9,307.8,1451,38.2,80,9.900000000000034,5804.427530723526,L,0
297.9,307.9,1336,54.4,82,10.0,7610.864250488682,M,0
297.9,307.9,1412,44.5,85,10.0,6579.961093188703,L,0
298.0,308.0,1433,39.2,87,10.0,5882.48563618972,L,0
297.9,307.9,1426,43.6,89,10.0,6510.804166907678,L,0
297.9,307.9,1476,45.2,91,10.0,6986.399406759126,L,0
297.9,307.9,1406,58.5,93,10.0,8613.304578347135,H,0
297.8,307.8,1383,56.5,98,10.0,8182.749305172655,L,0
297.9,307.8,1505,37.3,100,9.900000000000034,5878.60053327478,L,0
297.9,307.8,1665,33.9,102,9.900000000000034,5910.749498096517,L,0
297.9,307.8,1397,45.0,104,9.900000000000034,6583.207405597411,L,0
297.9,307.8,1450,43.5,106,9.900000000000034,6605.19855417254,M,0
298.0,307.8,1567,36.4,109,9.800000000000011,5973.089168319249,L,0
298.0,308.0,1555,37.0,111,10.0,6025.051110809625,M,0
298.0,307.8,1588,35.4,114,9.800000000000011,5886.841978002698,H,0
298.0,307.8,1453,37.7,119,9.800000000000011,5736.349217920235,L,0
298.0,307.8,1622,33.3,121,9.800000000000011,5656.186245376135,L,0
297.9,307.8,1538,38.5,123,9.900000000000034,6200.770859900414,L,0
297.9,307.7,1527,42.8,125,9.800000000000011,6844.0224276984345,M,0
297.8,307.8,1761,28.9,128,10.0,5329.492025329333,L,0
297.9,307.8,1373,50.2,130,9.900000000000034,7217.767233720502,L,0
298.0,307.9,1482,37.8,132,9.899999999999977,5866.358793901293,H,0
298.0,307.9,1417,51.0,137,9.899999999999977,7567.782543232453,M,0
298.0,307.8,1414,51.7,140,9.800000000000011,7655.412034316583,L,0
297.9,307.8,1635,34.0,142,9.900000000000034,5821.371187101886,H,0
298.0,307.8,1386,57.3,147,9.800000000000011,8316.612568142114,L,0
298.2,308.1,1379,62.3,149,9.900000000000034,8996.652185913674,L,0
298.2,308.0,1577,35.9,151,9.800000000000011,5928.635632270954,M,0
298.2,308.1,1532,42.5,154,9.900000000000034,6818.303255841048,L,0
298.1,308.0,1374,48.8,156,9.899999999999977,7021.585244479332,M,0
298.1,308.0,1570,35.3,159,9.899999999999977,5803.673548486664,H,0
298.1,308.0,1697,31.0,164,9.899999999999977,5508.992157579943,L,0
298.2,308.0,1499,44.1,166,9.800000000000011,6922.593659964717,L,0
298.2,308.0,1411,47.2,168,9.800000000000011,6974.251915165245,M,0
298.2,307.9,1462,45.5,171,9.699999999999989,6966.062830314888,H,0
298.1,307.9,1759,28.6,176,9.799999999999955,5268.178608706772,M,0
298.2,308.0,1535,38.0,179,9.800000000000011,6108.3033161297535,L,0
298.2,307.9,1491,39.7,181,9.699999999999989,6198.6450488714845,H,0
298.2,307.9,1551,36.0,186,9.699999999999989,5847.132246861323,L,0
298.2,307.9,1769,27.2,188,9.699999999999989,5038.779513141644,L,0
298.2,307.9,1551,34.1,190,9.699999999999989,5538.533600499199,L,0
298.2,307.9,1544,31.4,192,9.699999999999989,5076.981279809297,L,0
298.2,307.8,1528,31.1,194,9.600000000000023,4976.366539090328,L,0
298.1,307.9,1614,35.8,196,9.799999999999955,6050.8331145200855,L,0
298.1,307.8,1432,49.8,198,9.699999999999989,7467.942728701369,L,0
298.1,307.8,1384,43.7,200,9.699999999999989,6333.5345654411185,M,0
298.1,307.8,1540,37.8,203,9.699999999999989,6095.946385025634,L,0
298.0,307.7,1407,43.9,205,9.699999999999989,6468.25653040256,L,0
297.9,307.6,1418,43.0,207,9.700000000000045,6385.182348666135,H,0
297.9,307.5,1647,30.8,212,9.600000000000023,5312.181849808054,M,0
298.0,307.5,1644,32.8,215,9.5,5646.824299268437,L,0
298.0,307.5,1792,27.9,217,9.5,5235.652652766606,L,0
297.9,307.4,1610,34.6,219,9.5,5833.5186786957665,M,0
297.8,307.3,1804,26.0,222,9.5,4911.775394132523,M,0
297.9,307.4,1604,36.1,225,9.5,6063.734588350827,H,1
297.9,307.4,1403,52.8,0,9.5,7757.471907656203,M,0
297.8,307.3,1438,44.5,3,9.5,6701.121849862148,L,0
297.9,307.3,1824,26.3,5,9.400000000000034,5023.532316796223,L,0
297.9,307.3,1663,28.7,7,9.400000000000034,4998.074944326633,H,0
297.9,307.3,1502,36.7,12,9.400000000000034,5772.508949363053,L,0
297.9,307.4,1606,35.5,14,9.5,5970.387398637163,L,0
297.9,307.5,1561,37.7,16,9.600000000000023,6162.726172865442,L,0
297.9,307.4,1435,42.9,18,9.5,6446.7052047989355,M,0
297.9,307.5,1602,38.3,21,9.600000000000023,6425.248126974917,L,0
298.1,307.6,1764,27.7,23,9.5,5116.900450460911,M,0
298.0,307.5,1683,27.8,26,9.5,4899.56507068557,H,0
298.0,307.5,1618,35.2,31,9.5,5964.167045183055,L,0
298.0,307.6,1509,41.6,33,9.600000000000023,6573.719795783571,L,0
297.9,307.6,1550,39.0,35,9.700000000000045,6330.309196983433,L,0
297.9,307.6,1519,44.0,37,9.700000000000045,6999.0495531775805,M,0
297.9,307.6,1481,38.0,40,9.700000000000045,5893.418378624213,L,0
298.1,307.7,1289,48.3,42,9.599999999999966,6519.715818068361,L,0
298.0,307.6,1844,23.8,44,9.600000000000023,4595.856836887532,M,0
298.0,307.7,1479,42.5,47,9.699999999999989,6582.422007434015,L,0
298.0,307.7,1430,47.3,49,9.699999999999989,7083.1395165386675,L,0
298.1,307.8,1636,36.7,51,9.699999999999989,6287.499761090517,M,0
298.1,307.8,1503,44.7,54,9.699999999999989,7035.502499934734,M,0
298.1,307.8,1608,32.6,57,9.699999999999989,5489.493339176662,M,0
298.2,307.8,1521,42.9,60,9.600000000000023,6833.058269337406,L,0
298.2,307.8,1439,41.6,62,9.600000000000023,6268.775868875121,L,0
298.2,307.8,1627,31.5,64,9.600000000000023,5366.939809760123,L,0
298.2,307.8,1749,26.1,66,9.600000000000023,4780.341629481837,L,0
298.2,307.8,1530,35.9,68,9.600000000000023,5751.941989457552,L,0
298.2,307.8,1355,51.3,70,9.600000000000023,7279.227258000231,L,0
298.3,307.9,1551,33.8,72,9.599999999999966,5489.80749844202,L,0
298.2,307.8,1515,46.7,74,9.600000000000023,7408.975034593489,L,0
298.2,307.8,1388,48.6,76,9.600000000000023,7064.059577155866,L,0
298.2,307.8,1585,34.6,78,9.600000000000023,5742.936090517262,L,0
298.1,307.7,1523,37.7,80,9.599999999999966,6012.704651681018,L,0
298.2,307.6,1369,54.5,82,9.400000000000034,7813.193289355376,L,0
298.2,307.7,1681,31.0,84,9.5,5457.0511590405895,M,0
298.2,307.7,1503,38.3,87,9.5,6028.182231487702,L,0
298.2,307.7,1459,44.5,89,9.5,6798.98246102147,L,0
298.2,307.7,1688,32.4,91,9.5,5727.249071200336,L,0
298.2,307.7,1952,21.6,93,9.5,4415.319979061239,M,0
298.2,307.8,2029,19.9,96,9.600000000000023,4228.280024442014,L,0
298.3,307.8,1457,52.5,98,9.5,8010.275868490575,M,0
298.3,307.8,1392,50.4,101,9.5,7346.802915978947,M,0
298.3,307.8,1906,22.1,104,9.5,4411.068357003382,L,0
298.3,307.7,1602,33.4,106,9.399999999999977,5603.218993236612,M,0
298.3,307.7,1465,49.4,109,9.399999999999977,7578.673397764897,L,0
298.3,307.7,1439,43.8,111,9.399999999999977,6600.297669632939,M,0
298.3,307.8,1330,55.4,114,9.5,7715.960996726771,M,0
298.3,307.9,1485,42.0,117,9.599999999999966,6531.37112681318,M,0
298.4,307.9,1700,28.2,120,9.5,5020.265060436489,H,0
298.4,308.0,1515,42.8,125,9.600000000000023,6790.238361468979,L,0
298.5,308.1,1501,39.2,127,9.600000000000023,6161.626615436687,M,0
298.4,308.0,1380,47.6,130,9.600000000000023,6878.8312743002125,L,0
298.4,307.9,1544,35.9,132,9.5,5804.5741383806935,L,0
298.4,307.9,1743,27.3,134,9.5,4982.974355638378,L,0
298.4,307.9,1948,21.4,136,9.5,4365.47337562428,H,0
298.5,307.9,1260,54.2,141,9.399999999999977,7151.521516631806,H,0
298.5,307.9,1640,33.1,146,9.399999999999977,5684.607186915611,M,0
298.5,308.0,1363,49.2,149,9.5,7022.464890422337,M,0
298.5,308.0,1379,49.6,152,9.5,7162.663698576537,L,0
298.5,308.0,1713,25.8,154,9.5,4628.131465415412,M,0
298.5,308.0,1461,51.9,157,9.5,7940.469679727809,M,0
298.5,308.0,1624,29.8,160,9.5,5067.9334929669585,L,0
298.4,308.0,1526,41.1,162,9.600000000000023,6567.876433447895,L,0
298.4,307.9,2381,14.2,164,9.5,3540.595864546721,L,0
298.4,307.7,1626,31.1,166,9.300000000000011,5295.531408744027,H,0
298.3,307.7,1576,33.8,171,9.399999999999977,5578.295691518132,L,0
298.4,307.8,1617,31.6,173,9.400000000000034,5350.88627130028,M,0
298.3,307.6,1942,20.6,176,9.300000000000011,4189.334747513014,L,0
298.2,307.6,1492,37.2,178,9.400000000000034,5812.197736553405,L,0
298.2,307.5,1470,51.3,180,9.300000000000011,7897.021453328662,L,0
298.0,307.4,1463,46.5,182,9.399999999999977,7124.032580912895,M,0
298.0,307.3,1424,46.5,185,9.300000000000011,6934.1233050033925,L,0
298.1,307.4,1363,60.1,187,9.299999999999955,8578.254876308585,M,0
298.1,307.4,1335,56.2,190,9.299999999999955,7856.809067362715,M,0
298.1,307.4,1608,33.9,193,9.299999999999955,5708.3995152787975,L,0
298.0,307.4,1606,35.2,195,9.399999999999977,5919.933420620511,H,0
298.1,307.5,1684,33.1,200,9.399999999999977,5837.121038271884,L,0
298.1,307.6,1950,20.3,202,9.5,4145.331506411732,L,0
298.2,307.6,1460,48.6,204,9.400000000000034,7430.494944270579,H,0
298.2,307.6,1511,31.0,209,9.400000000000034,4905.178049559983,L,1
298.2,307.6,1318,55.7,0,9.400000000000034,7687.749494697535,H,0
298.2,307.6,1368,51.8,5,9.400000000000034,7420.693175191377,L,0
298.3,307.7,1717,27.1,7,9.399999999999977,4872.683509546353,M,0
298.3,307.7,1520,41.4,10,9.399999999999977,6589.80475016995,M,0
298.3,307.8,1485,42.0,13,9.5,6531.37112681318,M,0
298.4,307.9,1981,23.2,16,9.5,4812.836169495467,L,0
298.4,307.9,1605,31.0,18,9.5,5210.331415978671,H,0
298.4,307.9,1446,45.3,23,9.5,6859.541895407169,L,0
298.4,308.0,1508,47.9,25,9.600000000000023,7564.243015509407,L,0
298.5,308.0,1384,59.5,27,9.5,8623.462394593742,L,0
298.5,308.0,1519,37.3,29,9.5,5933.285189398267,M,0
298.5,308.0,1404,48.1,32,9.5,7071.976390642912,L,0
298.5,308.1,1564,31.1,34,9.600000000000023,5093.6107769223,L,0
298.6,308.2,1555,36.8,36,9.599999999999966,5992.48326696741,H,0
298.6,308.2,1325,54.0,41,9.599999999999966,7492.698478811657,L,0
298.6,308.2,1488,44.0,43,9.599999999999966,6856.211807194364,M,0
298.5,308.2,1595,32.3,46,9.699999999999989,5395.004704132192,L,0
298.5,308.1,1662,28.6,48,9.600000000000023,4977.665064053812,L,0
298.4,308.0,1571,37.4,50,9.600000000000023,6152.8510999576565,L,0
298.3,308.0,1553,41.0,52,9.699999999999989,6667.8209677340965,H,0
298.3,308.0,2886,3.8,57,9.699999999999989,1148.4406104462848,L,1
298.2,308.0,1538,38.2,59,9.800000000000011,6152.453164888204,L,0
298.4,308.2,1618,33.0,61,9.800000000000011,5591.406604859114,L,0
298.4,308.2,1364,45.9,63,9.800000000000011,6556.25254062961,L,0
298.3,308.0,1442,47.3,65,9.699999999999989,7142.578449544586,L,0
298.2,307.9,1313,67.3,67,9.699999999999989,9253.550689173224,L,1
298.2,307.9,1847,23.6,69,9.699999999999989,4564.650349861874,L,0
298.1,307.8,1524,40.8,71,9.699999999999989,6511.390597536348,L,0
298.1,307.7,1445,48.0,73,9.599999999999966,7263.362215099602,M,0
298.1,307.8,1761,28.2,76,9.699999999999989,5200.403983193328,L,0
298.1,307.8,1514,43.5,78,9.699999999999989,6896.738352425672,M,0
298.1,307.7,1498,38.3,81,9.599999999999966,6008.128398382288,M,0
298.1,307.6,1542,37.1,84,9.5,5990.82869483652,H,0
298.0,307.6,1508,41.8,89,9.600000000000023,6600.946932114681,M,0
298.0,307.5,1431,52.9,92,9.5,7927.274990582733,M,0
298.0,307.5,1427,45.1,95,9.5,6739.522584064528,M,0
298.0,307.5,1524,36.3,98,9.5,5793.222516925722,M,0
298.0,307.5,1427,43.6,101,9.5,6515.369948230897,M,0
298.1,307.6,1496,44.1,104,9.5,6908.739236362387,H,0
298.1,307.7,1388,40.3,109,9.599999999999966,5857.6461102753365,L,0
298.1,307.7,1495,48.1,111,9.599999999999966,7530.345230777174,L,0
298.1,307.7,1376,56.2,113,9.599999999999966,8098.104327109433,H,0
298.0,307.6,1593,32.2,118,9.600000000000023,5371.557950960901,H,0
298.0,307.6,1654,28.9,123,9.600000000000023,5005.667126572808,L,0
298.1,307.7,2567,12.8,125,9.599999999999966,3440.8398258197326,L,1
298.1,307.7,1767,27.0,127,9.599999999999966,4996.074797003848,L,0
298.1,307.6,1364,53.8,129,9.5,7684.670733897015,L,0
298.1,307.8,1569,31.2,131,9.699999999999989,5126.325228421681,M,0
298.2,307.8,1476,36.8,134,9.600000000000023,5688.041994883535,L,0
298.1,307.7,1479,45.0,136,9.599999999999966,6969.623301988957,L,0
298.1,307.7,1650,34.1,138,9.599999999999966,5892.057021807657,L,0
298.1,307.6,1565,36.3,140,9.5,5949.07692847031,M,0
298.1,307.6,1460,46.5,143,9.5,7109.424175073702,L,0
298.1,307.7,1664,27.6,145,9.599999999999966,4809.4013615275435,L,0
298.1,307.7,1435,40.9,147,9.599999999999966,6146.159507605512,M,0
298.1,307.6,2066,19.2,150,9.5,4153.9394702825675,M,0
298.1,307.5,1493,43.7,153,9.399999999999977,6832.346175002595,L,0
298.1,307.6,1354,43.3,155,9.5,6139.530747106437,L,0
298.1,307.6,1488,39.4,157,9.5,6139.426027351317,L,0
298.1,307.7,1414,48.7,159,9.599999999999966,7211.190833098987,L,0
298.1,307.5,1391,57.4,161,9.399999999999977,8361.181295921044,L,0
298.0,307.5,1784,27.8,163,9.5,5193.597199110551,M,0
297.8,307.3,1516,40.1,166,9.5,6366.081465332309,H,0
297.9,307.3,1420,47.8,171,9.400000000000034,7107.958098502026,M,0
297.8,307.2,1351,56.3,174,9.399999999999977,7965.120710082977,L,0
297.8,307.2,1880,23.0,176,9.399999999999977,4528.082211374089,L,0
297.8,307.3,1859,24.0,178,9.5,4672.176594418741,L,0
297.8,307.3,1315,54.0,180,9.5,7436.14981104704,M,0
297.8,307.4,1330,51.7,183,9.599999999999966,7200.635081782925,M,0
297.8,307.3,1327,61.0,186,9.5,8476.7500176711,L,1
297.8,307.2,1498,38.1,188,9.399999999999977,5976.754359748438,L,0
297.8,307.3,1555,35.8,190,9.5,5829.644047756339,H,0
297.7,307.2,1518,35.8,195,9.5,5690.932260124839,L,0
297.7,307.2,1392,43.0,197,9.5,6268.105662442355,L,0
297.8,307.2,1456,39.6,199,9.399999999999977,6037.889752787296,M,0
297.7,307.1,1715,30.2,0,9.400000000000034,5423.7502769125385,L,0
297.7,307.2,1405,43.7,2,9.5,6429.635884714432,M,0
297.7,307.2,1668,37.8,5,9.5,6602.6224481965955,L,0
297.7,307.1,1855,22.5,7,9.400000000000034,4370.7407793068,H,0
297.6,307.1,1496,39.2,12,9.5,6141.101543433232,L,0
297.6,307.1,1471,44.9,14,9.5,6916.519914167777,M,0
297.7,307.2,1444,40.0,17,9.5,6048.6130557115475,L,0
297.7,307.3,1514,38.6,19,9.600000000000023,6119.864377094965,H,0
297.8,307.3,1412,50.7,24,9.5,7496.719717408252,L,0
297.7,307.2,1429,44.1,26,9.5,6599.323775910328,H,0
297.7,307.2,1668,32.7,31,9.5,5711.792435344675,L,0
297.7,307.2,1372,52.8,33,9.5,7586.066612476346,M,0
297.7,307.3,1365,49.2,36,9.600000000000023,7032.769314326111,M,0
297.6,307.1,1526,39.1,39,9.5,6248.271740822693,M,0
297.6,307.2,1486,40.6,42,9.599999999999966,6317.910377977266,L,0
297.6,307.2,1470,42.6,44,9.599999999999966,6557.760505103334,M,0
297.7,307.3,1249,62.8,47,9.600000000000023,8213.924376271778,H,0
297.8,307.4,1752,26.1,52,9.599999999999966,4788.541186307707,M,0
297.7,307.4,1643,36.5,55,9.699999999999989,6279.991354648437,L,0
297.8,307.4,1488,36.1,57,9.599999999999966,5625.21014181174,M,0
297.8,307.4,1355,45.8,60,9.599999999999966,6498.803282970966,L,0
297.8,307.6,1607,30.3,62,9.800000000000011,5099.024788261986,L,0
297.9,307.6,1609,30.3,64,9.700000000000045,5105.370805422236,M,0
297.9,307.7,1517,44.4,67,9.800000000000011,7053.37816213366,L,0
297.9,307.7,1517,39.5,69,9.800000000000011,6274.964806402693,M,0
297.9,307.7,1546,37.6,72,9.800000000000011,6087.317477203774,L,0
297.9,307.7,1567,34.7,74,9.800000000000011,5694.126212655989,L,0
298.1,307.9,1662,28.9,76,9.799999999999955,5029.878333956473,M,0
298.1,307.9,1502,41.8,79,9.799999999999955,6574.68321753067,L,0
298.3,308.0,1361,56.9,81,9.699999999999989,8109.592084246062,L,0
298.3,308.1,1630,32.7,83,9.800000000000011,5581.667667632986,M,0
298.3,308.0,1486,42.3,86,9.699999999999989,6582.453423360549,L,0
298.3,308.1,1840,21.5,88,9.800000000000011,4142.713512533741,L,0
298.3,308.1,1326,58.4,90,9.800000000000011,8109.330284858261,L,0
298.4,308.1,1367,57.8,92,9.700000000000045,8274.180123367629,L,0
298.4,308.1,1598,32.7,94,9.700000000000045,5472.088915875774,L,0
298.3,308.0,1363,50.1,96,9.699999999999989,7150.924614027623,L,0
298.3,308.0,1242,62.0,98,9.699999999999989,8063.840023234281,L,0
298.2,307.8,1566,33.8,100,9.600000000000023,5542.9004142876865,M,0
298.1,307.7,1424,47.7,103,9.599999999999966,7113.068422551867,M,0
298.2,307.7,1608,33.8,106,9.5,5691.560578655556,M,0
298.1,307.7,1705,29.1,109,9.599999999999966,5195.72301013948,L,0
298.0,307.6,1548,45.8,111,9.600000000000023,7424.4630863756865,L,0
298.0,307.6,1581,43.4,113,9.600000000000023,7185.387885437503,M,0
298.0,307.6,1472,46.7,116,9.600000000000023,7198.6872943377,M,0
298.0,307.6,1792,26.0,119,9.600000000000023,4879.102830535188,M,0
298.0,307.6,1683,32.8,122,9.600000000000023,5780.781810017506,L,0
297.9,307.6,1503,40.7,124,9.700000000000045,6405.92733215534,L,0
297.9,307.5,1642,32.4,126,9.600000000000023,5571.174748169995,M,0
297.8,307.4,1902,24.3,129,9.599999999999966,4840.000473973507,M,0
297.7,307.4,1432,40.2,132,9.699999999999989,6028.339311120382,H,0
297.8,307.4,1512,40.8,137,9.599999999999966,6460.119805429764,L,0
297.7,307.4,1764,29.0,139,9.699999999999989,5357.043792901315,L,0
297.8,307.4,1438,43.6,141,9.599999999999966,6565.593542786285,M,0
297.8,307.5,1631,29.9,144,9.699999999999989,5106.857825944935,L,0
297.9,307.5,1880,23.3,146,9.600000000000023,4587.144153261577,H,0
297.9,307.6,1344,54.3,151,9.700000000000045,7642.363952828674,L,0
297.9,307.5,1574,35.8,153,9.600000000000023,5900.874425188732,L,0
297.8,307.4,1418,41.2,155,9.599999999999966,6117.895645698716,L,0
297.8,307.5,1372,54.1,157,9.699999999999989,7772.844767707771,L,0
297.8,307.5,1388,40.0,159,9.699999999999989,5814.04080424351,L,0
297.9,307.6,1493,36.0,161,9.700000000000045,5628.477398171474,H,0
297.9,307.6,1505,40.1,166,9.700000000000045,6319.889581349027,M,0
298.0,307.6,1694,29.1,169,9.600000000000023,5162.202216525677,L,0
297.9,307.6,1968,20.4,171,9.700000000000045,4204.204952740004,L,0
298.0,307.6,1569,35.6,173,9.600000000000023,5849.268529865764,M,0
297.9,307.6,1687,29.1,176,9.700000000000045,5140.870802407801,L,0
297.9,307.6,1430,52.4,178,9.700000000000045,7846.860690626347,L,0
297.9,307.6,1504,42.4,180,9.700000000000045,6677.936896078656,L,0
297.9,307.6,1977,20.2,182,9.700000000000045,4182.025308605661,L,0
298.0,307.7,1435,45.6,184,9.699999999999989,6852.4418960100575,L,0
298.0,307.7,1547,36.8,186,9.699999999999989,5961.653771060182,H,0
298.1,307.8,1316,57.2,191,9.699999999999989,7882.8005105834145,M,0
298.0,307.7,1621,34.9,194,9.699999999999989,5924.300234409,M,0
298.0,307.8,1492,40.2,197,9.800000000000011,6280.923360469003,M,0
298.0,307.7,1643,32.3,200,9.699999999999989,5557.362212469711,L,0
298.0,307.7,1492,38.7,202,9.699999999999989,6046.560548511204,L,0
298.0,307.7,1387,50.8,204,9.699999999999989,7378.512057829178,L,0
298.1,307.9,1463,47.3,206,9.799999999999955,7246.596582304945,M,0
298.1,307.9,1496,40.0,0,9.799999999999955,6266.430146360441,M,0
298.2,308.0,1658,30.0,3,9.800000000000011,5208.760619651877,L,0
298.1,307.9,2161,17.5,5,9.799999999999955,3960.2393392377335,L,0
298.1,307.9,1665,32.0,7,9.799999999999955,5579.468552775473,L,0
298.0,307.8,1716,26.6,9,9.800000000000011,4779.996054289943,L,0
298.0,307.7,1529,34.1,11,9.699999999999989,5459.972840208429,L,0
297.9,307.7,1353,50.7,13,9.800000000000011,7183.471513918813,L,0
297.9,307.7,1537,37.7,15,9.800000000000011,6067.975738433174,L,0
298.0,307.7,1606,30.8,17,9.699999999999989,5179.941743042948,L,0
298.0,307.8,1314,47.8,19,9.800000000000011,6577.364043261735,H,0
298.0,307.8,1623,29.9,24,9.800000000000011,5081.808860520313,L,0
298.0,307.8,1483,50.9,26,9.800000000000011,7904.739299280981,M,0
298.1,307.9,1569,37.0,29,9.799999999999955,6079.295943961609,M,0
298.2,308.0,1969,21.7,32,9.800000000000011,4474.392392924239,M,0
298.1,308.0,1686,29.3,35,9.899999999999977,5173.134958960169,M,0
298.1,308.0,1638,35.1,38,9.899999999999977,6020.736656898695,L,0
298.1,307.9,1698,33.3,40,9.799999999999955,5921.211001632969,L,0
298.1,307.9,1377,55.1,42,9.799999999999955,7945.37056426741,M,0
298.1,308.0,2129,18.4,45,9.899999999999977,4102.249799155504,M,0
298.2,308.0,1411,42.4,48,9.800000000000011,6265.005957690813,L,0
298.1,307.9,1517,40.8,50,9.799999999999955,6481.482635474174,L,0
298.1,307.9,1303,53.9,52,9.799999999999955,7354.646425637408,M,0
298.1,307.9,1578,35.6,55,9.799999999999955,5882.820739406103,L,0
298.1,307.9,1425,58.2,57,9.799999999999955,8684.932890848982,L,0
298.1,308.0,1456,42.4,59,9.899999999999977,6464.8112504591245,L,0
298.1,308.0,1704,30.9,61,9.899999999999977,5513.872098168518,L,0
298.1,308.1,1791,27.3,63,10.0,5120.199122747181,L,0
298.1,308.1,1616,32.8,65,10.0,5550.649676166541,L,0
298.2,308.1,1622,34.9,67,9.900000000000034,5927.954953862676,L,0
298.2,308.1,1462,49.9,69,9.900000000000034,7639.704071048635,L,0
298.1,308.1,1410,45.8,71,10.0,6762.592346117389,L,0
298.1,308.0,1543,41.9,73,9.899999999999977,6770.310192069707,M,0
298.0,307.9,1479,47.6,76,9.899999999999977,7372.312648326097,M,0
298.0,307.8,1839,22.7,79,9.800000000000011,4371.557593396733,L,0
298.0,307.8,1266,60.5,81,9.800000000000011,8020.800203880101,L,0
297.9,307.7,1593,34.9,83,9.800000000000011,5821.968089706068,L,0
297.9,307.8,1459,46.9,85,9.900000000000034,7165.66915554847,L,0
297.9,307.7,1308,55.2,87,9.800000000000011,7560.933871247627,L,0
297.9,307.7,1364,46.8,89,9.800000000000011,6684.806512014504,M,0
297.9,307.7,1618,35.9,92,9.800000000000011,6082.772639831581,H,0
297.9,307.7,1464,43.2,97,9.800000000000011,6622.979968591858,H,0
297.8,307.6,1352,49.4,102,9.800000000000011,6994.106780735932,M,0
297.8,307.6,1446,51.4,105,9.800000000000011,7783.232967415641,L,0
297.8,307.5,1448,51.2,107,9.699999999999989,7763.671317159289,L,0
297.8,307.5,1391,48.6,109,9.699999999999989,7079.327717452313,L,0
297.7,307.5,1379,43.3,111,9.800000000000011,6252.889882023468,L,0
297.8,307.5,1405,46.9,113,9.699999999999989,6900.455903732422,M,0
297.8,307.5,1581,33.1,116,9.699999999999989,5480.099977142428,L,0
297.9,307.6,1515,40.5,118,9.700000000000045,6425.342374754525,L,0
297.9,307.6,1589,37.8,120,9.700000000000045,6289.908315458269,L,0
298.0,307.6,1281,50.8,122,9.600000000000023,6814.617120460835,L,0
297.8,307.5,1631,31.3,124,9.699999999999989,5345.974914785167,H,0
297.9,307.6,1202,67.0,129,9.700000000000045,8433.50075880668,M,0
297.9,307.6,1298,52.7,132,9.700000000000045,7163.312961058279,L,0
297.9,307.6,1612,30.7,134,9.700000000000045,5182.41312926377,L,0
297.9,307.6,1747,25.3,136,9.700000000000045,4628.518928509354,L,0
298.0,307.6,1450,48.7,138,9.600000000000023,7394.785507774775,L,0
298.0,307.7,1422,45.6,140,9.699999999999989,6790.364025175122,L,0
298.1,307.7,1419,47.4,142,9.599999999999966,7043.513561201388,M,0
298.1,307.7,1633,30.7,145,9.599999999999966,5249.925955389415,M,0
298.0,307.7,1442,43.6,148,9.699999999999989,6583.856668079154,L,0
298.0,307.6,1420,45.8,150,9.600000000000023,6810.553993962192,H,0
298.0,307.6,1301,58.5,155,9.600000000000023,7970.063482524627,M,0
298.0,307.6,1385,45.0,158,9.600000000000023,6526.658737832796,L,0
298.0,307.7,1487,41.3,160,9.699999999999989,6431.164793139177,M,0
298.0,307.6,1459,44.4,163,9.600000000000023,6783.703848749512,M,0
298.0,307.5,1387,45.5,166,9.5,6608.706665969048,M,0
298.1,307.7,1537,40.8,169,9.599999999999966,6566.933955651816,L,0
298.1,307.6,1498,42.9,171,9.5,6729.7312869608395,L,0
298.2,307.8,1599,31.2,173,9.600000000000023,5224.342919213682,M,0
298.3,307.9,1420,39.2,176,9.599999999999966,5829.1204489807415,H,0
298.2,307.9,1785,23.4,181,9.699999999999989,4374.039451593069,L,0
298.2,307.8,1423,48.1,183,9.600000000000023,7167.679774846769,L,0
298.2,307.8,1583,36.6,185,9.600000000000023,6067.232228171824,M,0
298.2,307.8,1375,46.6,188,9.600000000000023,6709.9183092921985,L,0
298.3,308.0,1463,42.5,190,9.699999999999989,6511.212573952646,M,0
298.2,307.9,1403,45.1,193,9.699999999999989,6626.173921123008,M,0
298.3,308.0,1451,47.1,196,9.699999999999989,7156.7679763633,L,0
298.4,308.0,1416,38.2,198,9.600000000000023,5664.417218128541,M,1
298.3,308.1,1672,41.3,0,9.800000000000011,7231.276082130938,L,0
298.3,308.0,1637,30.8,2,9.699999999999989,5279.928165231197,H,0
298.4,308.0,1540,37.8,7,9.600000000000023,6095.946385025634,L,0
298.4,308.1,1279,53.1,9,9.700000000000045,7112.031696976182,L,0
298.4,308.2,1604,34.9,11,9.800000000000011,5862.170003696505,L,0
298.5,308.2,1654,27.1,13,9.699999999999989,4693.895471630558,L,0
298.5,308.2,1564,37.5,15,9.699999999999989,6141.813637768046,M,0
298.5,308.2,1451,47.5,18,9.699999999999989,7217.54732223475,L,0
298.5,308.3,1504,38.0,20,9.800000000000011,5984.943444598795,L,0
298.5,308.3,1381,50.5,22,9.800000000000011,7303.208081922631,M,0
298.6,308.4,1562,34.4,25,9.799999999999955,5626.885657893655,L,0
298.5,308.3,1811,24.7,27,9.800000000000011,4684.292670086085,L,0
298.6,308.3,1717,28.7,29,9.699999999999989,5160.369620811081,M,0
298.6,308.3,1278,60.5,32,9.699999999999989,8096.826746096973,L,0
298.7,308.5,1616,30.2,34,9.800000000000011,5110.659153055779,L,0
298.6,308.4,1397,46.4,36,9.799999999999955,6788.018302660441,L,0
298.6,308.4,1485,42.9,38,9.799999999999955,6671.329079530606,L,0
298.6,308.4,1310,59.7,40,9.799999999999955,8189.817888643232,L,0
298.5,308.2,1301,66.3,42,9.699999999999989,9032.73861352791,L,1
298.5,308.3,1458,44.0,44,9.800000000000011,6717.981730436413,L,0
298.7,308.5,1483,42.5,46,9.800000000000011,6600.224365804355,L,0
298.7,308.5,1375,46.4,48,9.800000000000011,6681.120376634292,L,0
298.7,308.5,1660,27.0,50,9.800000000000011,4693.539424463151,M,0
298.7,308.4,1560,33.3,53,9.699999999999989,5439.981838956085,H,0
298.7,308.5,1480,42.2,58,9.800000000000011,6540.377025753471,L,0
298.7,308.4,1373,46.9,60,9.699999999999989,6743.292495248836,L,0
298.7,308.5,1444,54.2,62,9.800000000000011,8195.870690489148,L,0
298.7,308.6,1722,24.7,64,9.900000000000034,4454.087232406537,M,0
298.7,308.5,1469,39.9,67,9.800000000000011,6137.94947880413,L,0
298.7,308.5,1360,52.9,69,9.800000000000011,7533.958062328803,M,0
298.7,308.4,1750,25.8,72,9.699999999999989,4728.096943652638,L,0
298.7,308.3,1349,46.6,74,9.600000000000023,6583.039853989219,M,0
298.7,308.5,1668,35.2,77,9.800000000000011,6148.473814193656,L,0
298.9,308.6,1400,49.5,79,9.700000000000045,7257.079029792421,L,0
298.8,308.6,1331,62.8,81,9.800000000000011,8753.189227235976,L,0
298.8,308.5,1444,42.2,83,9.699999999999989,6381.286773775683,L,0
298.8,308.5,1359,47.6,85,9.699999999999989,6774.153407082599,H,0
298.8,308.5,1425,47.4,90,9.699999999999989,7073.295859557418,M,0
298.9,308.6,1469,34.2,93,9.700000000000045,5261.099553260683,M,0
299.0,308.7,1892,22.8,96,9.699999999999989,4517.358908449835,L,0
299.0,308.7,1940,19.9,98,9.699999999999989,4042.8108661495844,H,0
299.0,308.8,1405,55.2,103,9.800000000000011,8121.645328060335,L,0
299.0,308.9,1449,39.6,105,9.899999999999977,6008.861436668127,M,0
299.1,308.9,1686,29.6,108,9.799999999999955,5226.102211099693,L,0
299.1,308.9,1680,27.2,110,9.799999999999955,4785.273929947973,L,0
299.1,308.9,1397,52.4,112,9.799999999999955,7665.779290073429,M,0
299.2,309.0,1597,30.3,115,9.800000000000011,5067.294702460728,M,0
299.3,309.1,1470,41.1,118,9.800000000000011,6326.853445064484,L,0
299.3,309.1,1703,31.3,120,9.800000000000011,5581.971354922833,M,0
299.3,309.1,1388,45.5,123,9.800000000000011,6613.471414826993,L,0
299.3,309.2,1775,24.2,125,9.899999999999977,4498.237081164985,L,0
299.3,309.2,1465,41.5,127,9.899999999999977,6366.699311887515,L,0
299.3,309.2,1586,37.9,129,9.899999999999977,6294.641648389676,M,0
299.5,309.3,1675,29.2,132,9.800000000000011,5121.843222902559,M,0
299.4,309.2,1470,44.4,135,9.800000000000011,6834.8489771499535,M,0
299.5,309.3,1477,40.4,138,9.800000000000011,6248.711563794193,L,0
299.5,309.3,1382,61.0,140,9.800000000000011,8828.084796097557,L,0
299.6,309.4,1605,29.8,142,9.799999999999955,5008.641167618207,M,0
299.6,309.4,1643,32.9,145,9.799999999999955,5660.594947066673,L,0
299.5,309.3,1333,54.1,147,9.800000000000011,7551.896556380801,L,0
299.5,309.3,1520,42.3,149,9.800000000000011,6733.061375173645,L,0
299.5,309.3,1902,24.0,151,9.800000000000011,4780.247381702229,M,0
299.5,309.4,1386,44.4,154,9.899999999999977,6444.286178455671,H,0
299.6,309.5,1803,27.7,159,9.899999999999977,5230.02920191668,L,0
299.7,309.6,1359,50.7,161,9.900000000000034,7215.327263426214,L,0
299.7,309.6,1477,42.7,163,9.900000000000034,6604.45504391119,M,0
299.7,309.6,1321,53.4,166,9.900000000000034,7387.078133797968,L,0
299.6,309.5,1453,41.4,168,9.899999999999977,6299.333093419037,L,0
299.7,309.6,1419,45.1,170,9.900000000000034,6701.739696417355,L,0
299.7,309.6,1512,36.2,172,9.900000000000034,5731.772964621507,L,0
299.7,309.6,1553,36.8,174,9.900000000000034,5984.775892990603,L,0
299.7,309.6,1534,39.1,176,9.900000000000034,6281.028080224121,M,0
299.7,309.6,1553,41.0,179,9.900000000000034,6667.8209677340965,H,0
299.7,309.5,1352,49.7,184,9.800000000000011,7036.581113412467,L,0
299.7,309.6,1313,60.0,186,9.900000000000034,8249.822308326797,M,0
299.6,309.5,1570,35.5,189,9.899999999999977,5836.555551594238,L,0
299.6,309.4,1677,31.1,191,9.799999999999955,5461.6274123393205,L,0
299.5,309.4,1602,31.5,193,9.899999999999977,5284.473002603391,L,0
299.5,309.4,1390,58.8,195,9.899999999999977,8558.955025440031,L,1
299.4,309.3,1544,36.0,197,9.900000000000034,5820.742868571169,L,0
299.4,309.4,1701,31.2,199,10.0,5557.603067906487,L,0
299.4,309.3,1692,28.4,201,9.900000000000034,5032.077448813986,M,0
299.3,309.3,1523,37.9,204,10.0,6044.602289090465,M,0
299.3,309.2,2280,15.4,207,9.899999999999977,3676.9200417614943,L,0
299.4,309.3,1485,47.1,209,9.900000000000034,7324.466192211924,M,0
299.4,309.2,1513,36.1,212,9.800000000000011,5719.719720807233,H,0
299.4,309.3,1743,28.2,0,9.900000000000034,5147.248235494589,H,0
299.5,309.3,1442,46.2,5,9.800000000000011,6976.471973973782,L,0
299.5,309.3,1462,46.7,7,9.800000000000011,7149.783168696819,L,0
299.4,309.3,1439,49.7,9,9.900000000000034,7489.378862574363,H,0
299.5,309.3,1577,36.6,14,9.800000000000011,6044.235769947547,L,0
299.6,309.4,1331,46.4,16,9.799999999999955,6467.324524581994,L,0
299.5,309.3,1941,22.5,18,9.800000000000011,4573.373505463342,L,0
299.5,309.2,1393,47.3,20,9.699999999999989,6899.869473103751,L,0
299.4,309.2,1433,42.1,22,9.800000000000011,6317.669522540489,L,0
299.4,309.2,1444,48.2,24,9.800000000000011,7288.578732132415,L,0
299.4,309.2,1564,39.0,26,9.800000000000011,6387.486183278768,L,0
299.4,309.3,1377,43.6,28,9.900000000000034,6287.080882070038,L,0
299.4,309.3,1525,41.5,30,9.900000000000034,6627.451502135468,L,0
299.5,309.4,1387,56.2,32,9.899999999999977,8162.842079724407,M,0
299.4,309.4,1326,47.5,35,10.0,6595.77377621177,M,0
299.4,309.3,1401,59.0,38,9.900000000000034,8656.030238435957,L,0
299.4,309.3,1596,31.8,40,9.900000000000034,5314.820787637069,L,0
299.3,309.3,1471,46.0,42,10.0,7085.966949926898,M,0
299.3,309.3,1528,37.8,45,10.0,6048.445504103356,L,0
299.3,309.3,1325,62.0,47,10.0,8602.72788308005,L,0
299.3,309.1,1376,46.7,49,9.800000000000011,6729.207688185241,M,0
299.3,309.1,1600,35.3,52,9.800000000000011,5914.571769158384,M,0
299.3,309.1,1495,44.0,55,9.800000000000011,6888.46549177122,L,0
299.4,309.1,1645,28.6,57,9.700000000000045,4926.750319114633,L,0
299.4,309.1,1417,47.3,59,9.700000000000045,7018.747339115588,M,0
299.4,309.0,1415,51.7,62,9.600000000000023,7660.826045656271,H,0
299.3,309.0,1496,43.4,67,9.699999999999989,6799.076708801078,M,0
299.3,309.0,1508,35.0,70,9.699999999999989,5527.1086752156425,H,0
299.4,309.0,1436,47.9,75,9.600000000000023,7203.085524052725,L,0
299.5,309.1,1852,22.6,77,9.600000000000023,4383.066294484383,L,0
299.5,309.1,1863,22.5,79,9.600000000000023,4389.590335228338,L,0
299.4,309.1,1373,44.1,81,9.700000000000045,6340.707868666816,H,0
299.4,309.0,1404,47.3,86,9.600000000000023,6954.35516169251,L,0
299.4,309.0,1381,44.9,88,9.600000000000023,6493.34738372923,M,0
299.4,308.9,1762,29.3,91,9.5,5406.324909660627,H,0
299.3,308.9,1429,43.0,96,9.599999999999966,6434.714792837734,H,0
299.3,308.9,1858,24.7,101,9.599999999999966,4805.861833804498,M,0
299.2,308.8,1908,21.3,104,9.600000000000023,4255.852735965021,H,0
299.2,308.8,1503,37.4,109,9.600000000000023,5886.527818737339,M,0
299.2,308.8,1523,38.9,112,9.600000000000023,6204.090476137707,M,0
299.3,309.0,1491,38.4,115,9.699999999999989,5995.666747523048,L,0
299.2,308.9,1430,39.1,117,9.699999999999989,5855.195668005538,L,0
299.3,308.9,1258,69.4,119,9.599999999999966,9142.579164672921,L,1
299.3,309.0,1449,46.5,121,9.699999999999989,7055.860020329997,L,0
299.3,309.0,1425,40.6,123,9.699999999999989,6058.561432447916,H,0
299.4,309.0,1800,24.3,128,9.600000000000023,4580.442088933918,L,0
299.4,309.0,1607,33.7,130,9.600000000000023,5671.192586284783,H,0
299.4,309.0,1391,58.2,135,9.600000000000023,8477.713439418201,L,0
299.4,309.1,1432,45.4,137,9.700000000000045,6808.124495643417,L,0
299.4,309.0,1660,28.4,139,9.600000000000023,4936.90813536124,L,0
299.3,309.0,1732,29.7,141,9.699999999999989,5386.826091257346,H,0
299.3,309.0,1473,46.3,146,9.699999999999989,7141.876827185284,L,0
299.3,309.0,1511,47.8,148,9.699999999999989,7563.468089321522,L,0
299.2,308.9,1588,41.5,150,9.699999999999989,6901.241301895819,L,0
299.3,308.9,1623,31.1,152,9.599999999999966,5285.7610555913625,L,0
299.3,309.0,1734,30.6,154,9.699999999999989,5556.472094551195,L,0
299.3,309.0,1415,47.6,156,9.699999999999989,7053.294386329564,L,0
299.3,309.0,1419,46.6,158,9.699999999999989,6924.6356951895505,L,0
299.3,308.9,1577,34.9,160,9.599999999999966,5763.492578447251,M,0
299.3,308.9,1376,60.3,163,9.599999999999966,8688.891297592505,L,0
299.3,308.8,1442,49.0,165,9.5,7399.28845724492,M,0
299.4,308.9,1451,40.5,168,9.5,6153.908769484366,L,0
299.3,308.8,1550,45.8,170,9.5,7434.055415944647,L,0
299.3,308.8,1647,32.9,172,9.5,5674.376066840421,L,0
299.4,308.9,1550,33.7,174,9.5,5470.036408675429,L,0
299.4,308.9,1583,34.1,176,9.5,5652.803797285771,L,0
299.4,309.0,1613,32.2,178,9.600000000000023,5438.997473257961,L,0
299.3,308.8,1636,35.5,180,9.5,6081.9139378396,H,0
299.3,308.7,1289,51.5,185,9.399999999999977,6951.663863985934,M,0
299.3,308.8,1648,28.4,188,9.5,4901.21964281646,M,0
299.3,308.8,1397,45.4,191,9.5,6641.724804758277,H,0
299.3,308.9,1767,24.8,196,9.599999999999966,4588.9872209516825,M,0
299.3,308.8,1341,47.7,199,9.5,6698.472440057622,L,0
299.4,308.9,1457,41.5,201,9.5,6331.932353187788,M,0
299.4,309.0,1939,19.8,204,9.600000000000023,4020.4217825050023,M,0
299.5,309.0,1399,49.7,207,9.5,7281.195989396481,M,0
299.5,309.0,1602,31.3,210,9.5,5250.920793063053,M,0
299.4,309.0,1507,41.0,213,9.600000000000023,6470.3195095784195,L,0
299.4,309.1,1464,40.5,215,9.700000000000045,6209.043720554867,L,0
299.5,309.1,1336,42.1,217,9.600000000000023,5890.025458558337,L,0
299.6,309.2,1422,39.8,219,9.599999999999966,5926.677372850216,L,0
299.6,309.2,1540,36.7,221,9.599999999999966,5918.551119852931,L,0
299.5,309.1,1476,47.8,223,9.600000000000023,7388.271939006331,L,0
299.6,309.2,1867,23.4,225,9.599999999999966,4574.975717716672,M,1
299.6,309.1,1588,41.3,0,9.5,6867.982307669814,H,0
299.5,309.1,1420,49.5,5,9.600000000000023,7360.7515873608845,M,0
299.5,309.1,1415,49.2,8,9.600000000000023,7290.379911920474,L,0
299.4,309.1,1500,43.3,10,9.700000000000045,6801.548095021902,M,0
299.5,309.1,1502,44.6,13,9.600000000000023,7015.092619661912,L,0
299.5,309.2,1816,23.0,15,9.699999999999989,4373.93473183795,L,0
299.5,309.2,1495,41.6,17,9.699999999999989,6512.731010401881,M,0
299.6,309.2,1572,33.4,20,9.599999999999966,5498.289798606712,L,0
299.5,309.2,1590,35.9,22,9.699999999999989,5977.508341985298,M,0
299.6,309.3,1387,48.3,25,9.699999999999989,7015.396306951758,M,0
299.6,309.2,1393,47.7,28,9.599999999999966,6958.219320656426,M,0
299.6,309.2,1602,37.3,31,9.599999999999966,6257.487079273222,L,0
299.6,309.2,1601,33.3,33,9.599999999999966,5582.9557206209565,L,0
299.6,309.2,1597,36.3,35,9.599999999999966,6070.719396017308,H,0
299.5,309.1,1548,44.3,40,9.600000000000023,7181.303814987836,H,0
299.5,309.2,1314,61.8,45,9.699999999999989,8503.788658442996,M,0
299.6,309.3,1577,39.8,48,9.699999999999989,6572.693542183398,M,0
299.8,309.4,1475,43.4,51,9.599999999999966,6703.63512398502,L,0
299.8,309.4,1630,32.4,53,9.599999999999966,5530.459707379471,L,0
299.7,309.4,1445,42.9,55,9.699999999999989,6491.629979745268,L,0
299.8,309.4,1439,47.4,57,9.599999999999966,7142.7878890548245,M,0
299.7,309.3,1420,44.1,60,9.600000000000023,6557.760505103334,L,0
299.7,309.2,1554,41.6,62,9.5,6769.755177367573,H,0
299.6,309.1,1471,44.3,67,9.5,6824.094258299165,M,0
299.6,309.0,1648,33.6,70,9.399999999999977,5798.626056289896,L,0
299.6,309.0,1472,48.8,72,9.399999999999977,7522.397001363591,L,0
299.5,308.9,1448,42.9,74,9.399999999999977,6505.107412229169,M,0
299.6,308.9,1568,35.3,77,9.299999999999955,5796.280333775216,M,0
299.6,308.9,1613,30.8,80,9.299999999999955,5202.519322246745,L,0
299.7,308.9,1551,35.4,82,9.199999999999989,5749.680042746968,M,0
299.7,309.0,1412,49.2,85,9.300000000000011,7274.923276064813,L,0
299.7,308.9,1478,41.0,87,9.199999999999989,6345.8077207411425,M,0
299.8,309.1,1268,58.0,90,9.300000000000011,7701.509670520259,M,0
299.8,309.1,1546,35.6,93,9.300000000000011,5763.523994373786,L,0
299.8,309.0,1567,36.1,95,9.199999999999989,5923.860411437498,L,0
299.9,309.2,1548,35.7,97,9.300000000000011,5787.190659030831,M,0
299.8,309.0,1614,30.8,100,9.199999999999989,5205.744690704431,L,0
299.7,309.1,1352,46.1,102,9.400000000000034,6526.889121294059,M,0
299.9,309.2,1624,34.6,105,9.300000000000011,5884.24492807573,L,0
299.9,309.2,1436,52.0,107,9.300000000000011,7819.633554295235,L,0
299.8,309.2,1591,37.5,109,9.399999999999977,6247.842389826701,L,0
299.8,309.2,1435,42.6,111,9.399999999999977,6401.623350219922,H,0
299.8,309.3,1386,49.4,116,9.5,7169.994081434913,L,0
299.7,309.2,1401,54.1,118,9.5,7937.139591515004,L,0
299.6,309.0,1245,64.0,120,9.399999999999977,8344.07008793449,M,0
299.7,309.1,1475,40.0,123,9.400000000000034,6178.465552059926,L,0
299.7,309.1,1473,39.4,125,9.400000000000034,6077.536652075599,L,0
299.7,309.2,1355,44.8,127,9.5,6356.908014783828,H,0
299.7,309.2,1468,49.6,132,9.5,7624.938585576764,H,0
299.7,309.2,1645,30.8,137,9.5,5305.731112892682,L,0
299.7,309.1,1347,55.3,139,9.400000000000034,7800.480311083849,L,0
299.7,309.1,1713,33.5,141,9.400000000000034,6009.395507419236,L,0
299.6,309.1,1435,48.4,143,9.5,7273.20587208085,M,0
299.6,309.0,1736,26.1,146,9.399999999999977,4744.8102165697355,M,0
299.6,309.0,1372,60.4,149,9.399999999999977,8678.000443060062,L,0
299.7,309.0,1605,33.0,151,9.300000000000011,5546.48182991278,L,0
299.6,309.0,1413,48.5,153,9.399999999999977,7176.4971782278435,L,0
299.7,309.0,1645,31.9,155,9.300000000000011,5495.221509781706,M,0
299.7,309.0,1465,49.0,158,9.300000000000011,7517.307621264777,M,0
299.6,308.9,1685,27.8,161,9.299999999999955,4905.387489070224,M,0
299.5,308.8,1965,20.4,164,9.300000000000011,4197.796103726681,L,0
299.4,308.6,1542,41.8,166,9.200000000000045,6749.774648090742,H,0
299.4,308.7,1681,30.8,171,9.300000000000011,5421.844377369361,L,0
299.5,308.7,1446,45.7,173,9.199999999999989,6920.111801768381,L,0
299.4,308.6,1415,56.4,175,9.200000000000045,8357.264777079567,L,0
299.5,308.6,1672,30.5,177,9.100000000000023,5340.288632082171,L,0
299.5,308.7,2549,13.0,179,9.199999999999989,3470.0985254001657,L,1
299.4,308.6,1492,40.5,181,9.200000000000045,6327.795922860561,L,0
299.4,308.6,1455,42.7,183,9.200000000000045,6506.081305951782,M,0
299.3,308.5,1422,43.1,186,9.199999999999989,6418.085295724732,M,0
299.3,308.6,1403,50.6,189,9.300000000000011,7434.243911503862,L,0
299.3,308.6,1474,49.6,191,9.300000000000011,7656.103184700375,L,0
299.2,308.6,1381,50.0,193,9.400000000000034,7230.899091012506,L,0
299.2,308.5,1457,44.7,195,9.300000000000011,6820.17773945769,L,0
299.2,308.4,1711,28.9,197,9.199999999999989,5178.171979181423,L,0
299.2,308.4,1667,29.0,199,9.199999999999989,5062.467121749712,L,0
299.2,308.4,1465,35.0,201,9.199999999999989,5369.505443760555,L,0
299.3,308.4,1542,37.5,203,9.099999999999966,6055.419839794326,M,1
299.3,308.4,1438,42.3,0,9.099999999999966,6369.830432565593,M,0
299.3,308.4,1406,47.4,3,9.099999999999966,6978.985248096653,L,0
299.2,308.4,1396,48.5,5,9.199999999999989,7090.155740131685,M,0
299.3,308.5,1304,60.6,8,9.199999999999989,8275.206376967802,M,0
299.2,308.5,1442,46.5,11,9.300000000000011,7021.773740038547,L,0
299.2,308.4,1396,48.7,13,9.199999999999989,7119.393495761094,M,0
299.1,308.3,1424,43.4,16,9.199999999999989,6471.8484180031655,H,0
299.1,308.3,1451,42.8,21,9.199999999999989,6503.390008245206,H,0
299.2,308.4,1386,54.1,26,9.199999999999989,7852.1595102354,L,0
299.1,308.3,1325,46.9,28,9.199999999999989,6507.547382523458,L,0
299.1,308.3,1559,33.7,30,9.199999999999989,5501.797910403221,L,0
299.1,308.3,1489,38.1,32,9.199999999999989,5940.845955717906,L,0
299.1,308.3,1892,25.2,34,9.199999999999989,4992.8703724971865,L,0
299.1,308.2,1319,60.3,36,9.099999999999966,8328.959027270723,L,0
299.1,308.3,1431,52.3,38,9.199999999999989,7837.362608836993,L,0
299.1,308.3,1521,36.5,40,9.199999999999989,5813.674285100591,H,0
299.1,308.2,1435,45.2,45,9.099999999999966,6792.332756571373,M,0
299.1,308.3,1533,42.4,48,9.199999999999989,6806.700306973788,L,0
299.2,308.4,1529,43.0,50,9.199999999999989,6885.009739852271,M,0
299.2,308.4,1415,43.5,53,9.199999999999989,6445.762727002858,M,0
299.2,308.4,1330,51.2,56,9.199999999999989,7130.996444628352,M,0
299.2,308.5,1381,60.6,59,9.300000000000011,8763.849698307158,L,0
299.2,308.5,1370,52.4,61,9.300000000000011,7517.621780530135,L,0
299.2,308.5,1438,46.6,63,9.300000000000011,7017.354566372497,L,0
299.3,308.6,1314,48.2,65,9.300000000000011,6632.404746552628,L,0
299.3,308.6,1437,48.1,67,9.300000000000011,7238.198057944348,L,0
299.2,308.5,1821,26.1,69,9.300000000000011,4977.130993302701,L,0
299.3,308.6,1448,52.1,71,9.300000000000011,7900.142102031229,M,0
299.3,308.5,1589,32.7,74,9.199999999999989,5441.269891944059,L,0
299.3,308.6,1520,33.7,76,9.300000000000011,5364.164736249453,L,0
299.3,308.6,1605,37.0,78,9.300000000000011,6218.782657780996,L,0
299.3,308.7,1393,54.2,80,9.399999999999977,7906.404343387386,L,0
299.3,308.7,1408,44.4,82,9.399999999999977,6546.576435256554,H,0
299.3,308.7,1459,35.6,87,9.399999999999977,5439.185968817176,M,0
299.4,308.7,1525,39.0,90,9.300000000000011,6228.207435741765,L,0
299.4,308.8,1390,57.0,92,9.400000000000034,8296.946198130643,L,0
299.3,308.7,1536,38.9,94,9.399999999999977,6257.047256301719,L,0
299.4,308.7,1459,47.6,96,9.300000000000011,7272.61944145218,L,0
299.2,308.5,1387,51.1,98,9.300000000000011,7422.085947934469,L,0
299.2,308.5,1378,53.4,100,9.300000000000011,7705.824124431188,L,0
299.4,308.7,1381,56.7,102,9.300000000000011,8199.839569208183,L,0
299.4,308.7,1289,60.5,104,9.300000000000011,8166.517743129106,M,0
299.4,308.6,1746,26.8,107,9.200000000000045,4900.130557363216,L,0
299.4,308.6,1541,39.1,109,9.200000000000045,6309.6898772003715,M,0
299.4,308.7,1504,37.8,112,9.300000000000011,5953.443742258802,L,0
299.5,308.7,1321,51.9,114,9.199999999999989,7179.575939028362,M,0
299.5,308.8,1886,20.9,117,9.300000000000011,4127.780475453677,M,0
299.6,308.9,1422,53.2,120,9.299999999999955,7922.091362704309,L,0
299.5,308.9,1520,38.3,122,9.399999999999977,6096.365264046113,L,0
299.4,308.8,1627,32.6,124,9.400000000000034,5554.356755497779,L,0
299.4,308.7,1512,37.2,126,9.300000000000011,5890.109234362432,L,0
299.4,308.7,1553,42.7,128,9.300000000000011,6944.291593225511,L,0
299.3,308.7,1802,26.0,130,9.399999999999977,4906.329966866299,L,0
299.3,308.6,1482,37.6,132,9.300000000000011,5835.3198584838265,L,0
299.4,308.7,1446,62.9,134,9.300000000000011,9524.617775300463,L,1
299.3,308.6,1371,50.5,136,9.300000000000011,7250.324605587204,L,0
299.2,308.6,1586,35.7,138,9.400000000000034,5929.253478826161,M,0
299.2,308.5,1515,39.8,141,9.300000000000011,6314.287074450125,L,0
299.2,308.5,1374,53.6,143,9.300000000000011,7712.232973444512,L,0
299.1,308.5,1455,39.8,145,9.399999999999977,6064.216299224377,L,0
299.2,308.5,1342,47.5,147,9.300000000000011,6675.360790102712,H,0
299.1,308.6,1260,57.8,152,9.5,7626.530325854582,L,0
299.0,308.5,1623,33.5,154,9.5,5693.665445733461,H,0
299.1,308.5,1371,55.5,159,9.399999999999977,7968.178526932472,L,0
299.1,308.6,1611,31.4,161,9.5,5297.2907006300375,L,0
299.0,308.4,1535,47.5,163,9.399999999999977,7635.379145162192,M,0
299.1,308.6,1491,38.5,166,9.5,6011.280463011389,M,0
299.1,308.6,1441,36.2,169,9.5,5462.622250012957,M,0
299.1,308.8,1725,26.6,172,9.699999999999989,4805.065963665588,M,0
299.2,308.9,1368,47.2,175,9.699999999999989,6761.712700174383,L,0
299.2,308.9,1526,37.9,177,9.699999999999989,6056.508925247571,L,0
299.2,308.8,1542,39.2,179,9.600000000000023,6329.932205865003,L,0
299.2,308.8,1605,31.1,181,9.600000000000023,5227.138936675377,L,0
299.2,308.8,1405,51.4,183,9.600000000000023,7562.5465554764705,L,0
299.2,308.8,1700,33.5,185,9.600000000000023,5963.790054064623,M,0
299.2,308.8,1440,39.1,188,9.600000000000023,5896.141092257324,H,0
299.2,308.8,1314,52.5,193,9.600000000000023,7224.09230692973,M,0
299.2,308.7,1514,41.9,196,9.5,6643.065217623808,L,0
299.2,308.7,1401,47.0,198,9.5,6895.481715364236,M,0
299.3,308.8,1636,29.9,201,9.5,5122.513429335325,L,0
299.3,308.8,1603,33.9,203,9.5,5690.649516786015,L,0
299.4,308.7,1487,52.6,205,9.300000000000011,8190.781310390334,M,0
299.3,308.7,1420,50.3,208,9.399999999999977,7479.713229176818,M,0
299.3,308.7,1579,36.3,211,9.399999999999977,6002.295508022122,L,0
299.3,308.7,1484,40.5,213,9.399999999999977,6293.866722201791,L,0
299.3,308.7,1390,49.3,215,9.399999999999977,7176.130659084924,M,0
299.3,308.6,1384,53.6,218,9.300000000000011,7768.362762188649,L,1
299.2,308.5,1378,50.4,220,9.300000000000011,7272.912656766514,L,1
299.2,308.5,1445,45.2,222,9.300000000000011,6839.666085885458,L,0
299.2,308.4,1445,43.5,224,9.199999999999989,6582.422007434014,L,0
299.2,308.4,1509,39.4,0,9.199999999999989,6226.071152737323,L,0
299.2,308.4,1434,46.8,2,9.199999999999989,7027.86842978651,L,0
299.2,308.4,1877,23.9,4,9.199999999999989,4697.759630594473,L,0
299.3,308.3,1651,28.0,6,9.0,4840.984839671632,L,0
299.2,308.2,1466,41.3,8,9.0,6340.341349523896,L,0
299.1,308.1,1479,40.7,10,9.0,6303.637075354457,L,0
299.1,308.2,1409,46.4,12,9.099999999999966,6846.326262311069,L,0
299.2,308.2,1674,28.2,14,9.0,4943.484535982755,M,0
299.1,308.3,1305,61.4,17,9.199999999999989,8390.879818472979,L,0
299.2,308.3,1755,26.4,19,9.100000000000023,4851.875694204075,M,0
299.2,308.4,1475,38.7,22,9.199999999999989,5977.6654216179795,L,0
299.2,308.4,1402,47.7,24,9.199999999999989,7003.175511529295,L,0
299.2,308.3,1410,43.0,26,9.100000000000023,6349.158752904972,L,0
299.2,308.4,1436,41.8,28,9.199999999999989,6285.782357106554,L,0
299.3,308.5,1386,42.2,30,9.199999999999989,6124.974701144804,M,0
299.3,308.6,1744,26.4,33,9.300000000000011,4821.465077317326,L,0
299.2,308.4,1393,48.4,35,9.199999999999989,7060.331553873606,L,0
299.3,308.5,1422,45.4,37,9.199999999999989,6760.58172681909,M,0
299.2,308.4,1841,22.8,40,9.199999999999989,4395.590777196695,L,0
299.3,308.6,1433,37.7,42,9.300000000000011,5657.390522560011,L,0
299.3,308.5,1305,60.6,44,9.199999999999989,8281.552394128053,M,0
299.3,308.6,1498,39.5,47,9.300000000000011,6196.3726301853885,H,0
299.3,308.5,1772,26.1,52,9.199999999999989,4843.204898480169,L,0
299.2,308.4,1381,42.5,54,9.199999999999989,6146.26422736063,M,0
299.3,308.5,1413,38.5,57,9.199999999999989,5696.807038387051,L,0
299.2,308.4,1388,53.2,59,9.199999999999989,7732.67426964387,H,0
299.2,308.6,1631,35.4,64,9.400000000000034,6046.246389245844,M,0
299.3,308.6,1520,41.4,67,9.300000000000011,6589.80475016995,H,0
299.3,308.5,1510,45.4,72,9.199999999999989,7178.958092473155,L,0
299.2,308.5,1366,49.7,74,9.300000000000011,7109.445119024726,L,0
299.4,308.5,1845,22.9,76,9.100000000000023,4424.4620136831845,L,0
299.3,308.5,1485,44.7,78,9.199999999999989,6951.244984965457,L,0
299.3,308.5,1496,39.4,80,9.199999999999989,6172.4336941650345,M,0
299.3,308.4,1468,42.2,83,9.099999999999966,6487.346941760876,M,0
299.2,308.4,1856,22.7,86,9.199999999999989,4411.96894689741,M,0
299.2,308.4,1620,34.1,89,9.199999999999989,5784.928712320245,L,0
299.3,308.5,1409,44.8,91,9.199999999999989,6610.246046369307,L,0
299.3,308.5,1404,49.4,93,9.199999999999989,7263.110887687315,M,0
299.2,308.4,1350,51.3,96,9.199999999999989,7252.366640812037,L,0
299.2,308.4,1538,38.0,98,9.199999999999989,6120.241368213396,M,0
299.2,308.4,1476,32.7,101,9.199999999999989,5054.3199248014025,M,0
299.2,308.3,1364,51.8,104,9.100000000000023,7398.995241930584,M,0
299.2,308.3,1582,45.5,107,9.100000000000023,7537.83269326823,M,0
299.1,308.2,1348,56.1,110,9.099999999999966,7919.2010974630075,L,0
299.1,308.2,1450,46.1,112,9.099999999999966,6999.992030973658,H,0
299.0,308.1,1242,60.9,117,9.100000000000023,7920.771893789802,L,0
299.1,308.2,1493,34.9,119,9.099999999999966,5456.496144338456,L,0
299.1,308.3,1601,31.4,121,9.199999999999989,5264.408697522464,L,0
299.1,308.2,1568,33.3,123,9.099999999999966,5467.879181719963,L,0
299.1,308.3,1506,38.0,125,9.199999999999989,5992.9021459878895,M,0
299.1,308.3,1524,34.1,128,9.199999999999989,5442.118121960527,L,0
299.1,308.4,1543,37.9,130,9.299999999999955,6123.979863471167,L,0
299.2,308.5,1474,47.2,132,9.300000000000011,7285.646578989066,M,0
299.2,308.5,1526,37.3,135,9.300000000000011,5960.6275174600105,M,0
299.2,308.5,1867,27.0,138,9.300000000000011,5278.818135826929,L,0
299.2,308.5,1487,41.2,140,9.300000000000011,6415.592965552885,L,0
299.2,308.4,1580,32.6,142,9.199999999999989,5393.905146703436,L,0
299.2,308.5,1340,50.0,144,9.300000000000011,7016.223593017205,L,0
299.2,308.5,1544,41.6,146,9.300000000000011,6726.191759237795,L,0
299.2,308.5,1488,40.3,148,9.300000000000011,6279.666723407565,L,0
299.2,308.5,1742,28.9,150,9.300000000000011,5271.990407793128,M,0
299.1,308.5,1592,34.2,153,9.399999999999977,5701.613675147044,M,0
299.2,308.6,1582,38.8,156,9.400000000000034,6427.866120852907,L,0
299.2,308.5,1490,43.2,158,9.300000000000011,6740.601197542261,L,0
299.2,308.5,1594,35.8,160,9.300000000000011,5975.853769854409,M,0
299.2,308.6,1462,55.0,163,9.400000000000034,8420.515509171842,H,0
299.2,308.6,1367,47.6,168,9.400000000000034,6814.030689832166,M,0
299.2,308.7,1325,51.0,171,9.5,7076.437452211009,L,0
299.2,308.7,1448,51.4,173,9.5,7793.998158241941,H,0
299.1,308.7,2008,20.3,178,9.599999999999966,4268.62854608962,M,0
299.1,308.7,1498,38.9,181,9.599999999999966,6102.250514283838,L,0
299.1,308.6,1437,41.6,183,9.5,6260.063185249166,L,0
299.1,308.6,1499,45.1,185,9.5,7079.568572889087,M,0
299.0,308.4,1356,52.6,188,9.399999999999977,7469.199365762804,L,0
299.1,308.5,1539,46.8,190,9.399999999999977,7542.461306444519,L,0
299.1,308.5,1689,32.1,192,9.399999999999977,5677.580491347082,L,0
299.0,308.5,1559,38.1,194,9.5,6220.133542622039,L,0
299.1,308.6,1408,46.7,196,9.5,6885.70089023606,L,0
299.0,308.5,1886,23.0,198,9.5,4542.533537580602,L,0
299.1,308.5,1415,43.4,0,9.399999999999977,6430.944881653426,L,0
299.1,308.5,1587,35.6,2,9.399999999999977,5916.372948946442,M,0
299.0,308.4,1571,38.6,5,9.399999999999977,6350.26878230924,L,0
298.9,308.3,1576,36.6,7,9.400000000000034,6040.403026910167,L,0
298.9,308.3,1660,34.4,9,9.400000000000034,5979.916896353051,L,0
298.9,308.2,1328,49.2,11,9.300000000000011,6842.137472106284,M,0
298.8,308.2,1450,44.7,14,9.399999999999977,6787.410928080749,H,0
298.9,308.2,2384,15.0,19,9.300000000000011,3744.7784430790334,L,0
298.8,308.2,1443,53.4,21,9.399999999999977,8069.306394451528,L,0
298.9,308.2,2022,20.0,23,9.300000000000011,4234.866897039041,M,0
298.9,308.2,1828,23.8,26,9.300000000000011,4555.979554137966,L,0
298.8,308.1,1472,53.5,28,9.300000000000011,8246.890155183446,L,0
298.9,308.2,1372,63.6,30,9.300000000000011,9137.762055937417,M,1
298.9,308.3,1855,23.8,33,9.400000000000034,4623.272468777859,L,0
299.0,308.3,1377,47.2,35,9.300000000000011,6806.197652149216,M,0
298.9,308.3,1432,48.9,38,9.400000000000034,7332.979908303151,L,0
298.9,308.2,1335,47.8,40,9.300000000000011,6682.481733450849,M,0
298.9,308.2,1411,51.3,43,9.300000000000011,7580.066170507988,M,0
298.9,308.2,1510,43.5,46,9.300000000000011,6878.5171150348515,L,0
299.0,308.3,1441,44.0,48,9.300000000000011,6639.651353606909,L,0
299.0,308.2,1358,42.7,50,9.199999999999989,6072.342552221664,M,0
298.9,308.2,1686,30.4,53,9.300000000000011,5367.34821680509,L,0
299.0,308.2,1662,30.4,55,9.199999999999989,5290.944683469786,H,0
299.1,308.3,1426,40.1,60,9.199999999999989,5988.147869105456,L,0
299.1,308.4,1330,53.6,62,9.299999999999955,7465.2619029703055,M,0
299.1,308.4,1693,31.6,65,9.299999999999955,5602.381235195654,L,0
299.1,308.4,1426,47.9,67,9.299999999999955,7152.924761350408,L,0
299.1,308.5,1676,31.0,69,9.399999999999977,5440.819596997043,L,0
299.1,308.4,1332,51.7,71,9.299999999999955,7211.463104462298,M,0
299.1,308.5,1647,35.0,74,9.399999999999977,6036.570283872788,L,0
299.2,308.6,1267,68.2,76,9.400000000000034,9048.77120803673,L,1
299.2,308.7,1375,55.1,78,9.5,7933.830447253222,H,0
299.3,308.6,1422,48.9,83,9.300000000000011,7281.771948049637,L,0
299.3,308.7,1408,48.7,85,9.399999999999977,7180.591720653022,L,0
299.4,308.9,1440,42.5,87,9.5,6408.849013323178,L,0
299.3,308.8,1772,25.2,89,9.5,4676.197833015335,L,0
299.2,308.7,1492,37.8,91,9.5,5905.9428613365235,L,0
299.2,308.7,1650,30.5,93,9.5,5270.021676396878,L,0
299.1,308.6,2329,14.6,95,9.5,3560.827721235839,M,0
299.0,308.6,1648,30.8,98,9.600000000000023,5315.407218265738,L,0
299.0,308.6,1653,31.7,100,9.600000000000023,5487.325640245684,L,0
299.0,308.6,1946,22.3,102,9.600000000000023,4544.397549221731,L,0
299.1,308.6,1555,36.6,104,9.5,5959.915423125197,L,0
299.0,308.6,1661,32.2,106,9.600000000000023,5600.852326770908,L,0
299.0,308.6,1434,45.9,108,9.600000000000023,6892.717113829078,L,0
299.0,308.6,1297,54.2,110,9.600000000000023,7361.526513548772,L,0
299.0,308.6,1466,46.4,112,9.600000000000023,7123.289070651544,L,0
298.9,308.6,1517,39.8,114,9.700000000000045,6322.62276695765,M,0
298.9,308.5,1742,34.5,117,9.600000000000023,6293.552562936433,L,0
298.9,308.5,1580,39.1,119,9.600000000000023,6469.377031782342,L,0
298.9,308.5,1534,42.9,121,9.600000000000023,6891.460476767642,M,0
298.9,308.6,1481,40.7,124,9.700000000000045,6312.161263421197,L,0
299.0,308.6,1429,37.7,126,9.600000000000023,5641.598783487967,L,0
298.9,308.6,1574,33.5,128,9.700000000000045,5521.76796770454,M,0
298.9,308.6,1524,40.4,131,9.700000000000045,6447.553434815403,M,0
299.0,308.7,1507,37.5,134,9.699999999999989,5917.9751611997735,L,0
298.9,308.5,1467,44.7,136,9.600000000000023,6866.987469996178,L,0
298.9,308.4,1301,51.1,138,9.5,6961.884512085614,L,0
298.9,308.5,1429,55.1,140,9.600000000000023,8245.413606636259,L,0
298.9,308.5,1555,37.6,142,9.600000000000023,6122.754642336267,M,0
298.9,308.5,1503,40.6,145,9.600000000000023,6390.187952960855,L,0
298.9,308.5,1459,43.1,147,9.600000000000023,6585.081889214053,L,0
298.9,308.4,1449,42.4,149,9.5,6433.73042713961,H,0
298.9,308.5,1387,57.3,154,9.600000000000023,8322.61301011047,L,0
298.9,308.5,1456,50.0,156,9.600000000000023,7623.598172711232,M,0
299.0,308.5,1604,34.7,159,9.5,5828.575906254119,L,0
299.0,308.6,1734,32.4,161,9.600000000000023,5883.323394230677,L,0
299.0,308.6,1378,47.8,163,9.600000000000023,6897.722718123797,L,0
298.9,308.7,1504,41.8,165,9.800000000000011,6583.437789058675,L,0
298.9,308.7,1402,49.8,167,9.800000000000011,7311.491414552597,M,0
298.8,308.6,1524,37.7,170,9.800000000000011,6016.652586449029,H,0
298.8,308.6,1593,35.5,175,9.800000000000011,5922.059231649439,L,0
298.9,308.7,1772,28.4,177,9.800000000000011,5270.000732445854,M,0
298.9,308.6,1623,31.0,180,9.700000000000045,5268.7650393354415,H,0
298.9,308.7,1356,50.7,185,9.800000000000011,7199.399388672513,L,0
298.9,308.7,1500,41.6,187,9.800000000000011,6534.51271946677,H,0
299.1,308.8,1566,46.6,192,9.699999999999989,7641.986961710243,H,0
299.1,308.9,1445,43.4,197,9.799999999999955,6567.2900028192225,L,0
299.0,308.8,1382,58.5,199,9.800000000000011,8466.278042159132,H,0
299.0,308.8,1418,45.7,204,9.800000000000011,6786.112403117266,M,0
299.1,308.8,1329,53.6,207,9.699999999999989,7459.648924095893,L,1
299.1,308.8,1491,41.0,209,9.699999999999989,6401.623350219921,M,0
299.2,308.9,1573,37.4,212,9.699999999999989,6160.684137640608,M,0
299.2,308.9,1521,42.3,215,9.699999999999989,6737.491020815205,M,0
299.1,308.9,1467,47.2,218,9.799999999999955,7251.0471718975305,L,0
299.1,308.9,1325,48.4,220,9.799999999999955,6715.677895823781,M,0
299.1,308.9,1617,32.3,223,9.799999999999955,5469.418562120221,L,0
299.1,308.9,1476,42.7,225,9.799999999999955,6599.983510367581,M,0
299.2,309.0,1515,48.9,228,9.800000000000011,7758.005978407315,L,1
299.2,309.0,1408,47.2,0,9.800000000000011,6959.4235978403,L,0
299.2,309.1,1468,45.6,2,9.900000000000034,7010.024183514121,L,0
299.2,309.1,1387,48.7,4,9.900000000000034,7073.494827092146,L,0
299.2,309.1,1503,34.7,6,9.900000000000034,5461.564580486248,M,0
299.2,309.1,1410,47.1,9,9.900000000000034,6954.543657251726,H,0
299.0,308.9,1615,30.6,14,9.899999999999977,5175.145578258466,L,0
299.0,308.9,1511,35.9,16,9.899999999999977,5680.512644490432,L,0
299.1,309.0,1405,53.8,18,9.899999999999977,7915.661569739963,L,0
299.0,308.9,1526,41.1,20,9.899999999999977,6567.876433447895,M,0
298.9,308.8,1530,38.3,23,9.900000000000034,6136.472930256942,L,0
299.0,308.7,1583,32.5,25,9.699999999999989,5387.569601518697,L,0
298.9,308.6,2069,18.7,27,9.700000000000045,4051.638741506172,L,0
298.8,308.5,1490,35.0,29,9.699999999999989,5461.135229490257,L,0
298.8,308.5,1736,29.0,31,9.699999999999989,5272.0113517441505,L,0
298.8,308.5,1395,44.4,33,9.699999999999989,6486.132192601486,L,0
298.9,308.6,1425,49.6,35,9.700000000000045,7401.592291857552,M,0
298.8,308.6,1631,32.4,38,9.800000000000011,5533.852627445348,L,0
298.8,308.6,1535,41.2,40,9.800000000000011,6622.686753277523,L,0
298.8,308.6,1584,34.4,42,9.800000000000011,5706.137568568212,L,0
298.8,308.7,1543,38.2,44,9.899999999999977,6172.454638116058,M,0
298.8,308.7,1635,35.2,47,9.899999999999977,6026.831346646659,L,0
298.8,308.7,1446,45.5,49,9.899999999999977,6889.826848587775,M,0
298.8,308.6,1598,35.1,52,9.800000000000011,5873.7101207106925,M,0
298.8,308.6,1501,35.0,55,9.800000000000011,5501.4523352113265,L,0
298.8,308.5,1450,50.8,57,9.699999999999989,7713.657162114138,L,0
298.8,308.6,1730,25.9,59,9.800000000000011,4692.178067646595,L,0
298.8,308.6,1571,33.7,61,9.800000000000011,5544.146579373611,M,0
298.9,308.7,1438,51.7,64,9.800000000000011,7785.348306469058,L,0
298.8,308.5,1510,38.7,66,9.699999999999989,6119.5083299275575,M,0
298.9,308.7,1389,44.9,69,9.800000000000011,6530.962719768212,L,0
298.8,308.7,1490,33.6,71,9.899999999999977,5242.689820310647,L,0
298.9,308.7,1729,26.6,73,9.800000000000011,4816.208145610321,L,0
299.0,308.8,1495,38.4,75,9.800000000000011,6011.7517019094275,L,0
298.9,308.8,1281,53.9,77,9.900000000000034,7230.469740016517,L,0
298.9,308.7,1353,48.1,79,9.800000000000011,6815.088359358874,H,0
299.1,308.8,1429,50.1,84,9.699999999999989,7497.190956306291,L,0
299.1,308.8,1413,42.1,86,9.699999999999989,6229.495488729737,L,0
299.1,308.8,1502,38.3,88,9.699999999999989,6024.171464866618,L,0
299.1,308.8,1553,32.6,90,9.699999999999989,5301.730818247111,H,0
299.2,308.9,1712,26.4,95,9.699999999999989,4732.997828192239,H,0
299.3,309.0,1786,23.5,100,9.699999999999989,4395.1928421272405,L,0
299.2,309.0,1951,21.4,102,9.800000000000011,4372.196383902963,L,0
299.2,309.0,1541,36.3,104,9.800000000000011,5857.845077810063,M,0
299.2,309.1,1605,34.3,107,9.900000000000034,5764.97959896995,L,0
299.2,309.1,1578,38.1,109,9.900000000000034,6295.940173353161,L,0
299.3,309.2,1440,37.5,111,9.899999999999977,5654.8667764616275,M,0
299.4,309.2,1489,42.3,114,9.800000000000011,6595.742360285234,L,0
299.4,309.3,1366,48.4,116,9.900000000000034,6923.483777883234,L,0
299.3,309.2,1541,37.2,118,9.899999999999977,6003.080906185521,L,0
299.3,309.1,1552,40.7,120,9.800000000000011,6614.769939790476,H,0
299.3,309.1,1473,40.3,125,9.800000000000011,6216.363631437731,L,0
299.3,309.1,1531,37.9,127,9.800000000000011,6076.353318842746,L,0
299.3,309.2,1511,37.2,129,9.899999999999977,5886.2136594719805,L,0
299.3,309.1,1449,47.9,131,9.800000000000011,7268.294515565738,M,0
299.4,309.1,1440,50.0,134,9.700000000000045,7539.822368615503,M,0
299.2,309.0,1881,23.9,137,9.800000000000011,4707.770839183913,M,0
299.3,309.0,1447,50.4,140,9.699999999999989,7637.086077170643,L,0
299.4,309.1,1326,62.0,142,9.700000000000045,8609.220507897468,M,0
299.4,309.2,1607,31.7,145,9.800000000000011,5334.623293330196,L,0
299.3,309.1,1551,39.1,147,9.800000000000011,6350.63530145216,L,0
299.3,309.1,1496,37.2,149,9.800000000000011,5827.78003611521,L,0
299.3,309.1,1493,38.0,151,9.800000000000011,5941.170586958778,L,0
299.4,309.1,1304,50.5,153,9.700000000000045,6896.005314139836,L,0
299.3,309.0,1420,41.6,155,9.699999999999989,6186.0053744285415,M,0
299.4,309.1,1766,24.6,158,9.700000000000045,4549.403153516451,L,0
299.6,309.2,1450,43.1,160,9.599999999999966,6544.4610962031375,L,0
299.5,309.2,1872,22.6,162,9.699999999999989,4430.39962379847,H,0
299.6,309.2,1713,26.5,167,9.599999999999966,4753.700923779395,L,0
299.5,309.2,1497,40.9,169,9.699999999999989,6411.707862637944,M,0
299.4,309.1,1352,44.7,172,9.700000000000045,6328.675568803567,M,0
299.5,309.2,1499,41.5,175,9.699999999999989,6514.458886361354,L,0
299.5,309.3,1972,19.3,177,9.800000000000011,3985.591991952203,L,0
299.5,309.3,1422,49.2,179,9.800000000000011,7326.445395583684,L,0
299.5,309.3,1523,41.5,181,9.800000000000011,6618.759762460536,L,0
299.5,309.4,1563,41.5,183,9.899999999999977,6792.594555959171,L,0
299.4,309.3,1391,46.6,185,9.900000000000034,6787.997358709419,L,0
299.3,309.1,1795,24.7,187,9.800000000000011,4642.907422862795,L,0
299.3,309.1,1293,53.7,189,9.800000000000011,7271.12194895397,L,0
299.2,309.1,1345,60.7,191,9.900000000000034,8549.477887601703,L,1
299.2,309.0,1615,33.7,193,9.800000000000011,5699.425032265043,L,0
299.2,308.9,1342,50.8,195,9.699999999999989,7139.122697625637,L,0
299.1,308.8,1502,46.7,197,9.699999999999989,7345.399671260343,L,0
299.0,308.7,1620,35.4,199,9.699999999999989,6005.468516602248,M,0
299.0,308.7,1537,42.8,202,9.699999999999989,6888.8424828896505,L,0
299.0,308.7,2248,16.8,204,9.699999999999989,3954.888159751119,L,0
299.0,308.7,1706,28.6,206,9.699999999999989,5109.444403896391,L,0
299.0,308.7,2250,16.6,208,9.699999999999989,3911.282853719293,L,0
299.0,308.7,1396,48.6,0,9.699999999999989,7104.774617946389,L,0
298.9,308.6,1522,46.4,2,9.700000000000045,7395.392882354468,L,0
298.9,308.6,1539,45.4,4,9.700000000000045,7316.832122063701,L,0
298.9,308.5,1415,54.0,6,9.600000000000023,8001.636488693203,H,0
298.8,308.5,1446,37.0,11,9.699999999999989,5602.716338412037,L,0
298.8,308.6,1486,41.1,13,9.800000000000011,6395.717156031173,M,0
299.0,308.7,1426,38.6,16,9.699999999999989,5764.1523129045045,L,0
299.0,308.7,1449,38.9,18,9.699999999999989,5902.644189050256,L,0
299.1,308.8,1320,67.5,20,9.699999999999989,9330.530181161685,L,1
299.2,308.9,1447,39.6,22,9.699999999999989,6000.567632062648,M,0
299.3,309.0,1422,47.3,25,9.699999999999989,7043.513561201387,L,0
299.3,309.1,1399,52.1,27,9.800000000000011,7632.80303918625,L,0
299.4,309.2,1427,41.5,29,9.800000000000011,6201.556258063812,L,0
299.3,309.2,1334,46.3,31,9.899999999999977,6467.931899161689,M,0
299.3,309.1,1385,45.6,34,9.800000000000011,6613.6808543372335,M,0
299.4,309.2,1552,37.4,37,9.800000000000011,6078.4372419696265,L,0
299.4,309.3,1534,37.5,39,9.900000000000034,6024.003913258428,H,0
299.4,309.3,1448,48.6,44,9.900000000000034,7369.422383084793,L,0
299.5,309.3,1409,44.7,46,9.800000000000011,6595.4910328729475,L,0
299.4,309.2,1621,34.5,48,9.800000000000011,5856.399945189413,L,0
299.4,309.1,1547,40.9,50,9.700000000000045,6625.859761857649,H,0
299.4,309.1,1957,22.1,55,9.700000000000045,4529.09799299875,L,0
299.4,309.1,2421,14.2,57,9.700000000000045,3600.0766854546873,L,0
299.3,309.1,1571,38.3,59,9.800000000000011,6300.914361721343,M,0
299.3,309.1,1634,36.8,62,9.800000000000011,6296.924539051285,L,0
299.3,309.0,1516,38.7,64,9.699999999999989,6143.824257066343,L,0
299.4,309.1,1207,66.5,66,9.700000000000045,8405.383504557052,L,0
299.4,309.1,1670,35.9,68,9.700000000000045,6278.263478688962,L,0
299.4,309.1,1461,48.6,70,9.700000000000045,7435.584324369394,M,0
299.4,309.2,1569,40.8,73,9.800000000000011,6703.656067936044,L,0
299.4,309.2,1556,35.7,75,9.800000000000011,5817.098621093005,L,0
299.5,309.3,1506,41.5,77,9.800000000000011,6544.879975223616,M,0
299.6,309.4,1642,30.3,80,9.799999999999955,5210.080088566384,M,0
299.6,309.4,1283,62.1,83,9.799999999999955,8343.47318533031,M,0
299.7,309.5,1375,46.8,86,9.800000000000011,6738.716241950105,H,0
299.7,309.4,1399,39.9,91,9.699999999999989,5845.46720275492,L,0
299.7,309.4,1650,29.8,93,9.699999999999989,5149.070359233671,L,0
299.8,309.6,1346,53.2,95,9.800000000000011,7498.688448804502,M,0
299.9,309.6,1410,51.2,98,9.700000000000045,7559.928561598479,H,0
300.0,309.7,1586,37.8,103,9.699999999999989,6278.033095227698,L,0
300.0,309.8,1372,39.6,105,9.800000000000011,5689.5499593572595,L,0
300.0,309.7,1529,42.4,107,9.699999999999989,6788.939836505495,H,0
300.0,309.7,1652,28.6,112,9.699999999999989,4947.71521408959,M,0
300.1,309.8,1532,39.8,115,9.699999999999989,6385.140460764086,L,0
300.0,309.7,1554,32.0,117,9.699999999999989,5207.5039825904405,L,0
299.9,309.6,1462,51.0,119,9.700000000000045,7808.114381232072,H,0
299.9,309.6,1254,61.3,124,9.700000000000045,8049.828519999271,L,0
299.9,309.6,1294,49.7,126,9.700000000000045,6734.715947304536,L,0
299.8,309.5,1739,27.5,128,9.699999999999989,5007.960489209929,L,0
299.8,309.4,1412,47.8,130,9.599999999999966,7067.913264144268,M,0
299.9,309.5,1372,56.2,133,9.600000000000023,8074.563326158535,M,0
299.8,309.5,1420,46.7,136,9.699999999999989,6944.385841005118,H,0
299.8,309.5,1542,40.3,141,9.699999999999989,6507.557854498969,L,0
299.8,309.4,1401,48.1,143,9.599999999999966,7056.865329979144,M,0
299.8,309.4,1510,42.5,146,9.599999999999966,6720.390284804165,L,0
299.9,309.5,1547,38.5,148,9.600000000000023,6237.056255049376,H,0
299.8,309.5,1453,43.2,153,9.699999999999989,6573.217140958996,M,0
299.8,309.4,1408,45.6,156,9.599999999999966,6723.510933506731,L,0
299.8,309.4,1436,51.6,158,9.599999999999966,7759.482526954502,L,0
299.9,309.5,1582,38.2,160,9.600000000000023,6328.466129293328,M,0
299.9,309.6,1280,59.3,163,9.700000000000045,7948.648292602655,L,0
299.9,309.5,2008,20.4,165,9.600000000000023,4289.656272917648,L,0
299.9,309.5,1772,23.5,167,9.600000000000023,4360.7400426928725,L,0
299.9,309.5,1779,26.1,169,9.600000000000023,4862.337197740531,L,0
299.9,309.5,1567,35.5,171,9.600000000000023,5825.402897673994,L,0
299.8,309.4,1751,27.0,173,9.599999999999966,4950.835862792155,M,0
299.9,309.5,1349,51.3,176,9.600000000000023,7246.994517374398,L,0
300.0,309.5,1425,40.8,178,9.5,6088.406562657017,M,0
300.0,309.4,1395,44.5,181,9.399999999999977,6500.740598440679,L,0
299.8,309.3,1595,32.1,183,9.5,5361.599102249022,H,0
299.8,309.3,1291,56.4,188,9.5,7624.896697674715,L,0
299.9,309.4,1509,42.8,190,9.5,6763.34632835425,M,0
299.9,309.4,1483,38.1,193,9.5,5916.907019697552,M,0
299.9,309.3,1620,31.1,196,9.400000000000034,5275.9907024386985,L,0
299.9,309.4,1487,42.2,198,9.5,6571.3112414158195,M,0
299.8,309.4,2256,15.9,201,9.599999999999966,3756.3395040442438,L,0
299.7,309.2,1691,27.7,203,9.5,4905.146633633448,H,0
299.8,309.3,1663,35.2,208,9.5,6130.043137292597,M,0
299.8,309.3,1640,31.1,211,9.5,5341.126390123128,M,0
299.7,309.3,1494,37.8,214,9.600000000000023,5913.85967482357,H,0
299.8,309.4,1467,46.2,219,9.599999999999966,7097.423291136989,L,0
299.7,309.3,1399,41.9,221,9.600000000000023,6138.473077579729,M,1
299.7,309.3,1445,42.6,0,9.600000000000023,6446.233965900896,L,0
299.8,309.4,1480,40.9,2,9.599999999999966,6338.896216903245,L,0
299.7,309.3,1546,37.2,4,9.600000000000023,6022.558780637776,L,0
299.7,309.3,1574,35.8,6,9.600000000000023,5900.874425188732,L,0
299.7,309.3,1592,34.2,8,9.600000000000023,5701.613675147044,L,0
299.8,309.5,1495,39.6,10,9.699999999999989,6199.6189425940975,L,0
299.8,309.6,1447,43.1,12,9.800000000000011,6530.920831866165,L,0
299.8,309.5,1476,44.4,14,9.699999999999989,6862.746319913831,L,0
299.8,309.5,1641,27.1,16,9.699999999999989,4657.002701901902,L,0
299.8,309.5,1545,32.2,18,9.699999999999989,5209.703097447955,L,0
299.9,309.6,1364,44.4,20,9.700000000000045,6341.995921654786,M,0
299.8,309.5,1590,28.5,23,9.699999999999989,4745.375703247381,L,0
299.8,309.4,1460,37.4,25,9.599999999999966,5718.117508553903,L,0
299.8,309.4,1609,32.5,27,9.599999999999966,5476.057794594808,L,0
299.8,309.4,1633,27.5,29,9.599999999999966,4702.702403036122,L,0
299.9,309.4,1348,52.8,31,9.5,7453.365738788712,L,0
299.9,309.4,1322,53.9,33,9.5,7461.889926855453,L,0
300.0,309.5,1641,30.1,35,9.5,5172.538056355987,L,0
300.0,309.5,1728,26.0,37,9.5,4704.849158016074,L,0
300.0,309.6,1431,47.7,39,9.600000000000023,7148.034348786321,L,0
300.1,309.7,1641,30.4,41,9.599999999999966,5224.091591801394,L,0
300.1,309.6,1622,36.1,43,9.5,6131.781485227582,M,0
300.1,309.6,1625,38.0,46,9.5,6466.444878638991,M,0
300.0,309.5,1869,22.7,49,9.5,4442.871746633222,L,0
300.0,309.6,1452,46.0,51,9.600000000000023,6994.441883952316,L,0
300.0,309.6,1618,28.7,53,9.600000000000023,4862.829380589593,L,0
300.0,309.4,2010,20.0,55,9.399999999999977,4209.734155810323,L,0
299.9,309.4,1363,60.9,57,9.5,8692.441297291063,L,0
299.9,309.3,1473,40.4,59,9.400000000000034,6231.788851366857,L,0
299.9,309.2,1333,50.8,61,9.300000000000011,7091.244825584929,L,0
299.8,309.2,1760,25.9,63,9.399999999999977,4773.545317374571,L,0
299.8,309.2,1372,58.2,65,9.399999999999977,8361.914334206882,M,0
299.7,309.2,1608,34.4,68,9.5,5792.594198395004,M,0
299.7,309.2,1326,64.8,71,9.5,8998.024014705741,L,0
299.6,309.1,1560,37.1,73,9.5,6060.760547305428,M,0
299.6,309.0,1539,36.1,76,9.399999999999977,5818.009682962546,M,0
299.6,309.1,2266,15.3,79,9.5,3630.6129660475804,L,0
299.6,309.1,1641,35.8,81,9.5,6152.055229818748,L,0
299.6,309.1,1574,39.2,83,9.5,6461.2926666871035,L,0
299.6,309.1,1407,50.6,85,9.5,7455.439189940082,L,0
299.7,309.2,1302,55.5,87,9.5,7567.154224701735,H,0
299.6,309.2,1651,30.8,92,9.599999999999966,5325.083323638795,M,0
299.6,309.1,1366,55.2,95,9.5,7896.204639238731,M,0
299.5,309.0,1701,28.6,98,9.5,5094.46947891428,M,0
299.5,309.0,1498,44.6,101,9.5,6996.410615348565,L,0
299.5,309.1,1422,45.3,103,9.600000000000023,6745.690577641075,M,0
299.5,309.1,1357,47.3,106,9.600000000000023,6721.552674085993,L,0
299.5,309.2,1690,29.2,108,9.699999999999989,5167.710475644971,L,0
299.6,309.2,1559,39.1,110,9.599999999999966,6383.391640853589,L,0
299.6,309.3,1553,32.4,112,9.699999999999989,5269.204862306944,M,0
299.6,309.3,1558,34.8,115,9.699999999999989,5677.737570979762,L,0
299.7,309.4,1362,51.9,117,9.699999999999989,7402.409105947485,L,0
299.8,309.3,1470,42.7,119,9.5,6573.154309105924,M,0
299.8,309.4,1555,34.8,122,9.599999999999966,5666.804828545268,L,0
299.8,309.4,1423,42.9,124,9.599999999999966,6392.795474863334,M,0
299.7,309.3,1434,38.5,127,9.600000000000023,5781.472960401296,L,0
299.7,309.3,1779,25.5,129,9.600000000000023,4750.559331125806,L,0
299.7,309.3,1417,54.6,131,9.600000000000023,8101.978958048861,L,0
299.6,309.2,1425,45.9,133,9.599999999999966,6849.457382989145,L,0
299.7,309.2,1597,32.9,135,9.5,5502.112069668579,M,0
299.7,309.2,1346,57.4,138,9.5,8090.690168446961,L,0
299.7,309.2,1422,40.4,140,9.5,6016.024267918309,L,0
299.7,309.2,1572,32.8,142,9.5,5399.518125577849,H,0
299.7,309.2,1412,45.4,147,9.5,6713.038957994766,L,0
299.7,309.1,1576,36.4,149,9.400000000000034,6007.39536009645,M,0
299.7,309.1,1508,41.2,152,9.400000000000034,6506.196497682414,M,0
299.8,309.1,1496,44.4,155,9.300000000000011,6955.737462460089,M,0
299.8,309.2,1572,35.4,158,9.399999999999977,5827.528708702922,L,0
299.6,309.0,1525,42.8,160,9.399999999999977,6835.058416660193,L,0
299.6,309.0,1378,51.9,162,9.399999999999977,7489.368390598851,L,0
299.6,309.1,1369,51.4,164,9.5,7368.773120603051,L,0
299.6,309.1,1476,45.3,166,9.5,7001.856042614787,L,0
299.7,309.2,1620,30.0,168,9.5,5089.380098815464,L,0
299.7,309.1,1603,38.5,170,9.400000000000034,6462.832047087362,M,0
299.7,309.2,1411,46.1,173,9.5,6811.716383244021,L,0
299.7,309.2,1616,31.6,175,9.5,5347.577127038498,L,0
299.7,309.2,1631,35.1,177,9.5,5995.007013065794,L,0
299.7,309.2,1685,28.9,179,9.5,5099.485555184512,M,1
299.7,309.2,1456,40.6,182,9.5,6190.36171624152,H,0
299.7,309.1,1417,50.1,187,9.400000000000034,7434.233439528351,L,0
299.7,309.1,1851,24.7,189,9.400000000000034,4787.755788144309,M,0
299.7,309.1,1715,27.8,192,9.400000000000034,4992.72376484002,L,0
299.6,309.1,1630,32.3,194,9.5,5513.390387294967,H,0
299.7,309.2,1478,38.8,199,9.5,6005.300964994057,L,0
299.7,309.2,1781,29.6,201,9.5,5520.574162496176,L,0
299.8,309.2,1439,36.1,203,9.399999999999977,5439.971366980573,L,0
299.7,309.2,1412,45.3,205,9.5,6698.25252857187,M,0
299.7,309.1,1483,41.1,208,9.400000000000034,6382.8052102249185,L,0
299.8,309.2,1400,42.6,210,9.399999999999977,6245.486195336508,L,0
299.8,309.3,1299,65.1,212,9.5,8855.615619718516,L,1
299.8,309.2,1479,44.4,214,9.399999999999977,6876.69499129577,L,0
299.8,309.2,1491,47.5,216,9.399999999999977,7416.514856962103,L,0
299.9,309.3,1389,52.8,0,9.400000000000034,7680.063064671751,M,0
299.9,309.4,1399,54.8,3,9.5,8028.360970199741,M,0
299.9,309.4,1889,26.0,6,9.5,5143.20605294697,M,0
300.0,309.5,1925,21.9,9,9.5,4414.723076457057,L,0
300.0,309.5,1675,30.2,11,9.5,5297.248812727989,L,0
300.0,309.6,1477,38.1,13,9.600000000000023,5892.968083677198,M,0
300.0,309.6,1364,45.9,16,9.600000000000023,6556.25254062961,L,0
299.9,309.5,1451,39.4,18,9.600000000000023,5986.765568337877,L,0
299.9,309.4,1467,41.2,20,9.5,6329.303887334285,L,0
299.9,309.4,1858,22.5,22,9.5,4377.809362777377,L,0
300.1,309.4,1559,39.7,24,9.299999999999955,6481.346499792518,L,0
300.1,309.4,1560,47.7,26,9.299999999999955,7792.406417964123,L,0
300.1,309.4,1453,47.6,28,9.299999999999955,7242.711479390005,L,0
300.1,309.4,1464,41.7,30,9.299999999999955,6393.015386349085,L,0
300.0,309.4,1308,50.2,32,9.399999999999977,6876.066672765052,L,0
300.1,309.5,1353,50.9,34,9.399999999999977,7211.808679654193,L,0
300.2,309.6,1556,35.8,36,9.400000000000034,5833.393014989623,M,0
300.2,309.5,2183,17.8,39,9.300000000000011,4069.137412586668,L,0
300.2,309.6,1491,41.8,41,9.400000000000034,6526.533074126651,M,0
300.2,309.6,1528,35.1,44,9.400000000000034,5616.413682381689,M,0
300.2,309.6,1430,52.7,47,9.400000000000034,7891.7854655726815,L,0
300.2,309.5,1495,32.6,49,9.300000000000011,5103.7267052668585,L,0
300.2,309.5,1630,28.3,51,9.300000000000011,4830.617583914785,M,0
300.3,309.6,1524,38.4,54,9.300000000000011,6128.367621210681,M,0
300.3,309.6,1326,52.4,57,9.300000000000011,7276.179913126247,L,0
300.3,309.5,1438,44.0,59,9.199999999999989,6625.828345931113,H,0
300.4,309.6,1356,45.9,64,9.200000000000045,6517.79944654967,L,0
300.4,309.6,1416,43.3,66,9.200000000000045,6420.661401700676,H,0
300.4,309.7,1584,32.6,71,9.300000000000011,5407.560602771039,L,0
300.3,309.6,1597,31.8,73,9.300000000000011,5318.150875849873,L,0
300.4,309.6,1553,43.9,75,9.200000000000045,7139.447328866508,L,0
300.3,309.5,1405,49.4,77,9.199999999999989,7268.284043590226,M,0
300.2,309.5,1539,35.3,80,9.300000000000011,5689.078720459221,L,0
300.3,309.6,1398,53.7,82,9.300000000000011,7861.584288196171,M,0
300.3,309.6,1568,39.6,85,9.300000000000011,6502.34281069401,L,0
300.3,309.6,1404,44.6,87,9.300000000000011,6557.383513984904,L,0
300.2,309.5,1500,45.7,89,9.300000000000011,7178.539213452678,M,0
300.2,309.5,1642,28.8,92,9.300000000000011,4952.155331706662,M,0
300.3,309.6,1509,46.6,95,9.300000000000011,7363.830348161403,M,0
300.2,309.5,1343,50.2,98,9.300000000000011,7060.059282510294,L,0
300.1,309.5,1450,40.1,100,9.399999999999977,6088.930161432618,L,0
300.0,309.4,1460,43.5,102,9.399999999999977,6650.751647649593,L,0
300.0,309.3,1364,41.2,104,9.300000000000011,5884.915134508496,L,0
299.9,309.3,1452,41.9,106,9.400000000000034,6371.024237773957,M,0
299.9,309.3,1471,41.8,109,9.400000000000034,6438.987358846616,L,0
299.9,309.2,1598,34.6,111,9.300000000000011,5790.039036370084,L,0
299.8,309.1,1772,24.8,113,9.300000000000011,4601.97247058652,L,0
299.9,309.2,1761,25.6,115,9.300000000000011,4720.934112402454,L,0
300.0,309.3,1413,40.7,117,9.300000000000011,6022.338869152026,M,0
300.0,309.3,1887,22.6,120,9.300000000000011,4465.899620784035,L,0
300.0,309.3,1395,56.5,122,9.300000000000011,8253.749299143783,L,0
300.1,309.4,1569,31.6,124,9.299999999999955,5192.047346734779,M,0
300.1,309.4,1434,47.3,127,9.299999999999955,7102.952494207307,L,0
300.2,309.5,1417,41.1,129,9.300000000000011,6098.74240248733,L,0
300.2,309.5,1729,28.4,131,9.300000000000011,5142.1169674937255,L,0
300.2,309.5,1356,51.1,133,9.300000000000011,7256.199383849416,L,0
300.2,309.5,1436,48.8,135,9.300000000000011,7338.425335569374,L,0
300.3,309.6,1419,42.5,137,9.300000000000011,6315.386631878881,M,0
300.3,309.6,1593,38.1,140,9.300000000000011,6355.787513404046,L,0
300.3,309.5,1320,62.2,142,9.199999999999989,8597.910774344546,M,0
300.3,309.5,1448,42.4,145,9.199999999999989,6429.290309522536,M,0
300.3,309.4,1470,33.5,148,9.099999999999966,5156.924340867645,L,0
300.3,309.4,1612,33.1,150,9.099999999999966,5587.55291787071,M,0
300.4,309.4,1412,51.6,153,9.0,7629.797582214316,L,0
300.4,309.4,1875,23.9,155,9.0,4692.754026299754,M,0
300.3,309.3,1612,36.0,158,9.0,6077.096829104095,L,0
300.4,309.3,1411,41.6,160,8.900000000000034,6146.798298111741,M,0
300.3,309.2,1490,47.9,163,8.899999999999977,7473.953642645237,M,0
300.4,309.3,1467,40.3,166,8.900000000000034,6191.042394649798,M,0
300.3,309.2,1807,26.4,169,8.899999999999977,4995.634974032345,L,0
300.3,309.1,1368,46.0,171,8.800000000000011,6589.804750169949,L,0
300.3,309.2,1572,32.0,173,8.899999999999977,5267.822561539365,L,0
300.3,309.1,1458,44.3,175,8.800000000000011,6763.786151325751,M,0
300.3,309.1,1699,30.3,178,8.800000000000011,5390.941577633549,L,0
300.3,309.3,1478,39.5,180,9.0,6113.644023640857,L,0
300.4,309.4,1362,42.1,182,9.0,6004.651702512315,M,0
300.4,309.4,1487,38.9,185,9.0,6057.440931068136,H,0
300.3,309.4,1705,29.4,190,9.099999999999966,5249.287164883185,L,0
300.3,309.3,1345,53.5,192,9.0,7535.3717790229175,L,0
300.3,309.2,1532,40.2,194,8.899999999999977,6449.312726701415,L,0
300.3,309.2,1650,35.2,196,8.899999999999977,6082.123377349841,L,0
300.3,309.2,1398,54.4,198,8.899999999999977,7964.063040556269,L,0
300.3,309.2,1412,44.8,200,8.899999999999977,6624.32038145739,L,0
300.4,309.3,1525,39.6,202,8.900000000000034,6324.026011676254,L,0
300.3,309.3,1391,57.9,204,9.0,8434.013885606766,M,0
300.4,309.3,1766,28.2,207,8.900000000000034,5215.1694686652,L,0
300.4,309.3,1671,35.0,209,8.900000000000034,6124.534878173302,L,0
300.5,309.3,1373,48.8,211,8.800000000000011,7016.474920429491,L,0
300.5,309.4,1347,50.1,213,8.899999999999977,7066.981258323704,M,0
300.5,309.3,1539,39.1,216,8.800000000000011,6301.500792350015,M,0
300.5,309.3,1470,40.8,219,8.800000000000011,6280.672033056713,L,0
300.5,309.3,1528,37.0,221,8.800000000000011,5920.4360754450845,L,0
300.5,309.3,1471,45.2,223,8.800000000000011,6962.732742102083,H,0
300.4,309.2,1528,37.2,228,8.800000000000011,5952.438432609653,M,0
300.5,309.3,1417,51.5,231,8.800000000000011,7641.976489734731,L,1
300.6,309.4,1549,43.4,233,8.799999999999955,7039.953089527319,L,0
300.6,309.4,1463,49.2,235,8.799999999999955,7537.686085611064,H,0
300.7,309.5,1479,43.6,240,8.800000000000011,6752.790577038189,L,0
300.6,309.5,1867,23.0,242,8.899999999999977,4496.771004593311,L,0
300.6,309.4,1471,44.1,244,8.799999999999955,6793.285706342961,L,0
300.6,309.4,1380,47.6,246,8.799999999999955,6878.8312743002125,H,1
300.7,309.7,1623,32.7,0,9.0,5557.697315686095,H,0
300.8,309.7,1997,20.7,5,8.899999999999977,4328.894765160983,L,0
300.7,309.6,1390,48.5,7,8.900000000000034,7059.682291391863,H,0
300.8,309.7,1418,46.6,12,8.899999999999977,6919.755754600975,L,0
300.8,309.7,1519,35.8,14,8.899999999999977,5694.681227358122,L,0
300.8,309.7,1519,39.7,16,8.899999999999977,6315.0515286625,M,0
300.7,309.6,1536,37.2,19,8.900000000000034,5983.603031733264,M,0
300.8,309.6,1680,28.7,22,8.800000000000011,5049.167712849516,L,0
300.6,309.4,1555,37.9,24,8.799999999999955,6171.606408099588,H,0
300.6,309.5,1471,49.6,29,8.899999999999977,7640.520885138569,L,0
300.5,309.4,1877,23.8,31,8.899999999999977,4678.103732558513,M,0
300.5,309.3,1578,30.5,34,8.800000000000011,5040.057094154105,M,0
300.5,309.4,1655,32.1,37,8.899999999999977,5563.289350609485,M,0
300.5,309.4,1502,34.3,40,8.899999999999977,5395.015176107703,H,0
300.6,309.4,1367,63.2,45,8.799999999999955,9047.200411709935,M,1
300.7,309.5,1541,37.2,48,8.800000000000011,6003.080906185521,L,0
300.6,309.6,1588,37.0,50,9.0,6152.91393181073,M,0
300.6,309.6,1684,32.8,53,9.0,5784.216617985431,L,0
300.6,309.5,1437,40.0,55,8.899999999999977,6019.291524278044,L,0
300.6,309.6,1409,42.4,57,9.0,6256.125722456666,L,0
300.5,309.5,1320,49.9,59,9.0,6897.680830221749,M,0
300.5,309.5,1635,34.2,62,9.0,5855.614547026015,H,0
300.5,309.5,1691,27.6,67,9.0,4887.438523042714,M,0
300.6,309.6,1365,50.0,70,9.0,7147.123286916779,M,0
300.7,309.7,1523,38.2,73,9.0,6092.448745204639,M,0
300.6,309.7,1593,32.4,76,9.099999999999966,5404.921664942023,L,0
300.6,309.6,1682,30.7,78,9.0,5407.455883015919,L,0
300.7,309.6,1329,54.3,80,8.900000000000034,7557.069712283711,L,0
300.7,309.6,1568,35.2,82,8.900000000000034,5779.860276172453,M,0
300.7,309.6,1733,24.8,85,8.900000000000034,4500.687523434785,L,0
300.7,309.6,1473,48.1,87,8.900000000000034,7419.530785909551,M,0
300.7,309.5,1633,31.3,90,8.800000000000011,5352.5303714556585,M,0
300.6,309.5,1530,40.2,93,8.899999999999977,6440.893258389794,M,0
300.6,309.5,1550,40.2,96,8.899999999999977,6525.087941506001,M,0
300.6,309.4,1410,40.6,99,8.799999999999955,5994.787101580044,L,0
300.5,309.3,1574,33.5,101,8.800000000000011,5521.76796770454,L,0
300.6,309.4,1425,40.3,103,8.799999999999955,6013.7937371342605,L,0
300.6,309.4,1541,35.2,105,8.799999999999955,5680.334620906729,M,0
300.7,309.5,1733,26.7,108,8.800000000000011,4845.498261117289,M,0
300.6,309.4,2496,13.5,111,8.799999999999955,3528.6368685120556,L,0
300.6,309.4,1552,36.4,113,8.799999999999955,5915.912182023914,L,0
300.6,309.3,1409,38.7,115,8.699999999999989,5710.190223091344,L,0
300.6,309.4,1581,35.7,117,8.799999999999955,5910.561002537302,M,0
300.7,309.5,1251,59.9,120,8.800000000000011,7847.164377916192,L,0
300.7,309.6,1500,44.1,122,8.900000000000034,6927.211801165495,L,0
300.6,309.5,1576,38.8,124,8.899999999999977,6403.487361861051,L,0
300.7,309.5,1352,44.0,126,8.800000000000011,6229.568792558321,M,0
300.7,309.6,1661,30.3,129,8.900000000000034,5270.367251588773,L,0
300.7,309.6,1541,34.6,131,8.900000000000034,5583.5107353230915,L,0
300.6,309.6,1888,20.5,133,9.0,4053.073402151312,H,0
300.5,309.5,1255,62.1,138,9.0,8161.386475128244,L,0
300.6,309.6,1411,41.6,140,9.0,6146.798298111741,L,0
300.6,309.5,1516,39.0,142,8.899999999999977,6191.450801694764,L,0
300.6,309.5,1492,34.0,144,8.899999999999977,5312.223737710101,M,0
300.6,309.6,1726,30.0,147,9.0,5422.388920095983,L,0
300.7,309.7,1598,33.7,149,9.0,5639.43108455699,L,0
300.8,309.8,1657,31.1,151,9.0,5396.491724654891,L,0
300.8,309.7,1481,38.1,153,8.899999999999977,5908.927374357435,L,0
300.7,309.7,1397,51.3,155,9.0,7504.8564423810485,M,0
300.8,309.7,1461,44.3,158,8.899999999999977,6777.703406781155,L,0
300.7,309.6,1388,51.1,160,8.900000000000034,7427.437127421084,M,0
300.7,309.7,1507,52.4,163,9.0,8269.38395858315,L,0
300.7,309.6,1421,49.8,165,8.900000000000034,7410.577246846819,M,0
300.8,309.7,1258,54.9,168,8.899999999999977,7232.3861115352065,M,0
300.8,309.7,1482,39.0,171,8.899999999999977,6052.592406406096,M,0
300.7,309.6,1403,51.3,174,8.900000000000034,7537.0891830068795,H,0
300.8,309.7,1373,45.4,179,8.899999999999977,6527.622159579896,L,0
300.9,309.7,1460,42.1,181,8.800000000000011,6436.704468185008,L,0
300.8,309.7,1751,27.9,183,8.899999999999977,5115.8637248852265,M,0
300.8,309.6,1546,42.3,186,8.800000000000011,6848.232161854245,M,0
300.8,309.7,1680,28.2,189,8.899999999999977,4961.203118549001,M,0
300.9,309.7,1394,48.8,192,8.800000000000011,7123.791725476119,M,0
300.7,309.6,1810,26.0,195,8.900000000000034,4928.111675931189,L,0
300.7,309.5,1479,34.5,197,8.800000000000011,5343.3778648582,L,0
300.9,309.7,1431,41.4,199,8.800000000000011,6203.954340456052,L,0
300.9,309.7,2355,14.4,201,8.800000000000011,3551.256335617902,L,0
300.7,309.6,1996,19.8,203,8.900000000000034,4138.6084981330505,M,1
300.7,309.5,1461,49.9,0,8.800000000000011,7634.478555268163,L,0
300.7,309.5,2007,19.7,2,8.800000000000011,4140.399205945596,H,0
300.7,309.6,1505,34.9,7,8.900000000000034,5500.352777782569,L,0
300.7,309.6,1925,20.5,9,8.900000000000034,4132.503336409574,H,0
300.7,309.5,1622,30.5,14,8.800000000000011,5180.591005524689,M,0
300.7,309.5,1592,29.0,17,8.800000000000011,4834.701654364452,L,0
300.7,309.5,1850,24.5,19,8.800000000000011,4746.42290079858,L,0
300.7,309.5,1470,48.7,21,8.800000000000011,7496.782549261323,M,0
300.7,309.5,1445,46.4,24,8.800000000000011,7021.250141262947,M,0
300.7,309.5,1685,31.1,27,8.800000000000011,5487.681687413092,L,0
300.7,309.5,1667,30.5,29,8.800000000000011,5324.318869426421,H,0
300.7,309.5,1578,35.4,34,8.800000000000011,5849.771184690338,L,0
300.6,309.4,1691,28.0,36,8.799999999999955,4958.270965405652,H,0
300.7,309.5,1439,43.8,41,8.800000000000011,6600.297669632939,M,0
300.8,309.6,1404,38.7,44,8.800000000000011,5689.92695047569,M,0
300.8,309.6,1498,45.8,47,8.800000000000011,7184.654847151665,L,0
300.8,309.5,1481,44.5,49,8.699999999999989,6901.503101283618,M,0
300.7,309.4,1589,35.0,52,8.699999999999989,5823.989180979879,M,0
300.7,309.5,1467,44.3,55,8.800000000000011,6805.5379176919605,L,0
300.6,309.4,1654,32.8,57,8.799999999999955,5681.1723789476855,L,0
300.7,309.5,1508,39.9,59,8.800000000000011,6300.903889745832,L,0
300.7,309.6,1439,43.0,61,8.900000000000034,6479.744287539187,M,0
300.7,309.5,1692,30.3,64,8.800000000000011,5368.730517572669,L,0
300.7,309.5,1838,24.9,66,8.800000000000011,4792.625256757372,M,0
300.6,309.3,1601,40.2,69,8.699999999999989,6739.784383452327,L,0
300.6,309.4,1369,51.6,71,8.799999999999955,7397.445389554814,L,0
300.6,309.4,1312,45.2,73,8.799999999999955,6210.132806008111,M,0
300.6,309.4,1468,44.1,76,8.799999999999955,6779.431282740631,L,0
300.6,309.4,1452,39.4,78,8.799999999999955,5990.891526689592,M,0
300.7,309.5,1393,43.9,81,8.800000000000011,6403.895768906019,M,0
300.6,309.4,1432,44.2,84,8.799999999999955,6628.174068445794,M,0
300.6,309.3,1510,46.0,87,8.699999999999989,7273.834190611567,M,0
300.6,309.4,1521,37.2,90,8.799999999999955,5925.169408376493,M,0
300.5,309.4,1360,46.2,93,8.899999999999977,6579.751653678463,H,0
300.5,309.3,1881,25.5,98,8.800000000000011,5022.935414192041,M,0
300.4,309.3,1413,50.3,101,8.900000000000034,7442.841403399186,L,0
300.5,309.4,1642,36.2,103,8.899999999999977,6224.584132214624,H,0
300.5,309.5,1542,38.5,108,9.0,6216.897702188841,L,0
300.4,309.5,1447,39.3,110,9.100000000000023,5955.108786365204,L,0
300.4,309.4,1530,40.4,112,9.0,6472.937503456409,H,0
300.5,309.5,1795,27.7,117,9.0,5206.823304182163,L,0
300.6,309.6,1290,57.4,119,9.0,7754.078987590327,L,0
300.6,309.7,1639,30.4,121,9.099999999999966,5217.72463069012,L,0
300.7,309.8,1596,31.5,123,9.100000000000023,5264.680968885776,L,0
300.6,309.8,1455,48.0,125,9.199999999999989,7313.627697557038,L,0
300.6,309.8,1659,28.9,127,9.199999999999989,5020.799131187599,M,0
300.6,309.8,1532,42.5,130,9.199999999999989,6818.303255841048,M,0
300.6,309.8,1502,42.4,133,9.199999999999989,6669.056660844508,L,0
300.6,309.8,1688,28.6,135,9.199999999999989,5055.534673960791,L,0
300.5,309.7,1341,50.9,137,9.199999999999989,7147.845853227105,M,0
300.5,309.7,1685,29.4,140,9.199999999999989,5187.711948872826,M,0
300.5,309.8,1370,55.9,143,9.300000000000011,8019.753006328903,M,0
300.5,309.8,1461,52.5,146,9.300000000000011,8032.267017065704,L,0
300.5,309.8,1550,37.4,148,9.300000000000011,6070.604204286677,L,0
300.5,309.8,1508,37.8,150,9.300000000000011,5969.277369232893,M,0
300.5,309.8,1345,62.7,153,9.300000000000011,8831.174028873587,L,0
300.5,309.7,1616,34.5,155,9.199999999999989,5838.3357874312715,L,0
300.5,309.7,1395,61.0,157,9.199999999999989,8911.127561907448,L,0
300.5,309.8,1324,72.8,159,9.300000000000011,10093.643980669669,H,1
300.5,309.8,1445,43.9,164,9.300000000000011,6642.950025893177,L,0
300.5,309.8,1555,38.9,166,9.300000000000011,6334.445627310659,M,0
300.6,309.9,1449,42.4,169,9.299999999999955,6433.73042713961,M,0
300.5,309.9,1466,53.2,172,9.399999999999977,8167.219365488409,M,0
300.5,309.9,1503,37.4,175,9.399999999999977,5886.527818737339,L,0
300.4,309.7,1488,35.7,177,9.300000000000011,5562.880943564519,L,0
300.4,309.7,1314,50.2,179,9.300000000000011,6907.608263007094,L,0
300.4,309.7,1547,38.0,181,9.300000000000011,6156.055524464319,M,0
300.4,309.7,1466,39.8,184,9.300000000000011,6110.0626080157635,M,0
300.3,309.6,1537,37.1,187,9.300000000000011,5971.403180261824,L,0
300.2,309.5,1434,51.5,189,9.300000000000011,7733.658635341993,M,0
300.4,309.6,1432,44.7,192,9.200000000000045,6703.15341311147,L,0
300.5,309.6,1390,48.4,194,9.100000000000023,7045.1262454302305,L,0
300.5,309.7,1580,42.8,196,9.199999999999989,7081.568720211872,L,0
300.5,309.7,1589,30.5,198,9.199999999999989,5075.190571996752,L,0
300.5,309.8,1441,48.8,200,9.300000000000011,7363.976955818571,L,0
300.5,309.8,1305,51.7,202,9.300000000000011,7065.284798290765,L,0
300.5,309.8,1566,35.9,204,9.300000000000011,5887.2818009741995,M,0
300.5,309.8,1379,54.2,207,9.300000000000011,7826.942993202588,L,1
300.4,309.6,1543,38.1,209,9.200000000000045,6156.296379901094,L,0
300.5,309.8,1421,49.6,211,9.300000000000011,7380.815892441812,L,0
300.5,309.6,1760,30.6,213,9.100000000000023,5639.787131724397,L,0
300.4,309.5,1711,29.2,215,9.100000000000023,5231.924629484345,L,0
300.5,309.6,1465,41.6,217,9.100000000000023,6382.040756012545,L,0
300.5,309.6,1366,50.2,219,9.100000000000023,7180.968711771455,L,0
300.4,309.5,1888,21.9,221,9.100000000000023,4329.868658883596,M,0
300.5,309.5,1777,23.6,0,9.0,4391.653314404196,L,0
300.5,309.5,1379,55.6,2,9.0,8029.114952436602,L,0
300.4,309.5,1525,51.3,4,9.100000000000023,8192.488242398784,L,0
300.4,309.6,1563,34.0,6,9.200000000000045,5565.01722656896,M,0
300.5,309.7,1389,43.3,9,9.199999999999989,6298.23353599028,M,0
300.6,309.8,1447,42.9,12,9.199999999999989,6500.614934734535,M,0
300.6,309.7,1934,22.8,15,9.099999999999966,4617.638545952421,M,0
300.6,309.7,1470,43.8,18,9.099999999999966,6742.486153134413,H,0
300.6,309.7,1428,42.6,23,9.099999999999966,6370.3959192432385,M,0
300.4,309.6,1319,48.1,26,9.200000000000045,6643.829671836183,L,0
300.5,309.7,1887,24.3,28,9.199999999999989,4801.830123232391,L,0
300.4,309.5,1349,50.4,30,9.100000000000023,7119.854262683619,L,0
300.3,309.5,1665,31.4,32,9.199999999999989,5474.853517410932,M,0
300.3,309.5,1474,38.7,35,9.199999999999989,5973.612767094849,L,0
300.4,309.5,1543,38.9,37,9.100000000000023,6285.562445620802,L,0
300.2,309.4,1459,43.9,39,9.199999999999989,6707.31078738972,M,0
300.3,309.5,1551,37.9,42,9.199999999999989,6155.730893223449,L,0
300.2,309.4,1981,21.4,44,9.199999999999989,4439.426466689784,L,0
300.2,309.4,1526,35.3,46,9.199999999999989,5641.0228248348085,L,0
300.2,309.4,1501,40.0,48,9.199999999999989,6287.374097384373,M,0
300.2,309.4,1558,38.3,51,9.199999999999989,6248.774395647266,L,0
300.2,309.3,1532,43.2,53,9.100000000000023,6930.6047212313715,L,0
300.1,309.2,1326,55.9,55,9.099999999999966,7762.184296636588,L,0
300.2,309.2,1431,51.3,57,9.0,7687.50863926076,L,0
300.2,309.3,1366,49.3,59,9.100000000000023,7052.226244827344,L,0
300.1,309.2,1421,42.5,61,9.099999999999966,6324.287811064053,L,0
300.2,309.3,1506,35.6,63,9.100000000000023,5614.403063083391,H,0
300.2,309.3,1342,48.7,68,9.100000000000023,6844.001483747413,H,0
300.1,309.2,1427,37.6,73,9.099999999999966,5618.759404896369,L,0
300.2,309.2,1667,29.9,75,9.0,5219.578170355737,L,0
300.1,309.1,1400,46.7,77,9.0,6846.577589723355,L,0
300.0,309.0,1709,32.1,79,9.0,5744.810574133904,L,0
300.0,309.0,1368,45.8,81,9.0,6561.15342516921,M,0
300.0,309.1,1882,23.8,84,9.100000000000023,4690.565383417752,L,0
300.1,309.1,1353,58.7,86,9.0,8316.95814333401,L,0
299.9,309.0,1553,40.0,88,9.100000000000023,6505.191188033265,L,0
300.0,309.1,1431,45.4,90,9.100000000000023,6803.370218760984,L,0
300.1,309.1,1731,30.4,92,9.0,5510.604841808784,M,0
300.1,309.2,1687,27.7,95,9.099999999999966,4893.543684766189,M,0
300.1,309.2,1457,44.3,98,9.099999999999966,6759.147066173951,M,0
300.1,309.2,1533,37.0,101,9.099999999999966,5939.809230142221,L,0
300.0,309.0,1622,31.8,103,9.0,5401.403081170003,H,0
300.0,309.1,1791,28.2,108,9.100000000000023,5288.99689602456,L,0
300.0,309.1,1631,28.3,110,9.100000000000023,4833.5811529846715,L,0
300.0,309.0,2174,16.9,112,9.0,3847.466634949371,L,0
300.1,309.0,1314,58.2,114,8.899999999999977,8008.422328824958,L,0
300.1,309.1,1478,46.9,116,9.0,7258.984929335599,L,0
300.1,309.2,1783,27.3,118,9.099999999999966,5097.328328229047,L,0
300.1,309.2,1385,46.1,120,9.099999999999966,6686.1992847575975,M,0
300.0,309.2,1444,43.6,123,9.199999999999989,6592.988230725587,L,0
300.1,309.3,1841,23.0,125,9.199999999999989,4434.148591031753,L,0
300.1,309.4,1349,56.2,127,9.299999999999955,7939.202570690862,M,0
300.1,309.3,1340,56.0,130,9.199999999999989,7858.170424179269,L,0
299.9,309.2,1539,43.2,132,9.300000000000011,6962.271975179557,M,0
300.0,309.3,1932,21.8,135,9.300000000000011,4410.544758227783,M,0
300.0,309.3,1407,43.9,138,9.300000000000011,6468.25653040256,M,0
300.1,309.3,1712,28.5,141,9.199999999999989,5109.486291798439,L,0
300.1,309.4,1329,55.2,143,9.299999999999955,7682.325011382337,H,0
300.1,309.2,1441,42.9,148,9.099999999999966,6473.660069766735,L,0
300.0,309.2,1610,32.1,150,9.199999999999989,5412.021664339137,L,0
300.0,309.1,1474,45.2,152,9.100000000000023,6976.93274089631,M,0
300.0,309.1,1624,30.8,155,9.100000000000023,5237.998375281286,M,0
300.1,309.3,1520,38.2,158,9.199999999999989,6080.447861267926,H,0
300.1,309.3,1448,45.8,163,9.199999999999989,6944.846607927644,H,0
300.0,309.3,1558,29.7,168,9.300000000000011,4845.655340749969,L,0
300.0,309.3,2293,16.3,170,9.300000000000011,3913.995095376892,M,0
300.0,309.3,1397,51.2,173,9.300000000000011,7490.227092590832,L,0
300.0,309.3,1972,22.0,175,9.300000000000011,4543.161856111319,L,0
299.9,309.2,1574,36.5,177,9.300000000000011,6016.254651379573,M,0
299.9,309.2,1560,38.9,180,9.300000000000011,6354.813619681433,L,0
299.9,309.2,1353,49.8,182,9.300000000000011,7055.954268109603,M,0
299.9,309.2,1389,51.2,185,9.300000000000011,7447.33388089382,M,0
299.9,309.1,1513,43.8,188,9.200000000000045,6939.715339926781,M,0
299.8,309.1,1578,42.1,191,9.300000000000011,6956.931267668453,L,0
299.8,309.0,1467,37.3,193,9.199999999999989,5730.170752368174,H,0
299.9,309.1,1412,48.3,198,9.200000000000045,7141.845411258749,L,0
299.8,309.1,1668,30.3,200,9.300000000000011,5292.578311649652,L,0
299.8,309.2,1678,29.8,202,9.399999999999977,5236.448522905515,M,0
299.8,309.1,1612,35.4,205,9.300000000000011,5975.811881952361,L,0
299.8,309.1,1485,39.9,207,9.300000000000011,6204.802570472521,L,0
299.8,309.1,1456,39.4,209,9.300000000000011,6007.3953600964505,M,0
299.8,309.2,1504,38.7,212,9.399999999999977,6095.1924027887735,L,0
299.9,309.2,1491,44.3,214,9.300000000000011,6916.875961335182,L,0
299.9,309.2,1525,33.2,0,9.300000000000011,5301.961201708375,H,0
300.0,309.2,1759,27.9,5,9.199999999999989,5139.237174227935,L,0
299.8,309.1,1355,56.7,7,9.300000000000011,8045.461706210782,M,0
299.9,309.1,1345,56.8,10,9.200000000000045,8000.170412121527,M,0
299.9,309.2,1683,30.5,13,9.300000000000011,5375.422109924816,M,0
299.9,309.2,1658,34.8,16,9.300000000000011,6042.162318796178,L,0
300.0,309.2,1566,34.4,18,9.199999999999989,5641.295096198119,L,0
300.1,309.3,1469,43.9,20,9.199999999999989,6753.282759887251,M,0
300.2,309.5,1458,46.9,23,9.300000000000011,7160.757799033358,M,0
300.1,309.4,1858,23.6,26,9.299999999999955,4591.835598290937,L,0
300.1,309.4,1563,40.8,28,9.299999999999955,6678.020671882751,H,0
300.1,309.4,2141,17.9,33,9.299999999999955,4013.269423230329,L,0
300.0,309.3,1473,46.0,35,9.300000000000011,7095.601167397907,L,0
300.0,309.4,1498,38.5,37,9.399999999999977,6039.502437016138,H,0
300.1,309.4,1568,39.7,42,9.299999999999955,6518.762868296773,L,0
300.1,309.4,1694,27.4,44,9.299999999999955,4860.63026573208,L,0
300.0,309.4,1499,35.7,46,9.399999999999977,5604.004391400009,L,0
300.0,309.5,1717,28.3,48,9.5,5088.4480929948995,L,0
300.1,309.5,1462,42.8,50,9.399999999999977,6552.692068955543,M,0
300.1,309.6,1642,34.5,53,9.5,5932.269407773606,L,0
300.1,309.6,1760,25.4,55,9.5,4681.391932869271,L,0
300.1,309.5,1660,32.7,57,9.399999999999977,5684.397747405372,L,0
300.1,309.5,1557,40.6,59,9.399999999999977,6619.775544085197,L,0
300.2,309.6,1442,49.2,61,9.400000000000034,7429.48963462143,H,0
300.2,309.6,1359,51.5,66,9.400000000000034,7329.178581192307,L,0
300.4,309.8,1342,52.5,68,9.400000000000034,7378.030346955629,L,0
300.4,309.9,1435,54.8,70,9.5,8234.952103099806,L,0
300.4,309.9,1567,36.5,72,9.5,5989.498753946501,L,0
300.4,309.9,1376,43.5,74,9.5,6268.1056624423545,L,0
300.4,309.9,1513,38.7,76,9.5,6131.666293496951,H,0
300.4,309.9,2563,12.8,81,9.5,3435.478174357607,H,1
300.5,310.0,1521,45.1,86,9.5,7183.471513918812,L,0
300.6,310.0,1658,34.7,88,9.399999999999977,6024.799783397339,L,0
300.6,310.0,1419,42.4,90,9.399999999999977,6300.526898627401,H,0
300.6,310.0,1478,36.3,95,9.399999999999977,5618.361469826914,M,0
300.5,310.0,1415,43.5,98,9.5,6445.762727002858,M,0
300.5,309.9,1780,26.5,101,9.399999999999977,4939.630848994351,M,0
300.4,309.7,1440,42.8,104,9.300000000000011,6454.08794753487,M,0
300.4,309.8,1448,39.7,107,9.400000000000034,6019.877954906714,H,0
300.4,309.7,1500,35.2,112,9.300000000000011,5529.203070318036,H,0
300.4,309.8,1513,32.9,117,9.400000000000034,5212.708554419888,L,0
300.5,309.8,1428,43.8,119,9.300000000000011,6549.843691616287,L,0
300.5,309.8,1473,42.3,121,9.300000000000011,6524.868030020249,M,0
300.5,309.9,1483,49.3,124,9.399999999999977,7656.260264333052,M,0
300.4,309.7,1534,42.5,127,9.300000000000011,6827.204435026219,L,0
300.5,309.8,1367,54.0,129,9.300000000000011,7730.202883423045,L,0
300.4,309.7,1467,36.9,131,9.300000000000011,5668.721200063958,L,0
300.4,309.7,1488,42.2,133,9.300000000000011,6575.730415081868,M,0
300.4,309.7,1679,30.1,136,9.300000000000011,5292.316512261853,L,0
300.4,309.8,1409,47.5,138,9.400000000000034,7008.63141077103,H,0
300.4,309.7,1367,51.2,143,9.300000000000011,7329.377548727036,M,0
300.4,309.8,1314,63.1,146,9.400000000000034,8682.6709441384,L,0
300.5,309.9,1480,40.0,148,9.399999999999977,6199.409503083858,L,0
300.4,309.8,1549,38.9,150,9.400000000000034,6310.004036465731,L,0
300.4,309.7,1685,31.3,152,9.300000000000011,5522.972244888417,L,0
300.4,309.6,1536,34.5,154,9.200000000000045,5549.309263301011,L,0
300.4,309.7,1539,37.7,156,9.300000000000011,6075.871607969197,M,0
300.4,309.7,1384,45.1,159,9.300000000000011,6536.439562960972,L,0
300.4,309.6,1614,30.3,161,9.200000000000045,5121.235848322866,M,0
300.4,309.6,1675,35.5,164,9.200000000000045,6226.898438802769,M,0
300.4,309.7,1685,32.3,167,9.300000000000011,5699.425032265043,M,0
300.4,309.6,1386,56.9,170,9.200000000000045,8258.555935903776,L,0
300.3,309.6,1488,41.3,172,9.300000000000011,6435.489719025619,M,0
300.3,309.6,1624,32.6,175,9.300000000000011,5544.115163447075,L,0
300.3,309.6,1600,34.6,177,9.300000000000011,5797.285643424366,L,0
300.3,309.6,1468,44.7,179,9.300000000000011,6871.668443050027,L,0
300.3,309.6,1435,45.4,181,9.300000000000011,6822.387326290715,L,0
300.2,309.5,1564,33.4,183,9.300000000000011,5470.308680038739,M,0
300.2,309.4,1329,53.6,186,9.199999999999989,7459.648924095893,M,0
300.1,309.3,1570,36.8,189,9.199999999999989,6050.288571793463,L,0
300.2,309.4,1433,48.8,191,9.199999999999989,7323.094363419855,M,0
300.2,309.4,1527,37.0,194,9.199999999999989,5916.561444505656,L,0
300.1,309.3,1443,50.3,196,9.199999999999989,7600.863513874753,M,0
300.1,309.3,1616,32.0,199,9.199999999999989,5415.267976747846,L,0
300.1,309.3,1654,31.0,201,9.199999999999989,5369.400724005434,L,0
300.1,309.3,1685,27.1,203,9.199999999999989,4781.870537906585,L,0
300.2,309.4,1456,48.8,205,9.199999999999989,7440.631816566161,M,0
300.2,309.4,1752,27.8,208,9.199999999999989,5100.4385049561015,M,0
300.1,309.2,1438,51.0,211,9.099999999999966,7679.9374009656085,M,0
300.1,309.1,1551,33.7,214,9.0,5473.565464422962,L,0
300.1,309.2,1599,30.1,216,9.099999999999966,5040.1513419337125,L,0
300.1,309.2,1732,33.7,218,9.099999999999966,6112.32455472635,M,0
300.1,309.2,1418,39.8,221,9.099999999999966,5910.005987835167,M,0
300.0,309.1,1401,44.5,0,9.100000000000023,6528.700773057628,L,0
300.0,309.0,1454,51.7,2,9.0,7871.972487904041,L,0
300.0,309.2,1635,32.4,4,9.199999999999989,5547.424307708856,M,0
300.0,309.1,1489,40.3,7,9.100000000000023,6283.886929538887,L,0
300.0,309.1,1465,40.6,9,9.100000000000023,6228.626314762244,L,0
300.0,309.1,1463,45.7,11,9.100000000000023,7001.468579520846,M,0
300.1,309.1,1560,35.4,14,9.0,5783.043756728091,H,0
300.1,309.2,1454,44.4,19,9.099999999999966,6760.456063112948,M,0
300.2,309.1,1479,47.0,22,8.900000000000034,7279.38433763291,L,0
300.2,309.2,1430,43.4,24,9.0,6499.117442236326,L,0
300.1,309.1,1533,38.0,26,9.0,6100.344614740659,M,0
300.1,309.0,1404,54.8,29,8.899999999999977,8057.054183102527,L,0
300.1,308.9,1548,38.4,31,8.799999999999955,6224.87734752896,M,0
300.1,309.0,1612,33.0,34,8.899999999999977,5570.672093345421,M,0
300.2,309.0,1642,31.2,37,8.800000000000011,5364.834942682217,M,0
300.2,309.1,1406,42.2,40,8.900000000000034,6213.358174465797,M,0
300.3,309.2,1587,31.4,43,8.899999999999977,5218.373893171861,L,0
300.3,309.2,1364,47.6,45,8.899999999999977,6799.076708801078,M,0
300.3,309.2,1462,51.4,48,8.899999999999977,7869.354494026049,L,0
300.3,309.2,1649,32.4,50,8.899999999999977,5594.925188631134,L,0
300.4,309.2,1752,29.0,52,8.800000000000011,5320.601318119674,L,0
300.4,309.3,1396,51.2,54,8.900000000000034,7484.865441128706,H,0
300.5,309.4,2179,16.3,59,8.899999999999977,3719.40484641354,M,0
300.5,309.5,1653,27.6,62,9.0,4777.608443873214,L,0
300.6,309.5,2025,21.4,64,8.899999999999977,4538.030588110456,L,0
300.6,309.6,1426,53.6,66,9.0,8004.107874914027,L,0
300.6,309.6,1503,38.4,68,9.0,6043.921610682187,M,0
300.7,309.6,1525,36.5,71,8.900000000000034,5828.963369348062,M,0
300.6,309.6,1423,49.1,74,9.0,7316.695986382045,L,0
300.7,309.7,1435,44.7,76,9.0,6717.196332273017,M,0
300.6,309.5,1495,36.5,79,8.899999999999977,5714.295237492034,H,0
300.6,309.5,1557,33.8,84,8.899999999999977,5511.044664780286,M,0
300.6,309.4,1474,40.7,87,8.799999999999955,6282.326605187606,L,0
300.5,309.3,1465,46.0,89,8.800000000000011,7057.064297513872,L,0
300.5,309.3,1589,34.9,91,8.800000000000011,5807.349211891365,M,0
300.5,309.3,1475,46.8,94,8.800000000000011,7228.804695910114,L,0
300.6,309.4,1442,43.2,96,8.799999999999955,6523.454313326134,L,0
300.6,309.4,1556,36.0,98,8.799999999999955,5865.981802782862,L,0
300.7,309.3,1425,45.3,100,8.600000000000023,6759.921992361836,L,0
300.7,309.3,1580,38.3,102,8.600000000000023,6337.0112613110905,L,0
300.8,309.4,1474,40.7,104,8.599999999999966,6282.326605187606,H,0
300.8,309.4,1489,38.4,109,8.599999999999966,5987.624270329858,L,0
300.8,309.4,1946,20.5,111,8.599999999999966,4177.585190988587,L,0
300.8,309.4,1342,62.4,113,8.599999999999966,8769.316069524404,M,1
300.9,309.5,1758,26.8,116,8.600000000000023,4933.808430609698,M,0
300.9,309.4,1724,25.6,119,8.5,4621.743560353112,M,0
301.0,309.5,1430,48.5,122,8.5,7262.838616324005,L,0
300.9,309.5,1612,35.2,124,8.600000000000023,5942.050232901783,L,0
300.9,309.5,1469,43.4,126,8.600000000000023,6676.366099751861,H,0
300.9,309.6,1384,42.4,131,8.700000000000045,6145.122782029826,L,0
301.0,309.6,1724,28.1,133,8.600000000000023,5073.085704918846,L,0
301.0,309.6,1397,48.0,135,8.600000000000023,7022.087899303905,M,0
301.0,309.6,1588,32.7,138,8.600000000000023,5437.845555951645,M,0
301.0,309.7,1468,42.0,141,8.699999999999989,6456.601221657744,L,0
301.0,309.8,1594,31.1,143,8.800000000000011,5191.314308448942,M,0
301.0,309.7,1511,39.3,146,8.699999999999989,6218.499914442172,M,0
301.1,309.8,1493,38.9,149,8.699999999999989,6081.882521913065,L,0
301.2,309.8,1709,27.0,151,8.600000000000023,4832.083660486461,H,0
301.1,309.6,1501,36.1,156,8.5,5674.3551228893975,L,0
301.1,309.7,1668,30.8,158,8.599999999999966,5379.914587419449,L,0
301.1,309.6,1502,48.9,160,8.5,7691.435630077745,L,0
301.0,309.7,1288,58.4,162,8.699999999999989,7876.936204296711,M,0
301.0,309.7,1491,42.9,165,8.699999999999989,6698.283944498405,L,0
301.1,309.8,1519,39.6,167,8.699999999999989,6299.144597859823,L,0
301.2,309.9,1984,19.7,169,8.699999999999989,4092.9506849008776,L,0
301.2,309.9,1643,32.9,171,8.699999999999989,5660.594947066673,L,0
301.2,310.0,1625,31.6,173,8.800000000000011,5377.359425394529,M,0
301.3,310.0,2068,17.8,176,8.699999999999989,3854.776073856724,M,0
301.3,310.1,1469,39.7,179,8.800000000000011,6107.182814749975,H,0
301.3,310.1,1558,36.3,184,8.800000000000011,5922.467638694407,L,0
301.3,310.0,1344,54.8,186,8.699999999999989,7712.735628269085,L,0
301.3,310.1,1455,44.1,188,8.800000000000011,6719.395447130529,H,0
301.3,310.1,1355,53.6,193,8.800000000000011,7605.586374830651,L,0
301.3,310.1,1269,56.8,195,8.800000000000011,7548.11617322098,L,1
301.3,310.0,1550,41.5,197,8.699999999999989,6736.098248072115,L,0
301.3,310.1,1525,37.8,199,8.800000000000011,6036.5702838727875,M,0
301.3,310.0,1696,32.4,202,8.699999999999989,5754.392431727352,M,0
301.4,310.1,1937,21.8,205,8.700000000000045,4421.9592115358255,L,0
301.4,310.0,1689,32.1,207,8.600000000000023,5677.580491347082,M,0
301.3,310.0,1593,30.8,210,8.699999999999989,5138.011953093035,M,0
301.3,309.9,1565,36.0,213,8.599999999999966,5899.911003441631,M,0
301.3,310.0,1665,31.4,0,8.699999999999989,5474.853517410932,L,0
301.3,310.0,1532,36.3,2,8.699999999999989,5823.633133812471,H,0
301.3,310.0,1438,40.9,7,8.699999999999989,6159.008621558693,L,0
301.3,310.1,1531,41.6,9,8.800000000000011,6669.559315669084,L,0
301.3,310.0,1506,40.8,11,8.699999999999989,6434.4844093764705,L,0
301.2,309.9,1382,52.4,13,8.699999999999989,7583.469562549377,L,0
301.2,309.9,1456,50.8,15,8.699999999999989,7745.575743474611,M,0
301.2,310.0,1445,45.6,18,8.800000000000011,6900.194104344621,M,0
301.2,309.9,1515,40.9,21,8.699999999999989,6488.802546357038,L,0
301.2,309.9,1449,45.5,23,8.699999999999989,6904.121095161609,L,0
301.2,309.9,1362,50.7,25,8.699999999999989,7231.255138179914,H,0
301.2,309.9,1687,29.7,30,8.699999999999989,5246.86813853992,L,0
301.2,310.0,1618,37.6,32,8.800000000000011,6370.814798263717,L,0
301.2,310.1,1558,32.6,34,8.900000000000034,5318.800138331616,M,0
301.3,310.1,1662,31.0,37,8.800000000000011,5395.37122327511,L,0
301.2,310.1,1295,56.6,39,8.900000000000034,7675.643891005701,M,0
301.2,310.2,1385,42.3,42,9.0,6135.059213562828,L,0
301.2,310.1,1479,45.5,44,8.900000000000034,7047.063560899945,M,0
301.3,310.3,1400,44.3,47,9.0,6494.719212521298,L,0
301.2,310.3,1357,54.5,49,9.100000000000023,7744.706569507118,M,0
301.1,310.2,1657,34.1,52,9.099999999999966,5917.05362735472,L,0
301.1,310.2,1496,43.4,54,9.099999999999966,6799.076708801078,L,0
301.2,310.3,1379,43.2,56,9.100000000000023,6238.449027792468,M,0
301.2,310.3,1548,38.6,59,9.100000000000023,6257.298583714007,L,0
301.2,310.3,1499,38.1,61,9.100000000000023,5980.744182418497,L,0
301.3,310.5,1390,45.8,63,9.199999999999989,6666.669050427779,L,0
301.3,310.4,1538,38.4,65,9.099999999999966,6184.66496156301,H,0
301.3,310.5,1365,47.7,70,9.199999999999989,6818.355615718608,L,0
301.3,310.5,1503,48.6,72,9.199999999999989,7649.338288519643,L,0
301.2,310.4,1390,49.9,74,9.199999999999989,7263.466934854721,L,0
301.2,310.3,1497,45.7,76,9.100000000000023,7164.182135025772,L,0
301.3,310.4,1577,48.3,78,9.099999999999966,7976.409499684877,M,0
301.4,310.5,1432,54.3,81,9.100000000000023,8142.756830692456,L,0
301.4,310.5,1563,39.9,83,9.100000000000023,6530.711392355925,M,0
301.4,310.4,1433,43.4,86,9.0,6512.751954352903,L,0
301.3,310.4,1384,50.1,88,9.099999999999966,7261.100268389017,L,0
301.3,310.4,1346,46.7,90,9.099999999999966,6582.495311262598,L,0
301.3,310.4,1459,44.7,92,9.099999999999966,6829.539685565387,L,0
301.4,310.4,1639,28.9,94,9.0,4960.2711127284365,L,0
301.4,310.4,1737,31.9,96,9.0,5802.553047106883,L,0
301.4,310.5,1489,43.5,98,9.100000000000023,6782.855618733042,L,0
301.5,310.6,1492,43.0,100,9.100000000000023,6718.400609456892,M,0
301.4,310.5,1217,60.6,103,9.100000000000023,7723.102884025933,M,0
301.5,310.5,1636,28.7,106,9.0,4916.9276060844095,L,0
301.4,310.4,1436,49.7,108,9.0,7473.765147086023,L,0
301.4,310.4,1689,30.6,110,9.0,5412.272991751423,L,0
301.5,310.5,2289,16.4,112,9.0,3931.137719289979,L,0
301.5,310.6,1522,41.0,114,9.100000000000023,6534.722158977009,L,0
301.5,310.5,1351,52.9,116,9.0,7484.100986916332,L,0
301.5,310.5,1589,36.7,118,9.0,6106.868655484616,L,0
301.5,310.6,1578,34.1,120,9.100000000000023,5634.949079037869,L,0
301.5,310.6,1587,33.7,122,9.100000000000023,5600.611471334132,L,0
301.5,310.6,1962,20.2,124,9.100000000000023,4150.295222804403,L,0
301.5,310.6,2432,14.2,126,9.100000000000023,3616.433911204378,M,0
301.6,310.6,1418,43.9,129,9.0,6518.825700149845,L,0
301.6,310.7,1683,29.7,131,9.099999999999966,5234.427431631706,L,0
301.7,310.8,1385,50.7,133,9.100000000000023,7353.36884462495,L,0
301.7,310.8,1559,44.5,135,9.100000000000023,7264.9853713039565,L,0
301.7,310.8,1671,31.6,137,9.100000000000023,5529.580061436467,M,0
301.6,310.8,1343,49.5,140,9.199999999999989,6961.612240722301,M,0
301.6,310.8,1548,34.2,143,9.199999999999989,5544.03138764298,M,0
301.7,310.9,1705,31.2,146,9.199999999999989,5570.672093345421,L,0
301.6,310.8,1535,35.4,148,9.199999999999989,5690.366773447192,L,0
301.6,310.8,1564,34.1,150,9.199999999999989,5584.955867943743,L,0
301.6,310.9,1510,40.9,152,9.299999999999955,6467.387356435067,M,0
301.6,310.9,1492,45.2,155,9.299999999999955,7062.132733661664,L,0
301.5,310.8,1452,44.1,157,9.300000000000011,6705.541023528199,M,0
301.4,310.7,1329,52.0,160,9.300000000000011,7236.9728368094475,H,0
301.5,310.8,1382,52.4,165,9.300000000000011,7583.469562549377,L,0
301.5,310.8,1628,36.4,167,9.300000000000011,6205.608912586943,M,0
301.4,310.7,1706,27.9,170,9.300000000000011,4984.388072332494,L,0
301.3,310.7,1594,34.1,172,9.399999999999977,5692.084177431155,L,0
301.3,310.7,1761,24.3,174,9.399999999999977,4481.199177007017,L,0
301.3,310.6,1529,41.8,176,9.300000000000011,6692.8699331587195,L,0
301.3,310.7,1532,40.7,178,9.399999999999977,6529.528059123074,M,0
301.4,310.7,1673,27.8,181,9.300000000000011,4870.452978762304,L,0
301.4,310.8,1285,62.6,183,9.400000000000034,8423.761821580552,L,1
301.4,310.8,1680,31.4,185,9.400000000000034,5524.176522072292,L,0
301.4,310.8,1610,34.6,187,9.400000000000034,5833.5186786957665,L,0
301.6,310.9,1632,31.6,189,9.299999999999955,5400.523435226998,L,0
301.6,310.9,1559,40.2,191,9.299999999999955,6562.975548908294,L,0
301.5,310.8,1367,49.0,193,9.300000000000011,7014.44335718017,L,0
301.6,310.8,1355,57.8,195,9.199999999999989,8201.546501216635,L,1
301.6,310.7,1414,51.7,197,9.099999999999966,7655.412034316583,H,0
301.5,310.6,1522,36.6,202,9.100000000000023,5833.434902891671,L,0
301.5,310.6,1525,41.9,204,9.100000000000023,6691.330552758461,L,0
301.5,310.6,1394,46.5,206,9.100000000000023,6788.039246611466,L,0
301.5,310.6,1519,40.7,208,9.100000000000023,6474.120836689262,L,0
301.4,310.6,1445,43.9,210,9.200000000000045,6642.950025893177,L,0
301.4,310.6,1555,43.3,212,9.200000000000045,7050.938191839371,L,0
301.4,310.5,1633,39.5,0,9.100000000000023,6754.790724360974,L,0
301.4,310.6,1630,30.3,2,9.200000000000045,5172.003985604876,M,0
301.4,310.7,1692,32.3,5,9.300000000000011,5723.102168897597,M,0
301.5,310.7,1790,26.2,8,9.199999999999989,4911.147075601804,H,0
301.5,310.8,1350,58.5,13,9.300000000000011,8270.24266057513,L,0
301.5,310.9,2760,8.0,15,9.399999999999977,2312.212193042088,L,1
301.4,310.7,1584,32.2,17,9.300000000000011,5341.210165927223,L,0
301.4,310.7,1989,21.8,19,9.300000000000011,4540.669525939472,L,0
301.4,310.8,1431,44.3,21,9.400000000000034,6638.530852227128,L,0
301.4,310.7,1568,35.2,23,9.300000000000011,5779.860276172453,L,0
301.4,310.7,1376,50.6,25,9.300000000000011,7291.175782059383,L,0
301.4,310.6,1459,46.9,27,9.200000000000045,7165.66915554847,M,0
301.5,310.8,1385,47.5,30,9.300000000000011,6889.250889934618,M,0
301.5,310.8,1591,29.6,33,9.300000000000011,4931.630259703209,H,0
301.5,310.7,1568,33.1,38,9.199999999999989,5435.039066514438,L,0
301.4,310.7,1459,37.7,40,9.300000000000011,5760.036826528302,M,0
301.4,310.7,1590,36.3,43,9.300000000000011,6044.110106241402,L,0
301.3,310.6,1376,47.6,45,9.300000000000011,6858.892632925427,L,0
301.3,310.6,1510,38.5,47,9.300000000000011,6087.88296388142,L,0
301.4,310.6,1674,33.6,49,9.200000000000045,5890.109234362431,H,0
301.3,310.6,1426,40.7,54,9.300000000000011,6077.746091585837,L,0
301.5,310.7,1466,43.6,56,9.199999999999989,6693.435419836365,L,0
301.5,310.8,1474,38.7,58,9.300000000000011,5973.612767094849,H,0
301.6,310.8,1290,65.3,63,9.199999999999989,8821.27801201478,M,0
301.7,310.9,1435,48.0,66,9.199999999999989,7213.096732642165,M,0
301.5,310.7,1416,53.2,69,9.199999999999989,7888.664816870115,M,0
301.5,310.7,1599,40.4,72,9.199999999999989,6764.854292827973,H,0
301.5,310.7,1466,47.3,77,9.199999999999989,7261.456315556423,L,0
301.5,310.7,1408,47.3,79,9.199999999999989,6974.168139361148,L,0
301.5,310.6,1490,48.1,81,9.100000000000023,7505.160129670897,L,0
301.5,310.6,1405,42.3,83,9.100000000000023,6223.65212639406,L,0
301.4,310.5,1647,33.3,85,9.100000000000023,5743.365441513252,L,0
301.4,310.6,1459,35.0,87,9.200000000000045,5347.514295185426,M,0
301.4,310.6,1648,30.7,90,9.200000000000045,5298.149402622018,L,0
301.4,310.7,1675,30.7,92,9.300000000000011,5384.951607640704,L,0
301.4,310.7,1605,34.2,94,9.300000000000011,5748.172078273245,L,0
301.4,310.7,1536,44.4,96,9.300000000000011,7141.7197475526045,H,0
301.4,310.7,1617,34.3,101,9.300000000000011,5808.082250177202,M,0
301.4,310.6,1347,53.3,104,9.200000000000045,7518.365290791486,L,0
301.3,310.5,1337,52.7,106,9.199999999999989,7378.543473755715,L,0
301.3,310.4,1695,30.9,108,9.099999999999966,5484.74953426974,L,0
301.3,310.4,1635,32.5,110,9.099999999999966,5564.545987670921,M,0
301.2,310.4,1470,44.0,113,9.199999999999989,6773.273761139593,L,0
301.2,310.4,1381,49.8,115,9.199999999999989,7201.975494648455,L,0
301.2,310.4,1382,41.6,117,9.199999999999989,6020.464385535383,M,0
301.2,310.4,1697,30.0,120,9.199999999999989,5331.282733141879,M,0
301.2,310.3,1451,39.7,123,9.100000000000023,6032.350077741466,L,0
301.3,310.3,1419,55.7,125,9.0,8276.871421074206,L,0
301.3,310.3,1313,55.6,127,9.0,7644.8353390494985,L,0
301.3,310.3,1560,36.3,129,9.0,5930.0702929160925,L,0
301.3,310.3,1555,41.2,131,9.0,6708.975831496124,L,0
301.4,310.4,1579,36.9,133,9.0,6101.507004022487,L,0
301.5,310.5,1435,44.6,135,9.0,6702.169047413346,L,0
301.6,310.6,1621,33.7,137,9.0,5720.599366750239,L,0
301.6,310.6,1555,40.4,139,9.0,6578.704456127266,H,0
301.5,310.5,1611,33.8,144,9.0,5702.17916182469,L,0
301.6,310.6,1834,23.5,146,9.0,4513.316725902217,L,0
301.5,310.5,1612,29.8,148,9.0,5030.485708536168,M,0
301.5,310.4,1629,34.1,151,8.899999999999977,5817.067205166469,L,0
301.4,310.4,1496,35.2,153,9.0,5514.458528797189,L,0
301.5,310.5,1593,32.9,155,9.0,5488.330949894832,L,0
301.5,310.5,1623,33.5,157,9.0,5693.665445733461,M,0
301.5,310.5,1380,48.7,160,9.0,7037.795862571856,L,0
301.6,310.6,1562,34.4,162,9.0,5626.885657893655,L,0
301.6,310.6,1391,49.4,164,9.0,7195.859860949469,L,0
301.5,310.5,1551,34.3,166,9.0,5571.017668537316,H,0
301.6,310.6,1821,26.2,171,9.0,4996.200460709991,H,0
301.6,310.7,1429,43.6,176,9.099999999999966,6524.5015108773305,L,0
301.6,310.7,2012,20.7,178,9.099999999999966,4361.410249125638,M,0
301.6,310.6,1924,23.6,181,9.0,4754.9470888653195,M,0
301.5,310.5,1412,44.1,184,9.0,6520.815375497119,M,0
301.5,310.5,1389,54.9,187,9.0,7985.5201183802865,L,0
301.5,310.5,1466,48.1,189,9.0,7384.271644360761,L,0
301.5,310.5,2297,15.8,191,9.0,3800.5521846557644,L,0
301.4,310.4,1471,37.5,193,9.0,5776.6034917882325,L,0
301.4,310.3,1492,41.4,195,8.900000000000034,6468.413610035241,L,0
301.3,310.3,1460,41.5,197,9.0,6344.969962700186,L,0
301.4,310.4,1559,39.4,199,9.0,6432.369070323053,L,0
301.4,310.5,1495,52.5,201,9.100000000000023,8219.191779954295,M,0
301.5,310.5,1535,39.0,204,9.0,6269.048140238431,L,0
301.5,310.6,1381,50.7,206,9.100000000000023,7332.131678286682,L,0
301.6,310.6,1599,36.1,208,9.0,6044.832672551729,M,0
301.6,310.6,1400,49.5,211,9.0,7257.079029792421,H,0
301.7,310.6,1624,34.5,216,8.900000000000034,5867.238439844297,L,0
301.6,310.6,1478,36.6,218,9.0,5664.794209246971,L,0
301.7,310.7,1605,33.3,220,9.0,5596.904392002895,L,0
301.6,310.6,1506,43.4,222,9.0,6844.5250825230105,L,0
301.6,310.6,1455,43.9,0,9.0,6688.921998390708,L,0
301.6,310.5,1602,32.3,2,8.899999999999977,5418.681840764747,H,0
301.5,310.4,1425,54.4,7,8.899999999999977,8117.875416876024,L,0
301.5,310.4,1918,21.8,9,8.899999999999977,4378.584288965262,L,0
301.4,310.3,1611,41.5,11,8.900000000000034,7001.196308157533,H,0
301.4,310.4,1610,38.6,16,9.0,6507.913901666376,H,0
301.5,310.4,2639,12.0,21,8.899999999999977,3316.265205129386,M,1
301.5,310.4,1329,46.6,24,8.899999999999977,6485.441042217698,L,0
301.5,310.4,1270,54.2,26,8.899999999999977,7208.27962390666,L,0
301.5,310.3,1415,41.6,28,8.800000000000011,6164.223665363653,L,0
301.6,310.4,1330,49.5,30,8.799999999999955,6894.2250783028,H,0
301.6,310.5,1786,27.1,35,8.899999999999977,5068.498979644605,H,0
301.6,310.5,1809,25.5,40,8.899999999999977,4830.669943792345,L,0
301.7,310.6,1303,59.7,42,8.900000000000034,8146.055502978726,L,0
301.8,310.7,1383,45.7,44,8.899999999999977,6618.613154803369,M,0
301.7,310.6,1447,56.9,47,8.900000000000034,8622.027733948602,L,0
301.8,310.7,1461,44.2,49,8.899999999999977,6762.403850558174,L,0
301.8,310.7,2092,18.6,51,8.899999999999977,4074.771335412105,L,0
301.8,310.7,1429,47.9,53,8.899999999999977,7167.972990161104,M,0
301.8,310.8,1736,26.5,56,9.0,4817.527614524827,L,0
301.8,310.7,1441,49.3,58,8.899999999999977,7439.427539382286,L,0
301.8,310.7,1523,43.3,60,8.899999999999977,6905.838499145571,L,0
301.8,310.8,1691,33.4,62,9.0,5914.508937305312,M,0
301.9,310.8,1557,35.3,65,8.900000000000034,5755.617652862252,M,0
301.8,310.7,1644,33.4,68,8.899999999999977,5750.1198657184705,L,0
301.8,310.6,1522,43.8,70,8.800000000000011,6980.99586739495,L,0
301.8,310.7,1547,41.7,72,8.899999999999977,6755.46093079374,L,0
301.8,310.7,1597,30.8,74,8.899999999999977,5150.913426923777,L,0
301.8,310.8,1619,31.0,76,9.0,5255.779789700605,M,0
301.9,310.8,1400,58.2,79,8.900000000000034,8532.565647149877,L,0
302.0,310.9,1663,31.5,81,8.899999999999977,5485.692012065818,L,0
301.9,310.8,1540,37.6,83,8.900000000000034,6063.69270044878,L,0
301.9,310.8,1455,42.7,85,8.900000000000034,6506.081305951782,H,0
301.9,310.8,1519,39.0,90,8.900000000000034,6203.703013043764,L,0
301.9,310.8,1427,47.7,92,8.900000000000034,7128.05381950949,L,0
301.9,310.8,1650,29.8,94,8.900000000000034,5149.070359233671,L,0
301.8,310.8,1508,38.8,96,9.0,6127.19475995334,M,0
301.9,310.9,1379,54.8,99,9.0,7913.588118588593,L,0
301.9,310.9,1542,36.7,101,9.0,5926.237549878714,L,0
301.9,310.9,1763,28.4,103,9.0,5243.234363037269,M,0
301.9,310.9,1590,34.3,106,9.0,5711.101284960883,H,0
301.9,311.0,1336,63.6,111,9.100000000000023,8897.995704615445,H,0
301.9,311.0,1638,35.4,116,9.100000000000023,6072.195944564495,M,0
301.9,311.0,1356,45.7,119,9.100000000000023,6489.39944896122,L,0
301.9,311.0,1384,47.4,121,9.100000000000023,6869.783487457872,M,0
301.9,310.9,1309,48.0,124,9.0,6579.751653678462,L,0
301.9,311.0,1642,33.1,126,9.100000000000023,5691.539634704532,L,0
301.9,311.0,1289,54.9,128,9.100000000000023,7410.608662773354,L,0
301.9,311.0,1353,43.8,130,9.100000000000023,6205.839296048205,L,0
301.9,311.0,1871,26.0,132,9.100000000000023,5094.197207550968,H,0
301.9,311.0,1291,63.6,137,9.100000000000023,8598.287765462977,H,0
301.8,310.9,1346,44.6,142,9.099999999999966,6286.494451441367,M,0
301.7,310.8,1493,47.6,145,9.100000000000023,7442.097893137838,L,0
301.7,310.8,1524,41.3,147,9.100000000000023,6591.1870509375285,M,0
301.6,310.8,1726,26.7,150,9.199999999999989,4825.926138885425,L,0
301.6,310.8,1435,47.2,152,9.199999999999989,7092.878453764796,H,0
301.7,310.8,1502,34.4,157,9.100000000000023,5410.7440833266755,M,0
301.7,310.9,1608,33.0,160,9.199999999999989,5556.849085669626,L,0
301.8,311.0,1771,27.2,162,9.199999999999989,5044.476267820155,L,0
301.7,311.0,1474,42.6,164,9.300000000000011,6575.604751375725,L,0
301.8,311.0,1322,53.0,166,9.199999999999989,7337.294362214082,L,0
301.8,311.0,1393,49.5,168,9.199999999999989,7220.793634643461,M,0
301.9,311.1,1417,52.5,171,9.200000000000045,7790.36438273929,M,0
301.9,311.0,1430,49.8,174,9.100000000000023,7457.512641091452,H,0
301.9,311.1,1605,40.0,179,9.200000000000045,6723.008278682157,M,0
302.0,311.1,1402,47.8,182,9.100000000000023,7017.857221197071,L,0
302.0,311.0,1550,35.2,184,9.0,5713.509839328638,L,0
301.9,311.0,1376,44.9,186,9.100000000000023,6469.837798704867,L,0
301.9,310.9,1569,32.5,188,9.0,5339.922112939251,M,0
301.9,311.0,1669,32.2,191,9.100000000000023,5627.828135689732,L,0
301.9,311.0,1541,38.9,193,9.100000000000023,6277.415248672492,L,0
301.8,311.0,1651,32.5,195,9.199999999999989,5619.000260333144,L,0
301.8,310.9,1521,39.3,197,9.099999999999966,6259.654778204197,L,0
301.8,310.8,1365,48.2,199,9.0,6889.826848587775,M,0
301.8,310.9,1609,31.7,202,9.099999999999966,5341.262525804782,L,0
301.8,310.8,1470,37.6,204,9.0,5788.070304973835,H,0
301.9,310.9,1573,38.9,209,9.0,6407.770399845445,M,0
302.0,310.9,1378,53.1,212,8.899999999999977,7662.53297766472,L,1
301.9,310.9,1567,39.0,214,9.0,6399.738394627768,L,1
301.9,310.9,1441,43.7,0,9.0,6594.38100346868,M,0
301.9,310.9,1641,33.2,3,9.0,5705.257922625208,M,0
301.9,310.9,1486,40.3,6,9.0,6271.22631114492,L,0
302.0,311.0,1563,36.2,8,9.0,5925.1065765234225,L,0
302.0,311.1,1769,26.0,10,9.100000000000023,4816.480416973631,M,0
301.9,311.0,1672,29.9,13,9.100000000000023,5235.233773746128,H,0
302.0,311.0,1632,34.2,18,9.0,5844.870300150738,L,0
302.0,311.0,1980,21.5,20,9.0,4457.919975443917,M,0
302.0,311.1,1635,36.0,23,9.100000000000023,6163.804786343174,L,0
302.0,311.0,1686,32.5,25,9.0,5738.118981781758,L,0
301.9,310.9,1574,31.4,27,9.0,5175.627289132016,L,0
301.8,310.8,1546,43.4,29,9.0,7026.318577410739,L,0
301.8,310.9,1899,24.7,31,9.099999999999966,4911.911529814177,L,0
301.8,310.9,1449,36.5,33,9.099999999999966,5538.470768646126,L,0
301.9,310.9,1483,37.0,35,9.0,5746.077683170851,M,0
301.8,310.8,1576,38.6,38,9.0,6370.479695047335,L,0
301.9,310.9,1317,51.9,40,9.0,7157.836117865521,M,0
301.9,311.0,1467,48.1,43,9.100000000000023,7389.308664582017,M,0
301.9,310.9,1616,34.5,46,9.0,5838.3357874312715,L,0
301.8,310.9,1299,60.4,48,9.099999999999966,8216.270098786457,M,0
301.9,311.0,1432,41.5,51,9.100000000000023,6223.28560725114,M,0
301.9,310.9,1799,24.2,54,9.0,4559.058314938484,L,0
301.8,310.9,1358,52.3,56,9.099999999999966,7437.553055765644,M,0
301.8,310.8,1618,37.8,59,9.0,6404.702111020439,M,0
301.9,310.8,1525,43.2,62,8.900000000000034,6898.937467283186,L,0
301.8,310.7,1551,37.7,64,8.899999999999977,6123.2468251853315,L,0
301.9,310.8,1735,31.5,66,8.900000000000034,5723.196416677206,L,0
301.8,310.7,1309,43.3,68,8.899999999999977,5935.4843042557795,M,0
301.7,310.6,1743,26.2,71,8.900000000000034,4782.195169147454,L,0
301.7,310.7,1659,29.9,73,9.0,5194.529204931115,M,0
301.8,310.7,1680,32.4,76,8.899999999999977,5700.105710673321,L,0
301.7,310.6,1486,38.5,78,8.900000000000034,5991.121910150855,L,0
301.7,310.6,1471,43.8,80,8.900000000000034,6747.072878408655,L,0
301.8,310.7,1465,35.8,82,8.899999999999977,5492.236996760796,M,0
301.7,310.6,1492,42.2,85,8.900000000000034,6593.407109746066,M,0
301.8,310.7,1420,52.0,88,8.899999999999977,7732.506718035676,M,0
301.8,310.6,1295,62.3,91,8.800000000000011,8448.63276342147,L,0
301.8,310.5,1548,34.1,93,8.699999999999989,5527.820769550457,L,0
301.8,310.6,1372,54.7,95,8.800000000000011,7859.050070122275,L,0
301.8,310.6,1552,35.9,97,8.800000000000011,5834.649652051058,M,0
301.8,310.6,1441,46.3,100,8.800000000000011,6986.724037999997,H,0
301.7,310.6,1691,27.7,105,8.900000000000034,4905.146633633448,M,0
301.8,310.6,1451,50.7,108,8.800000000000011,7703.782089206355,L,0
301.8,310.6,1452,48.4,110,8.800000000000011,7359.369286593306,L,0
301.7,310.6,1406,46.0,112,8.900000000000034,6772.854882119114,L,0
301.7,310.5,1567,39.1,114,8.800000000000011,6416.147980255018,L,0
301.6,310.4,1599,41.7,116,8.799999999999955,6982.53524779521,L,0
301.6,310.4,1455,39.0,118,8.799999999999955,5942.322504265094,M,0
301.7,310.5,1625,35.9,121,8.800000000000011,6109.088714293152,M,0
301.8,310.6,2672,11.8,124,8.800000000000011,3301.7719910208257,L,1
301.8,310.6,1650,31.9,126,8.800000000000011,5511.924310723292,L,0
301.8,310.6,1459,40.2,128,8.800000000000011,6142.002133327262,M,0
301.8,310.6,1395,50.5,131,8.800000000000011,7377.244948792231,L,0
301.8,310.7,1751,29.3,133,8.899999999999977,5372.573732585561,L,0
301.8,310.6,1192,68.9,135,8.800000000000011,8600.507824271514,L,0
301.9,310.7,1947,25.0,137,8.800000000000011,5097.23408044944,L,0
301.8,310.5,1593,34.9,139,8.699999999999989,5821.968089706068,L,0
301.8,310.5,1478,38.6,141,8.699999999999989,5974.345805380685,H,0
301.7,310.6,1505,44.5,146,8.900000000000034,7013.343799751414,M,0
301.7,310.5,2465,13.7,149,8.800000000000011,3536.43849026847,L,0
301.8,310.6,1403,46.8,151,8.800000000000011,6875.941009058907,L,0
301.7,310.5,1458,41.4,153,8.800000000000011,6321.010082728806,M,0
301.6,310.4,1369,45.4,156,8.799999999999955,6508.605052050166,H,0
301.6,310.4,1377,44.9,161,8.799999999999955,6474.53971570974,M,0
301.6,310.4,1452,45.7,164,8.799999999999955,6948.825958622192,M,0
301.6,310.4,1517,41.1,167,8.799999999999955,6529.140596029131,L,0
301.7,310.5,1354,50.0,169,8.800000000000011,7089.527421600967,L,0
301.7,310.5,1724,33.0,171,8.800000000000011,5957.716308267683,M,0
301.7,310.5,1399,53.2,174,8.800000000000011,7793.956270339895,L,0
301.7,310.5,1388,50.5,176,8.800000000000011,7340.226515357432,H,0
301.7,310.5,1523,34.7,181,8.800000000000011,5534.240090539292,L,0
301.7,310.5,1377,43.1,183,8.800000000000011,6214.981330670153,L,0
301.7,310.6,1417,45.2,185,8.900000000000034,6707.1327638060175,M,0
301.7,310.7,1542,40.0,188,9.0,6459.114495780615,L,0
301.8,310.8,1557,33.3,190,9.0,5429.520335419631,L,0
301.7,310.7,1641,31.9,192,9.0,5481.859269028437,L,0
301.7,310.7,1318,55.0,194,9.0,7591.135048624136,L,0
301.6,310.7,1638,33.8,196,9.099999999999966,5797.746410346891,L,0
301.7,310.8,1954,21.6,198,9.100000000000023,4419.843872482408,M,0
301.7,310.9,1644,32.5,201,9.199999999999989,5595.1765160434215,M,0
301.7,310.8,1594,32.4,204,9.100000000000023,5408.314585007901,M,0
301.7,310.9,1405,46.4,207,9.199999999999989,6826.89027576086,L,1
301.7,310.8,1622,37.8,0,9.100000000000023,6420.535737994532,L,0
301.7,310.9,1557,39.4,2,9.199999999999989,6424.117153619624,L,0
301.8,311.0,1606,33.3,4,9.199999999999989,5600.391559848381,L,0
301.8,311.1,1647,31.6,6,9.300000000000011,5450.160599153718,M,0
301.8,311.1,1413,42.2,9,9.300000000000011,6244.292390128145,M,0
301.8,311.0,1529,41.6,12,9.199999999999989,6660.846632043128,L,0
301.9,311.1,1448,46.3,14,9.200000000000045,7020.663710634278,L,0
301.9,311.2,1435,44.2,16,9.300000000000011,6642.059907974661,L,0
301.9,311.2,1474,41.8,18,9.300000000000011,6452.119216138622,H,0
301.9,311.2,1657,29.1,23,9.300000000000011,5049.450456188339,L,0
302.0,311.3,1509,39.9,25,9.300000000000011,6305.082207975107,L,0
302.0,311.3,1530,36.4,27,9.300000000000011,5832.052602124091,M,0
302.0,311.4,1587,35.9,30,9.399999999999977,5966.230024358912,M,0
302.1,311.4,1467,43.4,33,9.299999999999955,6667.276425007474,M,0
302.2,311.5,1360,53.0,36,9.300000000000011,7548.199949025076,M,0
302.2,311.5,1588,30.6,39,9.300000000000011,5088.626116578604,L,0
302.2,311.4,1609,32.1,41,9.199999999999989,5408.6601601997945,L,0
302.1,311.3,1415,44.1,43,9.199999999999989,6534.669799099449,L,0
302.0,311.2,1845,27.3,45,9.199999999999989,5274.576985744583,L,0
302.1,311.4,1419,36.2,47,9.299999999999955,5379.22343703566,M,0
302.1,311.3,1634,30.6,50,9.199999999999989,5236.029643885036,L,0
302.2,311.3,1521,40.6,52,9.100000000000023,6466.717150002301,M,0
302.2,311.4,1499,37.7,55,9.199999999999989,5917.954217248749,L,0
302.1,311.2,1616,35.1,57,9.099999999999966,5939.872061995294,M,0
302.2,311.4,1449,46.5,60,9.199999999999989,7055.860020329997,L,0
302.2,311.4,1626,31.6,62,9.199999999999989,5380.668569656311,M,0
302.3,311.5,1445,44.8,65,9.199999999999989,6779.138067426294,M,0
302.4,311.6,1622,35.0,68,9.200000000000045,5944.940498143085,L,0
302.4,311.6,1544,39.1,70,9.200000000000045,6321.973504475909,H,0
302.3,311.6,1488,41.8,75,9.300000000000011,6513.401216834646,L,0
302.3,311.6,1309,57.6,77,9.300000000000011,7895.701984414155,L,0
302.3,311.6,1784,26.4,79,9.300000000000011,4932.049138723688,L,0
302.2,311.5,1548,32.4,81,9.300000000000011,5252.240261977559,L,0
302.2,311.5,1413,43.5,83,9.300000000000011,6436.652108307448,L,0
302.2,311.5,1863,25.7,85,9.300000000000011,5013.887627349702,M,0
302.2,311.5,1427,43.8,88,9.300000000000011,6545.256966342046,L,0
302.2,311.5,1443,47.0,90,9.300000000000011,7102.198511970446,M,0
302.2,311.5,1481,40.4,93,9.300000000000011,6265.634276221532,L,0
302.1,311.4,1446,39.7,95,9.299999999999955,6011.5632063502135,L,0
302.1,311.5,1444,44.9,97,9.399999999999977,6789.5681550362115,L,0
302.1,311.5,1341,50.8,99,9.399999999999977,7133.8029340655585,M,0
302.1,311.4,1518,37.4,102,9.299999999999955,5945.275601359469,L,0
302.1,311.4,1603,35.9,104,9.299999999999955,6026.381051699645,L,0
302.1,311.4,1686,30.9,106,9.299999999999955,5455.626970370963,L,0
302.1,311.5,1383,53.6,108,9.399999999999977,7762.749783314236,M,0
302.1,311.5,1477,45.4,111,9.399999999999977,7022.0669553528805,L,0
302.2,311.5,1449,44.5,113,9.300000000000011,6752.382169993222,M,0
302.2,311.5,1734,25.0,116,9.300000000000011,4539.601384437251,M,0
302.3,311.6,1398,49.1,119,9.300000000000011,7188.152486972663,L,0
302.3,311.7,1639,36.6,121,9.399999999999977,6281.865838265079,M,0
302.3,311.7,1517,37.6,124,9.399999999999977,5973.1310562212975,M,0
302.3,311.7,1442,41.7,127,9.399999999999977,6296.94548300231,M,0
302.3,311.7,1685,30.8,130,9.399999999999977,5434.745851200103,M,0
302.4,311.8,1358,50.6,133,9.400000000000034,7195.797029096398,M,0
302.3,311.6,1608,39.9,136,9.300000000000011,6718.735712673276,M,0
302.3,311.6,1665,34.3,139,9.300000000000011,5980.4928550062095,L,0
302.3,311.7,1510,38.7,141,9.399999999999977,6119.5083299275575,L,0
302.4,311.8,1465,40.2,143,9.400000000000034,6167.260538262123,L,0
302.3,311.7,1701,27.5,145,9.399999999999977,4898.528345109885,L,0
302.3,311.7,1486,39.6,147,9.399999999999977,6162.296821869451,M,0
302.3,311.6,1658,32.3,150,9.300000000000011,5608.0989338251875,L,0
302.3,311.7,1449,44.5,152,9.399999999999977,6752.382169993222,H,0
302.2,311.5,1346,52.4,157,9.300000000000011,7385.926216491652,L,0
302.1,311.5,1866,23.1,159,9.399999999999977,4513.903156530887,M,0
302.2,311.5,1562,38.0,162,9.300000000000011,6215.745784882526,M,0
302.3,311.7,1368,53.6,165,9.399999999999977,7678.555100198028,M,0
302.2,311.5,1567,33.1,168,9.300000000000011,5431.572842619978,L,0
302.2,311.5,1725,34.0,170,9.300000000000011,6141.813637768045,L,0
302.2,311.5,1744,31.2,172,9.300000000000011,5698.095091375022,L,0
302.1,311.3,1453,45.1,174,9.199999999999989,6862.31696891784,M,0
302.1,311.2,1550,34.8,177,9.099999999999966,5648.583591154448,L,0
302.0,311.2,1558,39.1,179,9.199999999999989,6379.297098428411,M,0
302.0,311.2,1270,65.3,182,9.199999999999989,8684.514011828503,L,1
301.9,311.1,1380,51.6,184,9.200000000000045,7456.884322560734,M,0
302.0,311.1,1406,50.5,187,9.100000000000023,7435.416772761202,L,0
302.0,311.2,1625,30.7,189,9.199999999999989,5224.206783532027,M,0
302.0,311.2,1420,45.8,192,9.199999999999989,6810.553993962192,L,0
302.1,311.4,1889,22.7,194,9.299999999999955,4490.414515457546,L,0
302.1,311.3,1477,43.6,196,9.199999999999989,6743.659014391754,L,0
302.1,311.2,1460,46.9,198,9.099999999999966,7170.580512063583,L,0
302.1,311.3,1758,24.4,200,9.199999999999989,4491.9748398088295,L,0
302.1,311.3,1521,31.5,202,9.199999999999989,5017.280547415578,L,0
302.1,311.3,1511,45.0,204,9.199999999999989,7120.419749361266,M,0
302.2,311.3,1530,37.3,207,9.100000000000023,5976.251704923863,L,1
302.1,311.2,1454,46.8,0,9.099999999999966,7125.886120578512,L,0
302.2,311.2,1928,23.1,2,9.0,4663.882789813264,L,0
302.2,311.3,1758,26.4,4,9.100000000000023,4860.169498809553,H,0
302.2,311.2,1649,33.2,9,9.0,5733.07148958499,L,0
302.1,311.2,1447,50.3,11,9.099999999999966,7621.933128604828,L,0
302.1,311.2,1417,48.0,13,9.099999999999966,7122.618864218779,L,0
302.0,311.2,1434,44.9,15,9.199999999999989,6742.548984987486,L,0
302.0,311.2,1418,49.5,17,9.199999999999989,7350.384331604039,M,0
302.0,311.2,1400,49.5,20,9.199999999999989,7257.079029792421,M,0
302.0,311.3,1725,27.7,23,9.300000000000011,5003.771699005142,M,0
302.0,311.3,1567,41.1,26,9.300000000000011,6744.339692800032,L,0
302.1,311.3,1497,38.4,28,9.199999999999989,6019.794179102618,M,0
302.1,311.4,1549,44.6,31,9.299999999999955,7234.606170343743,L,0
302.2,311.4,1754,26.9,33,9.199999999999989,4940.95031790886,L,0
302.2,311.5,1489,38.3,35,9.300000000000011,5972.03149879254,L,0
302.2,311.5,1543,38.5,37,9.300000000000011,6220.929412760948,L,0
302.3,311.5,1543,33.1,39,9.199999999999989,5348.383469152919,L,0
302.3,311.5,1565,35.6,41,9.199999999999989,5834.3564367367235,L,0
302.3,311.4,1855,23.9,43,9.099999999999966,4642.697983352556,M,0
302.4,311.4,1475,45.2,46,9.0,6981.666073827718,M,0
302.3,311.4,1609,32.3,49,9.099999999999966,5442.358977397301,L,0
302.3,311.4,1443,44.1,51,9.099999999999966,6663.977752721206,H,0
302.4,311.4,1450,44.1,56,9.0,6696.304741126644,L,0
302.4,311.5,1590,39.9,58,9.100000000000023,6643.525984546334,L,0
302.4,311.4,1508,41.2,60,9.0,6506.196497682414,M,0
302.2,311.2,1544,43.6,63,9.0,7049.566363047305,M,0
302.2,311.2,1451,41.8,66,9.0,6351.44164356658,L,0
302.3,311.2,1758,24.4,68,8.899999999999977,4491.9748398088295,L,0
302.3,311.2,1507,47.7,70,8.899999999999977,7527.664405046113,M,0
302.3,311.1,1543,37.5,73,8.800000000000011,6059.346830611313,H,0
302.3,311.2,1505,36.7,78,8.899999999999977,5784.038594401728,M,0
302.3,311.2,1786,24.3,81,8.899999999999977,4544.81642824221,L,0
302.3,311.3,1457,44.5,83,9.0,6789.66240281582,L,0
302.4,311.3,1312,61.5,85,8.900000000000034,8449.627601095106,M,0
302.3,311.2,1405,47.7,88,8.899999999999977,7018.16090848692,M,0
302.2,311.2,1377,43.0,91,9.0,6200.561420390175,M,0
302.2,311.2,1347,49.8,94,9.0,7024.664005279849,M,0
302.2,311.1,1470,39.6,97,8.900000000000034,6095.946385025634,L,0
302.2,311.2,1873,24.0,99,9.0,4707.362432138946,M,0
302.2,311.1,1434,58.6,102,8.900000000000034,8799.852350117299,M,0
302.2,311.1,1628,30.6,105,8.900000000000034,5216.803096845068,H,0
302.2,311.1,1351,48.6,110,8.900000000000034,6875.752513499693,L,0
302.3,311.2,1454,43.8,112,8.899999999999977,6669.098548746556,M,0
302.2,311.2,1663,29.6,115,9.0,5154.809001814228,M,0
302.3,311.2,1401,49.7,118,8.899999999999977,7291.605133055374,L,0
302.4,311.3,1503,38.2,120,8.900000000000034,6012.4428522932185,L,0
302.4,311.4,1564,35.0,122,9.0,5732.359395250176,L,0
302.5,311.4,1759,24.6,124,8.899999999999977,4531.370411684846,L,0
302.5,311.4,1409,53.1,126,8.899999999999977,7834.912166567193,L,0
302.6,311.4,1738,25.8,128,8.799999999999955,4695.6757074675925,L,0
302.5,311.3,1393,47.5,130,8.800000000000011,6929.044396880088,H,0
302.5,311.1,1499,38.8,135,8.600000000000023,6090.626621465555,L,0
302.5,311.1,1493,39.0,137,8.600000000000023,6097.51718135243,L,0
302.4,311.1,1652,33.9,139,8.700000000000045,5864.599502015282,L,0
302.3,311.1,1589,29.9,141,8.800000000000011,4975.350757465668,L,0
302.4,311.1,1520,42.2,143,8.700000000000045,6717.143972395457,L,0
302.3,311.1,1455,40.3,145,8.800000000000011,6140.399921073929,H,0
302.2,311.0,1463,46.8,150,8.800000000000011,7169.994081434914,L,0
302.3,311.0,1442,43.7,152,8.699999999999989,6598.957256767409,L,0
302.3,311.0,1329,51.5,154,8.699999999999989,7167.386559532434,L,0
302.3,311.1,1546,33.1,156,8.800000000000011,5358.782140836301,L,0
302.2,311.1,1516,33.7,158,8.900000000000034,5350.048513259322,M,0
302.2,311.0,1476,47.4,161,8.800000000000011,7326.445395583684,M,0
302.3,311.0,1412,47.0,164,8.699999999999989,6949.621828761102,L,0
302.3,310.9,1377,46.8,166,8.599999999999966,6748.518011029306,L,1
302.4,311.0,1490,37.1,168,8.600000000000023,5788.803343259673,M,0
302.3,311.0,1526,37.7,171,8.699999999999989,6024.548455985052,M,0
302.3,311.0,1428,47.9,174,8.699999999999989,7162.956913890871,L,0
302.4,311.0,1329,54.6,176,8.600000000000023,7598.82147864992,L,0
302.4,311.1,1443,51.8,178,8.700000000000045,7827.529423831257,M,0
302.3,311.1,1373,53.0,181,8.800000000000011,7620.351860302522,L,0
302.3,311.1,1630,35.6,183,8.800000000000011,6076.677950083617,L,0
302.2,311.0,1555,34.2,185,8.800000000000011,5569.101297018627,L,0
302.2,311.0,1436,47.0,187,8.800000000000011,7067.745712536077,M,0
302.3,311.0,1609,31.0,190,8.699999999999989,5223.316665613509,L,0
302.3,311.0,1384,49.7,192,8.699999999999989,7203.127411954773,M,0
302.4,311.1,1448,44.8,195,8.700000000000045,6793.212402514377,L,0
302.4,311.1,1887,22.4,197,8.700000000000045,4426.378385201874,M,0
302.4,311.1,1480,45.7,200,8.700000000000045,7082.825357273308,M,0
302.5,311.1,1850,23.3,203,8.600000000000023,4513.945044432935,H,0
302.5,311.1,1538,36.8,208,8.600000000000023,5926.970588164551,L,0
302.4,311.1,1721,30.1,210,8.700000000000045,5424.703226684128,M,0
302.4,311.1,1366,54.4,0,8.700000000000045,7781.7668908439655,M,0
302.3,311.0,1657,31.1,3,8.699999999999989,5396.491724654891,L,0
302.4,311.1,1446,42.9,5,8.700000000000045,6496.122457239902,L,0
302.3,310.8,1465,43.8,7,8.5,6719.552526763208,L,0
302.2,310.8,1827,23.8,9,8.600000000000023,4553.487223966118,L,0
302.2,310.8,1397,47.6,11,8.600000000000023,6963.57050014304,H,0
302.2,310.8,1744,29.7,16,8.600000000000023,5424.148211981992,L,0
302.3,310.9,1545,36.7,18,8.599999999999966,5937.76719491739,L,0
302.3,310.9,1587,36.6,20,8.599999999999966,6082.563200321342,L,0
302.3,310.8,1377,47.3,22,8.5,6820.617562429192,L,1
302.3,310.8,1511,48.1,24,8.5,7610.937554317265,L,0
302.3,310.8,1650,32.4,26,8.5,5598.318108697012,L,0
302.3,310.9,1412,48.9,28,8.599999999999966,7230.563987796125,L,0
302.3,311.0,1528,43.1,30,8.699999999999989,6896.50796896441,L,0
302.3,310.9,1459,35.0,32,8.599999999999966,5347.514295185426,L,0
302.3,310.9,1379,49.3,34,8.599999999999966,7119.341135883534,L,1
302.2,310.8,1356,48.3,36,8.600000000000023,6858.599417611092,M,0
302.1,310.8,1409,41.3,39,8.699999999999989,6093.820573996705,M,0
302.1,310.8,1504,37.5,42,8.699999999999989,5906.194188748811,M,0
302.1,310.8,1622,36.8,45,8.699999999999989,6250.680295190443,L,0
302.1,310.8,1786,25.7,47,8.699999999999989,4806.657703943408,L,0
302.2,310.9,1506,34.0,49,8.699999999999989,5362.0703411470595,L,0
302.1,310.9,1916,23.1,51,8.799999999999955,4634.854473694094,M,0
302.2,310.9,1771,27.6,54,8.699999999999989,5118.659742346922,M,0
302.2,310.9,1488,44.2,57,8.699999999999989,6887.376406317976,M,0
302.2,310.9,1531,37.5,60,8.699999999999989,6012.222940807467,L,0
302.3,310.9,1529,33.4,62,8.599999999999966,5347.891286303857,L,0
302.4,311.0,1580,36.5,64,8.600000000000023,6039.188277750779,M,0
302.3,310.9,1360,44.0,67,8.599999999999966,6266.430146360441,M,1
302.3,311.0,1546,35.5,70,8.699999999999989,5747.334320232287,M,0
302.3,310.9,1762,24.5,73,8.599999999999966,4520.647108760592,M,0
302.2,310.8,1350,56.6,76,8.600000000000023,8001.636488693203,L,0
302.2,310.8,1562,38.1,78,8.600000000000023,6232.103010632217,M,0
302.1,310.7,1608,30.3,81,8.599999999999966,5102.1977968421115,M,0
302.0,310.6,1392,50.0,84,8.600000000000023,7288.49495632832,L,0
302.0,310.6,1467,44.9,86,8.600000000000023,6897.712246148286,L,0
302.1,310.6,1326,59.1,88,8.5,8206.53116156033,M,1
302.2,310.7,1769,24.9,91,8.5,4612.706245486284,L,0
302.1,310.6,1459,47.6,93,8.5,7272.61944145218,L,0
302.1,310.6,1421,52.0,95,8.5,7737.9521453019,M,0
302.1,310.7,1491,42.8,98,8.599999999999966,6682.670229010063,L,0
302.2,310.7,1567,36.4,100,8.5,5973.089168319249,L,0
302.3,310.8,1421,41.4,102,8.5,6160.600361836512,L,0
302.3,310.9,1596,33.5,104,8.599999999999966,5598.946427227729,L,0
302.4,311.0,1464,44.2,106,8.600000000000023,6776.28969008704,M,0
302.3,310.9,1581,36.1,109,8.599999999999966,5976.7857756749745,M,0
302.3,310.9,1620,30.3,112,8.599999999999966,5140.273899803619,L,0
302.2,310.7,1413,48.9,114,8.5,7235.684783821475,H,0
302.3,310.8,1438,43.8,119,8.5,6595.710944358699,H,0
302.4,310.9,1469,41.6,124,8.5,6399.466123264457,M,0
302.3,310.8,1762,27.8,127,8.5,5129.550596879366,M,0
302.3,310.9,1366,48.4,130,8.599999999999966,6923.483777883234,H,1
302.3,310.9,1891,22.7,135,8.599999999999966,4495.1687923399795,L,0
302.3,310.9,1742,29.7,137,8.599999999999966,5417.927858527885,M,0
302.2,310.9,1465,43.5,140,8.699999999999989,6673.528194388118,M,0
302.3,311.0,1541,36.6,143,8.699999999999989,5906.257020601883,M,0
302.3,311.1,1295,57.1,146,8.800000000000011,7743.449932445681,M,0
302.3,311.1,1435,43.1,149,8.800000000000011,6476.759774518278,M,0
302.4,311.2,1466,43.9,152,8.800000000000011,6739.491168137991,L,0
302.4,311.2,1450,47.9,154,8.800000000000011,7273.31059183597,L,0
302.4,311.1,1880,24.5,156,8.700000000000045,4823.391920811529,L,0
302.3,311.0,1578,33.5,158,8.699999999999989,5535.800414890575,M,0
302.4,311.0,1610,33.1,161,8.600000000000023,5580.620470081789,L,0
302.4,311.1,1565,42.8,163,8.700000000000045,7014.3386374250495,L,0
302.5,311.2,1545,40.1,165,8.699999999999989,6487.860068560963,L,0
302.5,311.2,1227,60.1,167,8.699999999999989,7722.317485862535,L,0
302.4,311.1,1484,45.9,169,8.700000000000045,7133.048951828697,L,0
302.3,311.0,1591,32.7,171,8.699999999999989,5448.118563928883,L,0
302.3,310.9,1403,47.2,173,8.599999999999966,6934.709735632062,L,0
302.3,311.0,1450,45.7,175,8.699999999999989,6939.254573004256,M,0
302.3,310.9,1720,28.1,178,8.599999999999966,5061.315204443396,L,0
302.3,311.0,1561,37.2,180,8.699999999999989,6080.992403994547,L,0
302.3,311.0,1421,41.3,182,8.699999999999989,6145.719684634008,M,0
302.2,310.9,1415,48.4,185,8.699999999999989,7171.837149125019,H,0
302.3,310.9,2034,19.7,190,8.599999999999966,4196.099643693743,L,0
302.4,311.0,1486,40.4,192,8.600000000000023,6286.787666755702,L,0
302.4,311.0,1338,67.6,194,8.600000000000023,9471.776186867082,L,1
302.4,311.1,1578,32.3,196,8.700000000000045,5337.503086595986,H,0
302.4,311.2,1330,58.6,201,8.800000000000011,8161.648274516043,M,0
302.4,311.2,1506,40.8,204,8.800000000000011,6434.4844093764705,H,0
302.5,311.4,1559,37.6,209,8.899999999999977,6138.504493506264,L,0
302.6,311.5,1599,37.0,211,8.899999999999977,6195.534872144431,L,0
302.6,311.5,1427,38.9,213,8.899999999999977,5813.02502261885,L,0
302.5,311.5,1481,41.1,215,9.0,6374.197246354083,M,0
302.5,311.5,1496,43.8,218,9.0,6861.741010264683,H,0
302.5,311.4,1674,27.0,223,8.899999999999977,4733.123491898382,L,0
302.5,311.4,1629,31.7,225,8.899999999999977,5407.654850550646,M,0
302.6,311.5,1629,34.4,228,8.899999999999977,5868.243749493446,H,1
302.6,311.6,1311,53.2,0,9.0,7303.7002647716945,L,0
302.7,311.6,2709,9.7,2,8.900000000000034,2751.7524212058356,M,1
302.7,311.7,1759,29.9,5,9.0,5507.641272738898,M,0
302.7,311.7,1480,45.2,8,9.0,7005.33273848476,L,0
302.7,311.8,1461,46.1,10,9.100000000000023,7053.095418794837,L,0
302.7,311.8,1728,30.0,12,9.100000000000023,5428.672105403162,M,0
302.7,311.9,1389,46.5,15,9.199999999999989,6763.691903546144,L,0
302.6,311.8,1638,35.1,17,9.199999999999989,6020.736656898695,L,0
302.6,311.7,1254,54.1,19,9.099999999999966,7104.334794974887,L,0
302.6,311.8,1427,50.1,21,9.199999999999989,7486.6980368433005,L,0
302.6,311.8,1627,31.8,23,9.199999999999989,5418.0535222340295,L,0
302.6,311.7,1471,48.3,25,9.099999999999966,7440.265297423242,H,0
302.6,311.7,1773,27.1,30,9.099999999999966,5031.606209915949,L,0
302.6,311.7,1430,51.7,32,9.099999999999966,7742.036215751568,M,0
302.5,311.6,1595,29.5,35,9.100000000000023,4927.326277767792,L,0
302.5,311.5,1521,44.1,37,9.0,7024.19276638181,L,0
302.5,311.6,1419,43.7,39,9.100000000000023,6493.703430896639,L,0
302.4,311.4,1534,40.1,41,9.0,6441.668184577679,M,0
302.5,311.5,1626,36.0,44,9.0,6129.8755856844045,H,0
302.5,311.5,1677,29.2,49,9.0,5127.958856601548,L,0
302.4,311.3,1392,50.5,51,8.900000000000034,7361.379905891603,L,0
302.4,311.2,1448,50.5,53,8.800000000000011,7657.527373370001,L,0
302.3,311.2,1903,22.9,55,8.899999999999977,4563.550792433117,L,0
302.4,311.2,1404,52.0,57,8.800000000000011,7645.379881776121,L,0
302.3,311.2,1386,53.5,59,8.899999999999977,7765.074561877891,L,0
302.2,311.1,1418,47.0,61,8.900000000000034,6979.152799704846,L,0
302.3,311.1,1338,53.3,63,8.800000000000011,7468.131224260584,M,0
302.3,311.2,1549,40.6,66,8.899999999999977,6585.7625676223315,L,0
302.3,311.2,1432,42.7,68,8.899999999999977,6403.236034448764,M,0
302.3,311.2,1546,40.0,71,8.899999999999977,6475.86965659976,M,0
302.2,311.2,1627,33.2,74,9.0,5656.584180445591,M,0
302.2,311.1,1640,32.8,77,8.900000000000034,5633.085067396738,M,0
302.1,311.1,1423,36.8,80,9.0,5483.796584498151,M,0
302.1,311.0,1711,28.7,83,8.899999999999977,5142.336878979476,M,0
302.1,311.1,1450,51.6,86,9.0,7835.132078052945,M,0
302.2,311.1,1553,34.1,89,8.900000000000034,5545.6754877983585,H,0
302.2,311.1,1630,34.6,94,8.900000000000034,5905.984749238572,L,0
302.2,311.1,1476,39.6,96,8.900000000000034,6120.827798842066,H,0
302.2,311.1,1426,50.6,101,8.900000000000034,7556.1167625121225,H,0
302.2,311.2,1561,34.9,106,9.0,5705.0170671884325,M,0
302.3,311.2,1297,62.5,109,8.899999999999977,8488.845149387422,L,0
302.3,311.2,1842,23.9,111,8.899999999999977,4610.161555436878,M,0
302.3,311.2,1633,36.4,114,8.899999999999977,6224.6679080187205,L,0
302.3,311.3,1744,30.3,116,9.0,5533.726963739205,H,0
302.4,311.4,1831,26.9,121,9.0,5157.856346688211,L,0
302.3,311.3,1339,50.8,123,9.0,7123.163406945401,M,0
302.4,311.4,1475,40.4,126,9.0,6240.250207580526,L,0
302.4,311.4,1675,29.6,128,9.0,5192.005458832732,M,0
302.5,311.5,1493,35.1,131,9.0,5487.765463217187,L,0
302.5,311.5,1700,29.5,133,9.0,5251.695719250937,L,0
302.6,311.6,1453,37.0,135,9.0,5629.838754988029,L,0
302.6,311.7,1542,34.1,137,9.099999999999966,5506.395107652975,L,0
302.5,311.5,1358,52.7,139,9.0,7494.436826746643,M,0
302.5,311.5,1655,32.3,142,9.0,5597.951589554092,H,0
302.6,311.5,1885,27.5,147,8.899999999999977,5428.410306015363,L,0
302.7,311.5,1494,41.4,149,8.800000000000011,6477.0844057591485,L,0
302.6,311.4,1757,29.5,151,8.799999999999955,5427.7819874846455,M,0
302.6,311.4,1718,31.2,154,8.799999999999955,5613.1464260219545,M,0
302.5,311.4,1636,35.0,157,8.899999999999977,5996.253178151718,M,0
302.6,311.6,1638,29.6,160,9.0,5077.316383025681,L,0
302.6,311.5,1609,36.0,162,8.899999999999977,6065.787095551172,L,0
302.7,311.5,1556,35.0,164,8.800000000000011,5703.037863816671,H,0
302.6,311.5,1442,59.8,169,8.899999999999977,9030.152035576453,L,1
302.7,311.6,1501,38.8,171,8.900000000000034,6098.752874462842,M,0
302.6,311.6,2041,19.2,174,9.0,4103.673987825131,M,0
302.7,311.7,1784,25.1,177,9.0,4689.183082650174,M,0
302.6,311.6,1953,22.4,180,9.0,4581.19607117078,L,0
302.6,311.6,1576,34.7,182,9.0,5726.830192179858,L,0
302.6,311.6,1518,39.0,184,9.0,6199.618942594098,M,0
302.6,311.6,1227,68.2,187,9.0,8763.095716070298,M,1
302.5,311.5,1985,18.8,190,9.0,3907.9318215554636,L,0
302.5,311.5,1802,26.4,192,9.0,4981.811966356549,L,0
302.5,311.5,1603,32.4,194,9.0,5438.850865600793,L,0
302.5,311.6,1400,54.0,196,9.100000000000023,7916.813487046277,L,0
302.3,311.5,1395,54.2,198,9.199999999999989,7917.755964842356,L,0
302.2,311.4,1987,19.9,200,9.199999999999989,4140.755253113002,L,0
302.2,311.4,1398,47.2,202,9.199999999999989,6909.995873423823,M,0
302.3,311.4,1333,66.7,205,9.099999999999966,9310.748619419583,L,1
302.2,311.2,1381,49.4,207,9.0,7144.128301920356,L,0
302.2,311.3,1570,36.1,0,9.100000000000023,5935.2015609169575,L,0
302.2,311.3,1658,31.0,2,9.100000000000023,5382.385973640274,M,0
302.2,311.3,1749,29.2,5,9.100000000000023,5348.12166976512,H,0
302.2,311.3,1510,37.1,10,9.100000000000023,5866.50540155846,M,0
302.3,311.5,1384,50.8,13,9.199999999999989,7362.552767148943,L,0
302.3,311.4,1570,37.2,15,9.099999999999966,6116.052578008611,L,0
302.3,311.4,1571,32.7,17,9.099999999999966,5379.631844080625,M,0
302.3,311.4,1476,37.3,20,9.099999999999966,5765.325174161844,L,0
302.3,311.4,1484,39.5,22,9.099999999999966,6138.462605604216,M,0
302.3,311.4,1909,23.2,25,9.099999999999966,4637.912290543587,M,0
302.3,311.5,1448,49.6,28,9.199999999999989,7521.056588498061,L,0
302.3,311.4,1500,40.2,30,9.099999999999966,6314.601233715485,M,0
302.2,311.4,1510,44.9,33,9.199999999999989,7099.894677357812,L,0
302.2,311.3,1378,55.5,35,9.100000000000023,8008.862151796459,L,0
302.2,311.4,1538,37.4,37,9.199999999999989,6023.6059781889735,M,0
302.2,311.4,1390,48.1,40,9.199999999999989,7001.4581075453325,L,0
302.2,311.4,1642,32.1,42,9.199999999999989,5519.589796798051,M,0
302.4,311.5,1785,24.8,45,9.100000000000023,4635.734119637099,L,0
302.3,311.5,1526,38.2,47,9.199999999999989,6104.4496291413525,H,0
302.3,311.6,1668,33.2,52,9.300000000000011,5799.128711114471,M,0
302.3,311.5,1507,37.5,55,9.199999999999989,5917.9751611997735,L,0
302.3,311.5,1530,37.8,57,9.199999999999989,6056.362317590402,L,0
302.3,311.4,1479,45.6,59,9.099999999999966,7062.551612682143,M,0
302.3,311.4,1418,41.3,62,9.099999999999966,6132.7449069746835,M,0
302.3,311.4,1504,38.7,65,9.099999999999966,6095.1924027887735,L,0
302.3,311.4,1345,47.6,67,9.099999999999966,6704.368162270857,M,0
302.2,311.4,1625,35.4,70,9.199999999999989,6024.003913258429,H,0
302.3,311.4,1511,34.7,75,9.099999999999966,5490.634784507466,L,0
302.3,311.4,1535,41.8,77,9.099999999999966,6719.1336477427285,L,0
302.4,311.5,1505,37.9,79,9.100000000000023,5973.162472147833,L,0
302.4,311.5,1540,43.7,81,9.100000000000023,7047.430080042864,H,0
302.3,311.4,1372,46.0,86,9.099999999999966,6609.073185111968,H,0
302.2,311.3,1510,36.6,91,9.100000000000023,5787.441986443117,M,0
302.2,311.3,1382,46.4,94,9.100000000000023,6715.133353097159,L,0
302.3,311.3,1439,41.8,96,9.0,6298.914214398558,L,0
302.2,311.3,1375,47.0,98,9.100000000000023,6767.514174608012,M,0
302.2,311.3,1931,21.9,101,9.100000000000023,4428.483252279781,M,0
302.2,311.3,1475,48.6,104,9.100000000000023,7506.835645752812,L,0
302.2,311.3,1389,46.9,106,9.100000000000023,6821.874199490627,L,0
302.3,311.3,1652,32.8,108,9.0,5674.302763011837,L,0
302.3,311.2,1386,50.3,110,8.899999999999977,7300.621503971176,L,0
302.2,311.3,1577,29.8,112,9.100000000000023,4921.263003946364,M,0
302.3,311.3,1444,43.1,115,9.0,6517.380567529192,M,0
302.2,311.3,1554,40.2,118,9.100000000000023,6541.926878129241,L,0
302.2,311.3,1602,32.8,120,9.100000000000023,5502.562364615595,L,0
302.2,311.2,1692,28.2,122,9.0,4996.640283681493,H,0
302.3,311.3,1682,34.4,127,9.0,6059.16880702761,L,0
302.3,311.3,1614,34.1,129,9.0,5763.503050422763,L,0
302.3,311.3,1324,47.8,131,9.0,6627.420086208931,L,0
302.3,311.4,1434,40.3,133,9.099999999999966,6051.775592316161,L,0
302.3,311.3,1621,31.6,135,9.0,5364.122848347405,L,0
302.3,311.3,1625,33.1,137,9.0,5632.6138284987,M,0
302.2,311.1,1394,53.7,140,8.900000000000034,7839.0904847964675,L,0
302.1,311.0,1586,35.1,142,8.899999999999977,5829.602159854292,L,0
302.0,311.0,1420,45.9,144,9.0,6825.424199189184,L,0
302.1,311.2,1422,50.3,146,9.099999999999966,7490.248036541856,L,0
302.1,311.2,1598,37.9,148,9.099999999999966,6342.268193018097,H,0
302.1,311.2,1454,59.2,153,9.099999999999966,9013.941417483931,L,1
302.1,311.2,1519,39.3,155,9.099999999999966,6251.423805451793,L,0
302.0,311.1,1373,55.7,157,9.100000000000023,8008.558464506613,L,0
302.0,311.1,1406,48.8,159,9.100000000000023,7185.1156140741905,M,0
302.1,311.2,1492,45.0,162,9.099999999999966,7030.884358733957,L,0
302.1,311.2,1369,50.8,164,9.099999999999966,7282.756313747762,L,0
302.2,311.2,1471,41.9,166,9.0,6454.391634824718,M,0
302.2,311.2,1630,36.0,169,9.0,6144.955230421635,L,0
302.1,311.1,1605,37.6,171,9.0,6319.627781961228,M,0
302.2,311.1,1447,52.1,174,8.900000000000034,7894.686202789494,L,0
302.2,311.2,1360,52.8,176,9.0,7519.716175632529,M,0
302.2,311.1,1728,34.0,179,8.900000000000034,6152.495052790251,M,0
302.1,311.0,1740,30.8,182,8.899999999999977,5612.141116372807,L,0
302.1,310.9,1477,41.4,184,8.799999999999955,6403.38264210593,L,0
302.1,310.9,1658,30.3,186,8.799999999999955,5260.848225848396,L,0
302.0,310.8,1902,23.4,188,8.800000000000011,4660.741197159673,L,0
302.0,310.8,1783,23.1,190,8.800000000000011,4313.123970039963,M,0
302.0,310.9,1558,45.3,193,8.899999999999977,7390.8480449822755,M,0
302.1,311.0,1351,49.5,196,8.899999999999977,7003.0812637496865,L,0
302.1,310.9,1452,42.5,198,8.799999999999955,6462.256088434205,H,0
302.1,310.9,1666,30.7,203,8.799999999999955,5356.017539301143,L,0
302.1,311.0,1364,50.0,205,8.899999999999977,7141.887299160796,L,0
302.1,311.0,1351,60.3,207,8.899999999999977,8531.026266749617,M,1
302.1,311.0,1729,26.1,210,8.899999999999977,4725.6779173093755,H,0
302.1,311.0,1574,34.1,215,8.899999999999977,5620.665304439547,M,0
302.0,311.0,1566,37.8,218,9.0,6198.864960357236,L,0
302.0,310.9,1455,43.2,220,8.899999999999977,6582.264927801335,L,0
302.0,310.9,1679,29.0,222,8.899999999999977,5098.909596531354,H,0
302.0,310.8,2143,17.3,227,8.800000000000011,3882.369729330754,L,0
302.0,310.8,1447,42.7,229,8.800000000000011,6470.309037602906,L,0
302.0,310.8,1383,50.3,231,8.800000000000011,7284.81929292362,L,1
302.1,310.8,1772,27.1,233,8.699999999999989,5028.768304552206,L,0
302.0,310.8,1615,29.0,235,8.800000000000011,4904.549731029266,L,1
302.0,310.8,1454,36.6,0,8.800000000000011,5572.808376349863,L,0
302.0,310.8,1445,49.1,2,8.800000000000011,7429.814265862301,L,0
302.0,310.8,1609,35.2,4,8.800000000000011,5930.991826761146,M,0
302.0,310.9,1546,34.4,7,8.899999999999977,5569.247904675793,L,0
301.9,310.8,1567,39.3,9,8.900000000000034,6448.96715150952,L,0
302.0,310.8,1767,27.4,11,8.800000000000011,5070.090719922424,L,0
302.0,310.9,1539,34.2,13,8.899999999999977,5511.798647017149,L,0
302.0,310.9,1564,39.0,15,8.899999999999977,6387.486183278768,L,0
302.0,310.8,1445,46.3,17,8.800000000000011,7006.118136648157,M,0
301.9,310.9,1419,47.7,20,9.0,7088.0927609558275,M,1
301.8,310.9,1881,20.9,23,9.099999999999966,4116.837261043673,M,0
301.9,310.9,1421,46.2,26,9.0,6874.872867556688,M,0
301.9,311.0,1455,46.0,29,9.100000000000023,7008.893210158828,L,0
301.9,311.0,2691,12.1,31,9.100000000000023,3409.7904184267536,L,1
301.8,310.8,1505,41.2,33,9.0,6493.253135949624,L,0
301.8,310.8,1456,46.6,35,9.0,7105.193496966868,L,0
301.8,310.8,1383,46.4,37,9.0,6719.992349734711,L,0
301.9,310.8,1563,39.2,39,8.900000000000034,6416.137508279507,M,0
301.9,310.9,2305,16.1,42,9.0,3886.2024723681343,M,0
301.9,310.9,1456,43.6,45,9.0,6647.777606604194,M,0
302.0,311.0,1865,22.7,48,9.0,4433.363192868355,L,0
301.9,310.9,1597,36.9,50,9.0,6171.061865372966,L,0
302.0,310.9,1495,38.6,52,8.899999999999977,6043.062908690206,L,0
302.0,310.9,1456,47.2,54,8.899999999999977,7196.676675039404,M,0
301.9,310.8,1465,44.3,57,8.900000000000034,6796.259747388359,L,0
302.0,310.9,1352,55.5,59,8.899999999999977,7857.751545158791,M,0
301.9,310.8,1906,21.7,62,8.900000000000034,4331.230015700153,L,0
302.0,310.9,1446,44.0,64,8.899999999999977,6662.689699733233,L,0
302.0,310.8,1948,19.7,66,8.800000000000011,4018.683434570015,L,0
301.9,310.7,1480,47.1,68,8.800000000000011,7299.804689881244,L,0
301.9,310.7,1511,37.6,70,8.800000000000011,5949.506279466303,M,0
301.9,310.7,1472,47.0,73,8.800000000000011,7244.931538198541,M,0
301.9,310.7,1429,51.0,76,8.800000000000011,7631.8710333656845,L,0
301.9,310.7,1405,48.8,78,8.800000000000011,7180.005290024354,L,0
301.9,310.7,1405,47.9,80,8.800000000000011,7047.587159675543,M,0
302.0,310.7,1348,58.1,83,8.699999999999989,8201.52555726561,L,0
301.9,310.6,1331,68.6,85,8.700000000000045,9561.604792808725,L,1
301.9,310.6,1610,33.4,87,8.700000000000045,5631.200111804584,L,0
301.9,310.6,1412,46.5,89,8.700000000000045,6875.6896816466215,M,0
302.0,310.7,1453,42.7,92,8.699999999999989,6497.138238864563,L,0
302.0,310.6,1583,38.9,94,8.600000000000023,6448.506384586994,L,0
302.0,310.6,1539,37.4,96,8.600000000000023,6027.522497030449,M,0
302.0,310.5,1635,39.8,99,8.5,6814.4286249016195,L,0
302.1,310.7,1294,62.4,101,8.599999999999966,8455.65945899,H,1
302.0,310.5,1978,22.0,106,8.5,4556.984863787114,L,0
302.0,310.4,1357,58.0,108,8.399999999999977,8242.073046447942,L,1
302.0,310.4,1336,58.2,110,8.399999999999977,8142.505503280171,L,1
302.0,310.4,1568,39.2,112,8.399999999999977,6436.662580282959,L,0
302.0,310.4,1567,36.4,114,8.399999999999977,5973.089168319249,M,0
302.0,310.4,1611,35.6,117,8.399999999999977,6005.84550772068,L,0
302.0,310.5,1841,23.6,119,8.5,4549.82203253693,H,0
302.0,310.5,1567,36.1,124,8.5,5923.860411437498,L,0
301.9,310.4,1376,54.9,126,8.5,7910.7816291513855,L,1
301.9,310.5,1477,42.4,128,8.600000000000023,6558.053720417668,L,0
301.9,310.5,1590,40.3,130,8.600000000000023,6710.127748802438,M,0
302.0,310.5,2197,15.8,133,8.5,3635.094971566702,L,0
302.0,310.4,1595,32.9,135,8.399999999999977,5495.221509781707,M,0
302.0,310.5,1812,24.4,138,8.5,4629.953589154494,H,0
302.0,310.5,1573,32.1,143,8.5,5287.646011183517,M,0
302.0,310.5,1651,30.9,146,8.5,5342.372555209051,L,0
302.0,310.5,1459,43.2,148,8.5,6600.360501486012,H,0
301.9,310.4,1370,51.7,153,8.5,7417.195535370382,L,1
301.9,310.4,1518,34.1,155,8.5,5420.6924600630455,L,0
302.0,310.3,1648,29.6,157,8.300000000000011,5108.313430541099,L,0
302.0,310.4,1464,47.2,159,8.399999999999977,7236.218854572586,L,0
302.0,310.4,1895,23.2,161,8.399999999999977,4603.899314080722,L,0
301.9,310.4,1884,23.4,163,8.5,4616.6332363032725,L,0
302.0,310.4,1450,46.6,165,8.399999999999977,7075.9138534354115,L,0
302.0,310.4,1448,43.4,167,8.399999999999977,6580.924514935803,L,0
302.1,310.5,1389,49.6,169,8.399999999999977,7214.604697115888,L,0
302.0,310.6,1583,35.2,171,8.600000000000023,5835.152306875635,L,0
301.9,310.5,1425,51.1,173,8.600000000000023,7625.430768425825,L,0
302.0,310.5,1809,27.1,175,8.5,5133.770803010689,L,0
301.9,310.5,1892,21.8,177,8.600000000000023,4319.229131763439,L,0
301.9,310.6,1475,47.8,179,8.700000000000045,7383.266334711612,M,0
302.0,310.6,1361,46.7,182,8.600000000000023,6655.851499723921,L,0
302.0,310.6,1563,41.0,184,8.600000000000023,6710.756067333157,M,0
301.9,310.5,1472,39.7,187,8.600000000000023,6119.654937584725,H,0
302.0,310.6,1325,55.3,192,8.600000000000023,7673.078257005271,L,0
302.0,310.6,1358,53.1,194,8.600000000000023,7551.320597727643,L,0
302.0,310.6,1346,54.7,196,8.600000000000023,7710.117634391095,H,0
302.0,310.5,1381,58.4,201,8.5,8445.690138302607,M,0
301.9,310.5,1340,55.7,204,8.600000000000023,7816.073082621167,L,1
302.0,310.6,1366,47.7,206,8.600000000000023,6823.350748037817,L,0
302.1,310.7,1325,45.1,208,8.599999999999966,6257.790766563069,L,1
302.1,310.7,1376,46.3,210,8.599999999999966,6671.56993496738,M,1
302.1,310.7,1364,47.8,213,8.599999999999966,6827.64425799772,M,1
302.2,310.6,1462,43.6,0,8.400000000000034,6675.172294543498,L,0
302.1,310.6,1517,38.9,2,8.5,6179.648885292779,M,0
302.1,310.6,1385,53.6,5,8.5,7773.975741063064,L,0
302.1,310.6,1439,40.0,7,8.5,6027.669104687616,L,0
302.0,310.6,1623,34.3,9,8.600000000000023,5829.6335757808265,M,0
302.0,310.6,1438,43.2,12,8.600000000000023,6505.358739641457,H,0
301.9,310.4,1708,24.8,17,8.5,4435.761275260597,L,0
301.8,310.3,1666,32.7,19,8.5,5704.94376335985,M,0
301.9,310.4,1286,62.8,22,8.5,8457.251199267817,L,1
301.9,310.3,1485,46.3,24,8.400000000000034,7200.059123129768,L,0
301.8,310.3,1409,52.5,26,8.5,7746.382085589032,M,0
301.8,310.3,1765,27.3,29,8.5,5045.869040563247,L,0
301.8,310.3,1688,28.8,31,8.5,5090.888063289188,L,0
301.7,310.3,1787,26.7,33,8.600000000000023,4996.4832040488145,M,0
301.7,310.1,1487,48.0,36,8.400000000000034,7474.477241420836,L,0
301.7,310.1,1384,50.5,38,8.400000000000034,7319.0731248232605,L,0
301.7,310.2,1311,57.4,40,8.5,7880.3081804115645,L,1
301.7,310.2,1620,30.8,42,8.5,5225.096901450544,H,0
301.7,310.2,1331,61.2,47,8.5,8530.178036733148,L,1
301.7,310.1,1462,38.3,49,8.400000000000034,5863.740800023301,H,0
301.7,310.1,1424,50.2,54,8.400000000000034,7485.870750777856,L,0
301.7,310.1,1500,39.6,56,8.400000000000034,6220.353454107791,L,0
301.8,310.1,1738,28.0,58,8.300000000000011,5096.082163143124,L,0
301.8,310.3,1465,46.5,60,8.5,7133.771518139023,M,0
301.8,310.3,1482,41.4,63,8.5,6425.059631415702,L,0
301.9,310.3,1398,44.0,65,8.400000000000034,6441.5215769205115,L,0
301.9,310.3,1972,21.3,67,8.400000000000034,4398.606706144142,L,0
301.9,310.4,1603,37.6,69,8.5,6311.75285637623,L,0
301.9,310.4,1610,34.8,71,8.5,5867.238439844296,L,0
301.9,310.4,1373,48.0,73,8.5,6901.450741406057,M,1
302.0,310.5,1425,44.7,76,8.5,6670.386601734527,M,0
302.0,310.4,1212,55.6,79,8.399999999999977,7056.771082199537,M,1
302.0,310.4,1828,26.3,82,8.399999999999977,5034.548835034811,M,0
302.0,310.5,1370,44.4,85,8.5,6369.893264418663,L,1
302.0,310.5,1823,25.1,87,8.5,4791.693250936809,M,0
302.0,310.5,1263,60.6,90,8.5,8015.019673397495,L,1
301.9,310.4,1889,21.5,92,8.5,4253.035774552302,L,0
302.0,310.5,1639,32.9,94,8.5,5646.813827292926,M,0
302.0,310.4,1608,33.1,97,8.399999999999977,5573.6880222928685,M,0
301.9,310.3,1653,32.4,100,8.400000000000034,5608.496868894642,H,0
302.0,310.4,1591,29.8,105,8.399999999999977,4964.9520857822845,L,0
302.1,310.5,1696,30.9,107,8.399999999999977,5487.985374702937,L,0
302.2,310.6,1346,47.5,109,8.400000000000034,6695.257543575448,L,1
302.2,310.5,1507,40.4,111,8.300000000000011,6375.631906999222,M,0
302.3,310.6,1525,48.7,114,8.300000000000011,7777.2744133493325,H,0
302.3,310.7,1559,33.9,119,8.399999999999977,5534.449530049531,M,0
302.2,310.6,1632,30.5,122,8.400000000000034,5212.530530836185,L,0
302.1,310.5,1559,36.0,124,8.399999999999977,5877.291536335785,L,0
302.2,310.6,1355,51.5,126,8.400000000000034,7307.606311637659,M,1
302.2,310.5,1832,23.7,129,8.300000000000011,4546.764215687435,M,0
302.2,310.6,1386,50.0,132,8.400000000000034,7257.079029792422,L,0
302.2,310.6,1346,49.2,134,8.400000000000034,6934.877287240253,M,1
302.3,310.7,1499,37.8,137,8.399999999999977,5933.651708541185,L,0
302.3,310.7,1612,33.4,139,8.399999999999977,5638.195391446578,L,0
302.3,310.7,1544,39.7,141,8.399999999999977,6418.985885618762,M,0
302.5,310.9,1477,39.2,144,8.399999999999977,6063.1062698201085,L,0
302.5,310.9,1624,34.4,146,8.399999999999977,5850.231951612865,L,0
302.4,310.9,1349,46.1,148,8.5,6512.406379161009,L,1
302.4,310.8,1686,28.8,150,8.400000000000034,5084.856205394296,L,0
302.4,310.7,1521,40.4,152,8.300000000000011,6434.8614004949,M,0
302.4,310.7,1362,54.8,155,8.300000000000011,7816.031194719117,L,1
302.3,310.7,1402,50.9,157,8.399999999999977,7472.990220898137,L,0
302.2,310.6,1334,53.2,159,8.400000000000034,7431.83535713611,L,1
302.2,310.6,1348,48.4,161,8.400000000000034,6832.2519272229865,L,1
302.2,310.6,1570,34.6,163,8.400000000000034,5688.586537610159,M,0
302.2,310.7,1601,33.0,166,8.5,5532.658822236985,M,0
302.3,310.8,1611,31.8,169,8.5,5364.772110829146,M,0
302.4,310.9,1560,31.8,172,8.5,5194.937611976082,L,0
302.4,310.9,1444,40.7,174,8.5,6154.4637841865,H,0
302.4,311.0,1317,59.4,179,8.600000000000023,8192.20549905996,L,0
302.5,311.0,1463,43.1,181,8.5,6603.135574996684,M,0
302.4,311.1,1634,34.2,184,8.700000000000045,5852.033131400924,L,0
302.4,311.0,1423,46.2,186,8.600000000000023,6884.548972929745,L,0
302.5,311.0,1548,38.4,188,8.5,6224.87734752896,L,0
302.5,311.0,1563,35.6,190,8.5,5826.900390172205,M,0
302.4,311.0,1573,36.5,193,8.600000000000023,6012.432380317706,L,0
302.4,311.1,1432,44.5,195,8.700000000000045,6673.161675245199,M,0
302.5,311.1,1638,32.0,198,8.600000000000023,5488.990684352087,M,0
302.5,311.1,1571,34.2,201,8.600000000000023,5626.403947020104,L,0
302.4,311.0,2211,15.4,203,8.600000000000023,3565.644829971344,L,0
302.4,311.0,1555,40.6,205,8.600000000000023,6611.272299969481,L,0
302.3,310.9,1558,31.9,207,8.599999999999966,5204.592773398114,M,0
302.3,310.9,1523,43.2,210,8.599999999999966,6889.889680440848,M,0
302.3,310.8,1723,26.3,213,8.5,4745.365231271871,L,0
302.3,310.8,1721,28.4,215,8.5,5118.324639130539,M,0
302.3,310.9,1710,30.4,218,8.599999999999966,5443.751750140394,M,1
302.3,310.9,1627,32.3,0,8.599999999999966,5503.243043023872,M,0
302.2,310.8,1422,47.0,3,8.600000000000023,6998.840113667341,M,0
302.1,310.8,1565,35.3,6,8.699999999999989,5785.190511708043,L,0
302.1,310.7,1314,52.8,8,8.599999999999966,7265.372834397899,L,1
302.0,310.6,1392,60.5,10,8.600000000000023,8819.078897157267,M,0
302.1,310.7,1465,40.7,13,8.599999999999966,6243.967758887274,L,0
301.9,310.6,1573,36.6,15,8.700000000000045,6028.904797798029,L,0
302.0,310.7,2157,17.8,17,8.699999999999989,4020.673109917289,M,0
301.9,310.7,1370,50.3,20,8.800000000000011,7216.343045050873,L,0
301.9,310.6,1462,38.8,22,8.700000000000045,5940.290941015773,L,0
302.0,310.6,1479,40.5,24,8.600000000000023,6272.660971790061,M,0
301.9,310.7,1717,26.8,27,8.800000000000011,4818.742363684216,L,0
301.9,310.6,1260,65.9,29,8.700000000000045,8695.30014660583,M,0
301.9,310.6,1467,39.3,32,8.700000000000045,6037.418513889256,L,0
302.0,310.6,1535,38.6,34,8.600000000000023,6204.750210594961,M,0
302.0,310.7,1657,31.9,37,8.699999999999989,5535.3082320415115,L,0
302.0,310.7,1698,28.1,39,8.699999999999989,4996.577451828422,L,0
302.1,310.7,1359,49.3,41,8.599999999999966,7016.087457335549,L,1
302.1,310.8,1596,37.1,43,8.699999999999989,6200.624252243247,L,0
302.2,310.8,1383,46.9,45,8.600000000000023,6792.406060399956,L,0
302.2,310.8,2203,16.6,47,8.600000000000023,3829.5805007749345,L,0
302.2,310.8,1408,46.8,49,8.600000000000023,6900.445431756907,M,0
302.2,310.8,1673,32.9,52,8.600000000000023,5763.953345369776,L,0
302.2,310.8,1340,47.8,54,8.600000000000023,6707.509754924447,L,0
302.2,310.9,1452,42.3,56,8.699999999999989,6431.845471547455,L,0
302.2,310.9,1302,53.4,58,8.699999999999989,7280.829470253561,M,0
302.2,310.9,1522,35.9,61,8.699999999999989,5721.866475787186,H,0
302.2,310.8,1438,41.4,66,8.600000000000023,6234.3021254897285,L,0
302.2,310.9,1604,40.5,68,8.699999999999989,6802.8047320833375,L,0
302.2,311.0,1832,23.2,70,8.800000000000011,4450.840919997827,L,0
302.3,311.0,1521,34.8,72,8.699999999999989,5542.9004142876865,M,0
302.3,311.0,1446,37.6,75,8.699999999999989,5693.571197953855,L,0
302.4,311.1,1905,20.9,77,8.700000000000045,4169.364690211693,L,0
302.4,311.0,1475,47.9,79,8.600000000000023,7398.712498591762,L,0
302.4,311.0,1462,48.5,81,8.600000000000023,7425.363676269716,L,0
302.4,310.9,1435,42.3,83,8.5,6356.541495640908,M,0
302.4,310.9,1469,39.6,86,8.5,6091.799482722897,L,0
302.6,311.1,1520,43.0,88,8.5,6844.483194620963,M,0
302.6,311.0,1537,35.5,91,8.399999999999977,5713.876358471556,L,0
302.6,311.0,1369,60.0,93,8.399999999999977,8601.680685528854,L,1
302.6,311.0,1506,37.2,95,8.399999999999977,5866.735785019724,L,0
302.5,310.9,1330,56.9,97,8.399999999999977,7924.876908190492,L,1
302.6,311.0,1660,38.0,99,8.399999999999977,6605.722152948138,L,0
302.5,310.9,1356,55.5,101,8.399999999999977,7880.999330795354,H,1
302.6,311.0,1438,51.0,106,8.399999999999977,7679.9374009656085,H,0
302.6,311.0,1329,48.6,111,8.399999999999977,6763.786151325753,M,1
302.6,311.0,1284,68.0,114,8.399999999999977,9143.291259007734,L,1
302.5,311.0,1387,52.1,116,8.5,7567.332248285437,M,0
302.6,311.0,1591,33.9,119,8.399999999999977,5648.049520403337,M,0
302.6,311.0,1589,39.0,122,8.399999999999977,6489.587944520436,M,0
302.7,311.1,1297,60.7,125,8.400000000000034,8244.366409085063,M,1
302.7,311.2,1545,35.1,128,8.5,5678.89996026159,L,0
302.7,311.1,1418,43.4,130,8.400000000000034,6444.579393770006,H,0
302.7,311.1,1730,28.1,135,8.400000000000034,5090.741455632021,L,0
302.6,311.0,2001,20.7,137,8.399999999999977,4337.565560884891,L,0
302.6,311.0,1620,36.2,139,8.399999999999977,6141.185319237328,L,0
302.6,311.0,1542,39.7,141,8.399999999999977,6410.671137062261,M,0
302.6,311.0,1424,38.0,144,8.399999999999977,5666.59538903503,L,0
302.7,311.1,1440,39.5,146,8.400000000000034,5956.459671206248,L,0
302.6,311.0,1520,42.8,148,8.399999999999977,6812.648389064587,L,0
302.7,311.0,1694,29.8,150,8.300000000000011,5286.378902146569,L,0
302.6,311.0,1610,39.2,152,8.399999999999977,6609.073185111967,L,0
302.6,310.9,1331,52.0,154,8.299999999999955,7247.86369134189,L,1
302.6,310.8,1470,41.2,156,8.199999999999989,6342.247249067074,L,0
302.5,310.8,1577,36.9,158,8.300000000000011,6093.778686094658,L,0
302.6,310.8,1486,36.4,160,8.199999999999989,5664.333442324444,L,0
302.4,310.6,1445,40.3,162,8.200000000000045,6098.197859760707,L,0
302.4,310.5,1500,36.7,164,8.100000000000023,5764.822519337271,M,0
302.2,310.4,1456,47.5,167,8.199999999999989,7242.41826407567,M,0
302.2,310.4,1743,28.1,170,8.199999999999989,5128.995582177232,L,0
302.0,310.1,1409,50.4,172,8.100000000000023,7436.526802165471,L,0
302.0,310.1,1361,45.4,174,8.100000000000023,6470.570836990706,L,1
302.1,310.1,1753,28.9,176,8.0,5305.280817945667,L,0
302.0,310.0,1832,22.9,178,8.0,4393.286942584062,L,0
301.9,309.9,1374,48.5,180,8.0,6978.419761419008,L,1
301.8,309.9,1334,61.0,182,8.099999999999966,8521.465353107194,M,1
301.8,310.0,1493,40.3,185,8.199999999999989,6300.767754064177,L,0
301.7,309.9,1317,49.0,187,8.199999999999989,6757.8799571370055,L,1
301.7,309.9,1434,47.9,189,8.199999999999989,7193.053371512262,M,0
301.7,309.9,1457,39.2,192,8.199999999999989,5981.005981806296,M,0
301.7,310.0,1391,50.6,195,8.300000000000011,7370.658076195206,M,0
301.8,310.0,1781,23.9,198,8.199999999999989,4457.490624447925,M,0
301.8,310.0,1642,32.6,201,8.199999999999989,5605.564715751291,L,0
301.8,310.0,2032,19.0,203,8.199999999999989,4043.0203056598248,L,0
301.8,310.1,2372,13.9,205,8.300000000000011,3452.694102099278,M,1
301.8,310.0,1393,44.9,208,8.199999999999989,6549.770387787705,L,0
301.7,310.1,1743,27.3,210,8.400000000000034,4982.974355638378,M,0
301.8,310.2,1457,40.4,213,8.399999999999977,6164.098001657509,L,0
301.8,310.2,2825,5.8,215,8.399999999999977,1715.833187635625,L,1
301.8,310.2,1609,34.2,217,8.399999999999977,5762.497740773613,M,0
301.8,310.2,1437,42.3,0,8.399999999999977,6365.400786924031,M,0
301.7,310.1,1402,50.1,3,8.400000000000034,7355.536543555927,L,0
301.7,310.1,1644,34.6,5,8.400000000000034,5956.710998618535,M,0
301.7,310.2,1471,51.1,8,8.5,7871.585024810098,L,0
301.7,310.1,2695,12.6,10,8.400000000000034,3555.968724598287,L,0
301.7,310.2,1435,48.1,12,8.5,7228.1240175018365,L,0
301.6,310.1,1694,26.3,14,8.5,4665.495474042106,L,0
301.6,310.1,1687,26.6,16,8.5,4699.215235190636,L,0
301.6,310.0,1869,22.9,18,8.399999999999977,4482.0159910969505,L,0
301.4,309.9,1259,63.9,20,8.5,8424.714771352139,L,1
301.4,309.9,1460,47.2,22,8.5,7216.447764805995,H,0
301.3,309.9,1501,39.5,27,8.599999999999966,6208.7819211670685,M,0
301.4,310.0,1776,25.6,30,8.600000000000023,4761.146498368404,L,0
301.5,310.1,1468,40.8,32,8.600000000000023,6272.126901038951,M,0
301.5,310.1,1430,46.5,35,8.600000000000023,6963.3401166817775,L,0
301.4,310.1,1502,46.6,37,8.700000000000045,7329.67076404137,L,0
301.4,310.1,1623,32.3,39,8.700000000000045,5489.713250662411,H,0
301.4,310.0,1651,29.8,44,8.600000000000023,5152.191007936237,M,0
301.5,310.1,1639,33.4,47,8.600000000000023,5732.631666613487,L,0
301.5,310.0,1417,44.6,49,8.5,6618.100028003282,M,0
301.5,310.1,1541,42.2,52,8.600000000000023,6809.946619382499,L,0
301.6,310.2,1411,45.1,54,8.599999999999966,6663.956808770181,M,0
301.7,310.3,1397,44.6,57,8.600000000000023,6524.690006436545,L,0
301.7,310.2,1686,28.9,59,8.5,5102.51195610747,L,0
301.7,310.1,1431,44.0,61,8.400000000000034,6593.574661354258,M,0
301.8,310.3,1341,50.5,64,8.5,7091.67417658092,L,1
301.7,310.2,1486,43.0,66,8.5,6691.38291263602,L,0
301.6,310.2,1384,57.1,68,8.599999999999966,8275.625255988281,L,0
301.6,310.1,1362,55.8,70,8.5,7958.659501192094,L,1
301.7,310.1,1660,29.3,72,8.400000000000034,5093.3594495100115,H,0
301.6,310.1,1326,48.2,77,8.5,6692.974652913838,L,1
301.6,310.0,1566,30.3,79,8.399999999999977,4968.931436476832,L,0
301.5,309.8,1549,38.5,81,8.300000000000011,6245.11967619359,L,0
301.6,309.9,1746,31.1,83,8.299999999999955,5686.345534850598,M,0
301.7,309.9,1452,41.5,86,8.199999999999989,6310.203004000458,M,0
301.6,309.8,1588,33.9,89,8.199999999999989,5637.399521307668,L,0
301.6,309.8,1472,42.5,91,8.199999999999989,6551.2678802859145,L,0
301.7,309.9,1607,37.7,93,8.199999999999989,6344.331172193956,L,0
301.6,309.9,1423,53.6,95,8.299999999999955,7987.2689382907865,H,0
301.6,309.9,1440,43.4,100,8.299999999999955,6544.565815958257,L,0
301.6,309.9,1397,43.7,102,8.299999999999955,6393.025858324598,L,0
301.7,309.9,1524,46.6,104,8.199999999999989,7437.029456990045,L,0
301.7,309.9,1533,40.9,106,8.199999999999989,6565.897230076131,M,0
301.7,309.8,1398,46.0,109,8.100000000000023,6734.3180122350805,L,0
301.7,309.8,1284,68.2,111,8.100000000000023,9170.183292122463,M,1
301.7,309.8,1491,39.3,114,8.100000000000023,6136.190186918119,L,0
301.8,309.9,1418,51.3,116,8.099999999999966,7617.671034571459,H,0
301.8,309.8,1546,39.8,121,8.0,6443.49030831676,M,0
301.8,309.7,1598,30.4,124,7.899999999999977,5087.201927908975,L,0
301.9,309.8,1724,27.5,126,7.900000000000034,4964.7635902230695,H,0
301.9,309.8,1507,44.7,131,7.900000000000034,7054.226392150131,L,0
301.9,309.7,1595,31.4,133,7.800000000000011,5244.679495657921,L,0
301.9,309.7,1568,37.5,135,7.800000000000011,6157.5216010359945,M,0
301.8,309.6,1432,43.7,138,7.800000000000011,6553.194723780117,L,0
301.9,309.7,1424,42.8,140,7.800000000000011,6382.375859228929,L,0
302.0,309.7,1386,62.7,142,7.699999999999989,9100.377103359697,M,1
302.0,309.8,1456,58.1,145,7.800000000000011,8858.621076690451,L,0
302.0,309.8,1280,57.3,147,7.800000000000011,7680.565719496325,H,1
302.0,309.8,1649,31.0,152,7.800000000000011,5353.169161961888,L,0
302.0,309.9,1407,52.8,154,7.899999999999977,7779.588719937476,L,0
302.0,309.9,1606,34.5,156,7.899999999999977,5802.20747191499,H,0
302.1,310.0,1531,38.0,161,7.899999999999977,6092.385913351566,M,0
302.1,310.1,1543,35.8,164,8.0,5784.656440956933,L,0
302.1,310.1,1379,48.2,166,8.0,6960.491739342522,M,1
302.1,310.1,1447,46.6,169,8.0,7061.274031669682,L,0
302.1,310.1,1844,24.6,171,8.0,4750.339419640054,H,0
302.1,310.1,1615,29.9,176,8.0,5056.759895095691,H,0
302.0,310.0,1449,48.8,181,8.0,7404.859548217287,L,0
302.0,309.9,1388,51.4,183,7.899999999999977,7471.042433452911,L,0
302.0,309.9,1447,42.8,185,7.899999999999977,6485.461986168721,H,0
302.0,310.0,1664,28.6,190,8.0,4983.655034046657,L,0
302.0,309.9,1735,27.2,192,7.899999999999977,4941.934683606984,H,0
302.0,309.9,1308,57.6,197,7.899999999999977,7889.670126519263,L,1
302.0,309.8,1480,40.0,199,7.800000000000011,6199.409503083858,L,0
301.9,309.6,1439,41.7,201,7.7000000000000455,6283.84504163684,M,0
301.9,309.7,1533,35.9,204,7.800000000000011,5763.220307083939,M,0
302.0,309.7,1551,34.8,207,7.699999999999989,5652.2278386326125,L,0
302.0,309.7,1414,36.3,209,7.699999999999989,5375.07653473292,L,0
301.9,309.6,1551,34.6,211,7.7000000000000455,5619.743770594495,M,0
301.8,309.6,1436,49.0,214,7.800000000000011,7368.50084923974,M,0
301.9,309.6,1385,45.8,217,7.7000000000000455,6642.688226505378,M,0
301.8,309.5,1732,30.1,220,7.699999999999989,5459.375937604247,M,0
301.9,309.6,1410,49.0,223,7.7000000000000455,7235.087881217294,L,0
301.9,309.6,1446,43.2,225,7.7000000000000455,6541.549887010811,L,0
301.8,309.5,1525,39.6,227,7.699999999999989,6324.026011676254,L,0
301.7,309.5,1298,65.5,229,7.800000000000011,8903.168860518354,L,1
301.8,309.6,1443,42.7,231,7.800000000000011,6452.42290342847,L,0
301.8,309.7,1442,45.3,233,7.899999999999977,6840.566675779487,L,1
301.9,309.7,1719,31.9,0,7.800000000000011,5742.422963717175,L,0
302.0,309.8,1532,39.4,2,7.800000000000011,6320.968194826759,L,0
302.0,309.8,1701,27.2,4,7.800000000000011,4845.089854072322,L,0
302.1,310.0,1355,45.1,6,7.899999999999977,6399.476595239969,M,1
302.2,310.1,1421,45.4,9,7.900000000000034,6755.827449936659,M,0
302.2,310.1,1368,51.6,12,7.900000000000034,7392.041850190639,M,1
302.2,310.1,1458,45.1,15,7.900000000000034,6885.931273697323,L,0
302.2,310.1,1572,34.6,17,7.900000000000034,5695.833144664439,M,0
302.2,310.0,1483,48.7,20,7.800000000000011,7563.080626227579,L,0
302.3,310.1,1513,40.4,22,7.800000000000011,6401.015975640227,L,0
302.3,310.1,1383,42.9,24,7.800000000000011,6213.096375077998,H,0
302.4,310.2,1539,37.7,29,7.800000000000011,6075.871607969197,L,0
302.3,310.1,1563,37.8,31,7.800000000000011,6186.989740126666,M,0
302.3,310.1,1653,29.7,34,7.800000000000011,5141.122129820089,L,0
302.3,310.1,1353,50.9,36,7.800000000000011,7211.808679654193,L,1
302.2,310.0,1468,43.6,38,7.800000000000011,6702.566982482801,H,0
302.3,310.2,1506,33.8,43,7.899999999999977,5330.528750905018,H,0
302.3,310.1,1388,49.9,48,7.800000000000011,7253.015903293779,L,0
302.4,310.2,1485,45.9,50,7.800000000000011,7137.85558858869,M,0
302.4,310.2,1331,45.5,53,7.800000000000011,6341.880729924154,L,1
302.5,310.3,1326,58.5,55,7.800000000000011,8123.216124387128,L,1
302.3,310.2,1394,55.4,57,7.899999999999977,8087.255360479036,L,0
302.4,310.1,2009,18.9,59,7.7000000000000455,3976.219573868993,L,0
302.4,310.1,1358,54.6,61,7.7000000000000455,7764.634738906389,M,1
302.5,310.2,1586,32.2,64,7.699999999999989,5347.954118156929,L,0
302.5,310.3,1688,31.6,66,7.800000000000011,5585.835513886748,L,0
302.6,310.5,1450,43.2,68,7.899999999999977,6559.6454606954885,L,0
302.7,310.5,1398,47.3,70,7.800000000000011,6924.63569518955,M,0
302.7,310.5,1520,39.3,73,7.800000000000011,6255.539291827997,L,0
302.6,310.4,1514,42.7,75,7.7999999999999545,6769.901785024741,L,0
302.6,310.4,1532,36.1,77,7.7999999999999545,5791.547000843808,M,0
302.6,310.4,1365,66.8,80,7.7999999999999545,9548.556711320816,L,1
302.6,310.3,1642,33.2,82,7.699999999999989,5708.73461849518,L,0
302.6,310.2,2676,10.8,84,7.599999999999966,3026.484698762263,M,1
302.6,310.2,1873,21.3,87,7.599999999999966,4177.784158523315,H,0
302.6,310.2,1325,62.4,92,7.599999999999966,8658.22935329347,L,1
302.6,310.2,2157,17.2,94,7.599999999999966,3885.1448028414247,M,0
302.6,310.2,1563,39.0,97,7.599999999999966,6383.402112829101,M,0
302.6,310.2,1631,31.0,100,7.599999999999966,5294.735538605117,M,0
302.5,310.2,1547,36.9,103,7.699999999999989,5977.853917177194,L,0
302.6,310.3,1479,40.4,105,7.699999999999989,6257.172920007863,L,0
302.4,310.1,1379,48.9,107,7.7000000000000455,7061.577718959529,M,1
302.4,310.1,1906,21.2,110,7.7000000000000455,4231.432089071117,L,0
302.3,310.1,1731,33.4,112,7.800000000000011,6054.414530145177,M,0
302.3,310.1,1688,30.4,115,7.800000000000011,5373.715177916365,H,0
302.3,310.2,1443,54.6,120,7.899999999999977,8250.639122416731,H,0
302.4,310.2,1445,46.4,125,7.800000000000011,7021.250141262947,L,0
302.4,310.2,1435,44.9,127,7.800000000000011,6747.250901992359,H,0
302.4,310.1,1556,32.9,132,7.7000000000000455,5360.855591987671,L,0
302.3,310.1,1321,52.7,134,7.800000000000011,7290.243776238819,L,1
302.4,310.1,1577,35.8,136,7.7000000000000455,5912.121326888584,M,0
302.4,310.2,1578,31.2,139,7.800000000000011,5155.7305356592815,L,0
302.4,310.1,1418,52.3,141,7.7000000000000455,7766.163647331136,L,0
302.4,310.2,1392,55.8,143,7.800000000000011,8133.960371262405,M,0
302.5,310.3,1446,44.0,146,7.800000000000011,6662.689699733233,L,0
302.5,310.2,1329,50.6,148,7.699999999999989,7042.131260433809,L,1
302.5,310.2,1563,34.8,150,7.699999999999989,5695.958808370582,L,0
302.5,310.3,1405,57.4,152,7.800000000000011,8445.334091135202,L,0
302.4,310.2,2224,16.0,154,7.800000000000011,3726.3477661779734,L,0
302.5,310.2,1716,29.9,156,7.699999999999989,5373.003083581551,L,0
302.5,310.3,1584,35.5,158,7.800000000000011,5888.601269888708,L,0
302.5,310.3,1488,41.8,160,7.800000000000011,6513.401216834646,M,0
302.4,310.3,1374,51.2,163,7.900000000000034,7366.909108961922,L,1
302.4,310.3,1378,54.3,165,7.900000000000034,7835.697564730589,M,1
302.5,310.3,1551,37.3,168,7.800000000000011,6058.278689109094,L,0
302.5,310.3,1549,40.9,170,7.800000000000011,6634.425837826437,L,0
302.5,310.3,1447,39.2,172,7.800000000000011,5939.955837799389,M,0
302.4,310.2,1400,53.7,175,7.800000000000011,7872.831189896021,L,0
302.4,310.1,1401,48.8,177,7.7000000000000455,7159.563993824994,L,0
302.4,310.1,1597,28.9,179,7.7000000000000455,4833.1622739641925,H,0
302.3,310.1,1487,46.0,184,7.800000000000011,7163.040689694968,L,0
302.5,310.3,1710,27.3,186,7.800000000000011,4888.6323282510775,M,0
302.6,310.4,1478,47.7,189,7.7999999999999545,7382.805567789086,L,0
302.6,310.4,1743,26.3,191,7.7999999999999545,4800.447822464812,L,0
302.6,310.5,1596,32.8,193,7.899999999999977,5481.953516808046,L,0
302.7,310.5,1642,30.8,195,7.800000000000011,5296.055007519625,L,0
302.7,310.5,1263,67.8,197,7.800000000000011,8967.299238553633,L,1
302.8,310.6,2016,19.9,199,7.800000000000011,4201.189023792558,L,0
302.8,310.6,1671,30.5,201,7.800000000000011,5337.09467955102,L,0
302.8,310.6,1404,43.2,203,7.800000000000011,6351.5463633217005,L,0
302.8,310.6,1470,41.1,205,7.800000000000011,6326.853445064484,L,0
302.8,310.6,1617,37.9,207,7.800000000000011,6417.676888679765,L,0
302.7,310.5,1725,29.0,209,7.800000000000011,5238.60574986098,L,0
302.7,310.5,1446,40.9,211,7.800000000000011,6193.2729254338465,L,1
302.7,310.6,1564,34.3,0,7.900000000000034,5617.712207345173,L,0
302.8,310.6,1670,29.1,2,7.800000000000011,5089.065939550106,L,0
302.7,310.6,1501,48.7,4,7.900000000000034,7654.8779635654755,L,0
302.7,310.5,1551,35.9,6,7.800000000000011,5830.890212842264,L,0
302.7,310.5,1563,35.0,8,7.800000000000011,5728.694203820988,L,0
302.7,310.5,1351,41.8,10,7.800000000000011,5913.713067166402,L,1
302.6,310.4,1415,52.1,12,7.7999999999999545,7720.097427053998,L,0
302.6,310.3,1647,34.2,14,7.699999999999989,5898.591534527125,L,0
302.5,310.2,1477,41.6,16,7.699999999999989,6434.316857768278,L,0
302.6,310.2,1923,21.5,18,7.599999999999966,4329.585915544773,L,0
302.7,310.4,1305,55.2,20,7.699999999999989,7543.592279799811,H,1
302.6,310.4,1544,35.1,25,7.7999999999999545,5675.22429685689,M,0
302.7,310.5,1568,36.9,28,7.800000000000011,6059.001255419418,H,0
302.7,310.4,1489,42.7,33,7.699999999999989,6658.113446434504,L,0
302.6,310.4,1451,43.1,35,7.7999999999999545,6548.974517648795,M,0
302.7,310.4,1542,35.7,38,7.699999999999989,5764.759687484199,L,0
302.6,310.5,1965,20.2,40,7.899999999999977,4156.641239964655,M,0
302.5,310.5,1436,36.5,43,8.0,5488.781244841847,L,0
302.5,310.4,1509,37.6,45,7.899999999999977,5941.631353881304,M,0
302.5,310.4,1487,40.2,48,7.899999999999977,6259.874689689951,L,0
302.5,310.4,1967,20.3,50,7.899999999999977,4181.470293903526,L,0
302.6,310.4,1409,53.3,52,7.7999999999999545,7864.422193559913,H,0
302.6,310.5,1420,56.4,57,7.899999999999977,8386.79574802331,M,0
302.7,310.5,1511,37.7,60,7.800000000000011,5965.329434464883,L,0
302.6,310.4,1649,30.1,62,7.7999999999999545,5197.754573388801,H,0
302.6,310.4,1359,57.2,67,7.7999999999999545,8140.369220275728,L,1
302.5,310.4,1605,36.0,69,7.899999999999977,6050.707450813941,M,0
302.5,310.3,1523,36.0,72,7.800000000000011,5741.574733700706,L,0
302.6,310.4,1614,36.0,74,7.7999999999999545,6084.636651472712,H,0
302.6,310.3,1721,27.4,79,7.699999999999989,4938.101940569604,H,0
302.6,310.4,1638,36.2,84,7.7999999999999545,6209.420711673299,L,0
302.5,310.2,1307,54.0,86,7.699999999999989,7390.910876835347,L,1
302.4,310.2,1642,28.3,88,7.800000000000011,4866.1804127534215,L,0
302.5,310.2,1751,30.5,90,7.699999999999989,5592.61088204299,M,0
302.4,310.1,1645,31.6,93,7.7000000000000455,5443.542310630154,L,0
302.4,310.1,1426,46.8,95,7.7000000000000455,6988.661353469709,L,0
302.4,310.1,1520,36.6,97,7.7000000000000455,5825.769416816914,M,0
302.4,310.1,1709,31.8,100,7.7000000000000455,5691.120755684054,L,0
302.4,310.0,1426,46.6,102,7.600000000000023,6958.795279309583,L,0
302.4,310.1,1429,43.7,104,7.7000000000000455,6539.46596388393,L,0
302.4,310.2,1346,62.4,106,7.800000000000011,8795.454120402272,L,1
302.5,310.2,1454,43.0,108,7.699999999999989,6547.288529591368,L,0
302.5,310.3,1411,49.5,110,7.800000000000011,7314.098936455077,M,0
302.4,310.3,1900,24.4,113,7.900000000000034,4854.807847347427,L,0
302.4,310.3,1479,36.2,115,7.900000000000034,5606.674745155561,L,0
302.5,310.4,1415,48.2,117,7.899999999999977,7142.201458426156,L,0
302.5,310.3,1539,39.0,119,7.800000000000011,6285.384422037099,L,0
302.4,310.3,1520,31.6,121,7.900000000000034,5029.899277907499,L,0
302.4,310.3,1480,45.8,123,7.900000000000034,7098.323881031018,L,0
302.4,310.4,1666,29.7,125,8.0,5181.55442727179,L,0
302.4,310.4,1456,47.6,127,8.0,7257.665460421093,L,0
302.4,310.4,1865,23.9,129,8.0,4667.726004826154,L,0
302.5,310.5,1918,21.6,131,8.0,4338.413790901361,M,0
302.5,310.4,1488,48.4,134,7.899999999999977,7541.832987913801,L,0
302.5,310.5,1527,38.8,136,8.0,6204.394163427553,M,0
302.4,310.4,1463,42.2,139,8.0,6465.251073430628,M,0
302.4,310.4,1521,38.5,142,8.0,6132.231780174596,L,0
302.4,310.5,1372,45.7,144,8.100000000000023,6565.970533904717,M,1
302.5,310.5,1507,39.5,147,8.0,6233.6005031304285,L,0
302.4,310.4,1586,34.3,149,8.0,5696.733734558467,M,0
302.5,310.4,1487,42.0,152,7.899999999999977,6540.167586243232,L,0
302.5,310.5,1520,41.2,154,8.0,6557.969944613575,L,0
302.5,310.4,1422,41.9,156,7.899999999999977,6239.391505588544,H,0
302.4,310.3,1375,52.5,161,7.900000000000034,7559.457322700438,M,1
302.4,310.2,1633,28.0,164,7.800000000000011,4788.206083091323,L,0
302.4,310.2,1503,36.2,166,7.800000000000011,5697.6552684035205,L,0
302.4,310.2,1351,45.1,168,7.800000000000011,6380.585151416381,L,1
302.3,310.2,1548,35.3,170,7.899999999999977,5722.348186660736,L,0
302.4,310.3,1923,23.3,172,7.900000000000034,4692.062875915964,L,0
302.5,310.3,1592,32.6,174,7.800000000000011,5434.871514906246,L,0
302.5,310.4,1580,35.6,176,7.899999999999977,5890.276785970623,M,0
302.5,310.4,1427,46.8,179,7.899999999999977,6993.56223800931,L,0
302.5,310.4,1581,32.7,181,7.899999999999977,5413.875204004756,M,0
302.6,310.5,1542,39.9,184,7.899999999999977,6442.966709541163,M,0
302.5,310.4,1349,55.1,187,7.899999999999977,7783.808926068798,L,1
302.5,310.5,1463,43.0,189,8.0,6587.815074822678,L,0
302.5,310.4,1429,43.2,191,7.899999999999977,6464.643698850933,M,0
302.5,310.4,1451,53.6,194,7.899999999999977,8144.432346774371,M,0
302.6,310.5,1511,37.2,197,7.899999999999977,5886.2136594719805,L,0
302.6,310.6,1549,37.5,199,8.0,6082.908775513237,L,0
302.5,310.5,1507,40.2,201,8.0,6344.069372806158,M,0
302.6,310.5,1524,33.7,204,7.899999999999977,5378.280959239582,M,0
302.7,310.5,1880,22.7,207,7.800000000000011,4469.0202694866,M,0
302.6,310.5,1461,45.4,0,7.899999999999977,6945.99852523396,L,0
302.6,310.5,1748,28.2,2,7.899999999999977,5162.013720966461,L,0
302.7,310.6,1690,26.7,4,7.900000000000034,4725.2695102644075,L,0
302.7,310.6,1349,51.2,6,7.900000000000034,7232.867822408756,M,1
302.7,310.6,1686,26.3,9,7.900000000000034,4643.46243756493,L,0
302.7,310.7,1369,47.5,11,8.0,6809.663876043675,L,1
302.7,310.7,1433,43.7,13,8.0,6557.770977078846,L,0
302.7,310.7,1597,41.9,15,8.0,7007.2491100034495,L,0
302.9,310.8,1610,32.2,17,7.900000000000034,5428.881544913402,L,0
302.7,310.7,1398,57.7,19,8.0,8447.177158825309,L,0
302.7,310.7,1977,20.0,21,8.0,4140.619117431348,L,0
302.8,310.8,1516,39.5,23,8.0,6270.828376075466,L,0
302.7,310.8,1275,55.0,25,8.100000000000023,7343.472827766142,H,1
302.8,310.8,1402,50.5,30,8.0,7414.263382227032,L,0
302.8,310.8,1451,44.7,32,8.0,6792.091901134597,M,0
302.7,310.8,1555,36.1,35,8.100000000000023,5878.495813519661,M,0
302.8,310.9,1636,35.0,38,8.099999999999966,5996.253178151718,L,0
302.8,310.9,1312,52.2,40,8.099999999999966,7171.879037027066,L,1
302.8,310.9,1708,29.8,42,8.099999999999966,5330.067983982492,L,0
302.9,311.0,1556,36.5,44,8.100000000000023,5947.453772265957,M,0
302.8,311.0,1436,43.5,47,8.199999999999989,6541.424223304667,H,0
302.9,311.0,1402,40.7,52,8.100000000000023,5975.455834784954,M,0
302.9,311.0,1437,49.9,55,8.100000000000023,7509.0661765368595,M,0
302.9,311.1,1926,21.8,58,8.200000000000045,4396.847414258131,M,0
303.0,311.2,1800,23.7,61,8.199999999999989,4467.344753404685,L,0
303.0,311.2,1641,32.6,63,8.199999999999989,5602.150851734391,L,0
303.0,311.2,1374,48.2,65,8.199999999999989,6935.254278358685,L,1
303.0,311.2,1494,37.0,67,8.199999999999989,5788.698623504553,L,0
303.0,311.2,1601,32.9,69,8.199999999999989,5515.893189442327,L,0
302.9,311.2,1634,36.9,71,8.300000000000011,6314.035747037838,L,0
302.9,311.2,1467,37.7,73,8.300000000000011,5791.620304672392,M,0
302.8,311.1,1550,32.3,76,8.300000000000011,5242.794540065766,L,0
302.8,311.1,1563,32.2,78,8.300000000000011,5270.398667515309,L,0
302.7,310.9,1395,48.3,80,8.199999999999989,7055.860020329995,L,0
302.8,311.0,1507,33.4,82,8.199999999999989,5270.943210241931,M,0
302.8,311.0,1564,38.5,85,8.199999999999989,6305.595334775194,L,0
302.8,311.1,1721,30.0,87,8.300000000000011,5406.680956828034,L,0
302.8,311.1,1456,36.1,89,8.300000000000011,5504.237880697509,L,0
302.9,311.2,2102,17.8,91,8.300000000000011,3918.1524696551423,H,0
302.9,311.1,1555,33.9,96,8.200000000000045,5520.249531255305,L,0
303.0,311.2,1409,41.9,98,8.199999999999989,6182.350654974865,L,0
303.0,311.2,1387,41.4,100,8.199999999999989,6013.196834530078,M,0
303.0,311.2,1460,43.9,103,8.199999999999989,6711.907984639473,M,0
303.0,311.2,1361,47.6,106,8.199999999999989,6784.122727769992,L,1
303.0,311.1,1490,43.0,108,8.100000000000023,6709.394710516602,M,0
303.1,311.2,1399,49.2,111,8.099999999999966,7207.944520690279,L,0
303.1,311.1,1420,55.8,113,8.0,8297.57451666136,L,0
303.0,311.0,1359,44.2,115,8.0,6290.285306576699,L,1
303.0,311.1,1372,54.3,117,8.100000000000023,7801.579868512606,M,1
303.0,311.0,1409,41.7,120,8.0,6152.840627982146,M,0
302.9,311.0,1452,58.3,123,8.100000000000023,8864.69482248739,H,0
302.9,311.0,1820,24.6,128,8.100000000000023,4688.512876217407,L,0
302.9,311.0,1469,48.7,130,8.100000000000023,7491.682697186997,H,0
302.9,311.1,1556,45.3,135,8.200000000000045,7381.360435168434,L,0
303.0,311.1,1980,20.2,137,8.100000000000023,4188.371325765912,L,0
303.0,311.2,1519,38.0,139,8.199999999999989,6044.633705017001,M,0
303.0,311.2,1456,44.0,142,8.199999999999989,6708.766391985884,L,0
303.1,311.2,1394,45.3,144,8.099999999999966,6612.864040247298,L,0
303.0,311.3,1365,56.2,146,8.300000000000011,8033.36657449446,L,1
303.0,311.3,2194,16.5,148,8.300000000000011,3790.959855086803,L,0
303.1,311.3,1403,55.6,150,8.199999999999989,8168.852993668275,L,0
303.0,311.2,1503,37.0,152,8.199999999999989,5823.570301959399,H,0
303.0,311.3,1793,29.3,157,8.300000000000011,5501.441863235815,L,0
303.1,311.4,1829,24.5,159,8.299999999999955,4692.544586789514,L,0
303.1,311.4,1831,23.3,161,8.299999999999955,4467.585608841461,M,0
303.0,311.3,1335,53.6,164,8.300000000000011,7493.326797342375,M,1
303.1,311.3,2056,19.7,167,8.199999999999989,4241.485185562603,H,0
303.1,311.3,1336,52.6,172,8.199999999999989,7359.034183376924,L,1
303.0,311.2,1341,51.0,174,8.199999999999989,7161.888772388652,L,1
303.0,311.1,1526,37.3,176,8.100000000000023,5960.6275174600105,M,0
303.0,311.1,1525,40.7,179,8.100000000000023,6499.693400889483,L,0
303.0,311.1,1428,39.8,181,8.100000000000023,5951.684450372791,M,0
303.0,311.2,1511,45.7,184,8.199999999999989,7231.1818343513305,L,0
303.0,311.2,1664,29.8,186,8.199999999999989,5192.759441069594,L,0
303.0,311.2,1592,38.9,188,8.199999999999989,6485.168770854386,M,0
303.0,311.1,1597,36.7,191,8.100000000000023,6137.614375587747,M,0
303.0,311.2,1735,26.1,194,8.199999999999989,4742.077030961114,L,0
302.9,311.2,1751,23.8,196,8.300000000000011,4364.070130905678,L,0
303.0,311.2,1383,44.6,198,8.199999999999989,6459.30299133983,L,0
302.9,311.2,1330,53.7,200,8.300000000000011,7479.189630401221,M,1
303.0,311.2,1382,50.5,203,8.199999999999989,7308.496429556175,L,0
303.0,311.2,1755,30.4,205,8.199999999999989,5587.008375144087,L,0
303.0,311.2,1614,35.7,207,8.199999999999989,6033.931346043773,M,0
303.0,311.3,1466,43.0,210,8.300000000000011,6601.3239232331125,L,0
303.1,311.3,1847,24.7,212,8.199999999999989,4777.4094763384865,M,0
303.1,311.3,1474,34.8,215,8.199999999999989,5371.620782813972,L,0
303.1,311.3,1657,31.8,217,8.199999999999989,5517.956168618184,L,0
303.1,311.2,1435,40.1,219,8.099999999999966,6025.941228728143,L,0
303.1,311.3,1494,42.7,221,8.199999999999989,6680.471114152552,H,0
303.2,311.4,1238,54.6,226,8.199999999999989,7078.5109033623785,L,1
303.2,311.4,1324,54.2,228,8.199999999999989,7514.77340319088,L,1
303.2,311.4,1514,41.2,230,8.199999999999989,6532.083221147994,L,0
303.3,311.4,1732,25.6,232,8.099999999999966,4643.190166201619,L,0
303.3,311.4,1497,46.0,234,8.099999999999966,7211.211777050011,L,1
303.3,311.4,1958,21.5,0,8.099999999999966,4408.387531272318,L,0
303.3,311.4,1630,32.5,2,8.099999999999966,5547.5290274639765,L,0
303.3,311.4,1395,59.1,4,8.099999999999966,8633.567850962789,M,0
303.3,311.4,1658,30.5,7,8.099999999999966,5295.5732966460755,L,0
303.2,311.4,1349,51.1,9,8.199999999999989,7218.741127443114,L,1
303.1,311.2,1452,52.9,11,8.099999999999966,8043.608166545163,L,0
303.1,311.1,1594,35.5,13,8.0,5925.776782956188,M,0
303.1,311.0,1510,47.6,16,7.899999999999977,7526.837118980665,M,0
303.1,311.1,1854,22.6,19,8.0,4387.799627415792,L,0
303.1,311.2,1626,32.3,21,8.099999999999966,5499.860594933507,L,0
303.1,311.2,1628,35.2,23,8.099999999999966,6001.028398985176,L,0
303.1,311.2,1679,34.8,25,8.099999999999966,6118.691515837623,L,0
303.1,311.2,1489,44.5,27,8.099999999999966,6938.783334106216,M,0
303.2,311.2,1439,43.9,30,8.0,6615.366842394658,L,0
303.3,311.3,1350,48.1,32,8.0,6799.9772986951075,L,1
303.3,311.2,1607,31.7,34,7.899999999999977,5334.623293330196,H,0
303.3,311.3,1389,53.9,39,8.0,7840.064378519079,L,0
303.3,311.3,1566,46.1,41,8.0,7559.99139345155,M,0
303.4,311.4,1307,54.0,44,8.0,7390.910876835347,M,1
303.3,311.5,1569,36.6,47,8.199999999999989,6013.573825648511,M,0
303.3,311.4,1651,30.6,50,8.099999999999966,5290.504860498284,H,0
303.3,311.4,1692,27.9,55,8.099999999999966,4943.484535982754,H,0
303.3,311.5,1373,47.3,60,8.199999999999989,6800.804584760553,M,1
303.2,311.4,1610,35.5,63,8.199999999999989,5985.257603864154,L,0
303.3,311.4,1511,43.4,65,8.099999999999966,6867.249269383977,L,0
303.3,311.5,1412,55.6,67,8.199999999999989,8221.254759130154,L,0
303.4,311.5,1501,36.2,69,8.100000000000023,5690.073558132858,L,0
303.4,311.5,1414,44.8,71,8.100000000000023,6633.70327151611,L,0
303.5,311.5,1629,33.5,73,8.0,5714.714116512512,H,0
303.4,311.5,1879,21.3,78,8.100000000000023,4191.167343227607,L,0
303.5,311.6,1466,47.0,80,8.100000000000023,7215.400567254797,H,0
303.6,311.7,1476,40.1,85,8.099999999999966,6198.110978120375,H,0
303.6,311.8,1695,30.7,90,8.199999999999989,5449.249537284175,L,0
303.6,311.7,1491,39.8,92,8.099999999999966,6214.258764359825,L,0
303.6,311.8,1659,34.7,94,8.199999999999989,6028.43355889999,M,0
303.6,311.8,1567,31.7,97,8.199999999999989,5201.838643838468,L,0
303.6,311.8,1736,32.9,99,8.199999999999989,5981.005981806295,L,0
303.6,311.8,1421,44.8,101,8.199999999999989,6666.543386721636,M,1
303.6,311.8,1627,30.8,104,8.199999999999989,5247.674480654343,M,0
303.5,311.6,1562,34.2,107,8.100000000000023,5594.171206394274,M,0
303.5,311.6,2183,17.0,110,8.100000000000023,3886.2548322456937,L,0
303.5,311.6,1577,38.1,112,8.100000000000023,6291.950350683102,L,0
303.4,311.5,1560,36.4,114,8.100000000000023,5946.40657471476,M,0
303.4,311.5,1483,43.0,117,8.100000000000023,6677.874064225583,M,0
303.5,311.5,1535,33.3,120,8.0,5352.802642818968,L,0
303.4,311.4,1606,29.6,122,8.0,4978.125830976339,M,0
303.4,311.5,1817,24.7,125,8.100000000000023,4699.812137794818,M,0
303.4,311.5,1424,50.8,128,8.100000000000023,7575.343309552092,L,0
303.3,311.6,1514,34.7,130,8.300000000000011,5501.536111015422,L,0
303.4,311.6,1449,41.7,132,8.200000000000045,6327.513179521739,L,0
303.5,311.6,1573,34.0,134,8.100000000000023,5600.621943309644,M,0
303.4,311.6,1564,41.9,137,8.200000000000045,6862.453104599496,L,0
303.5,311.6,1428,46.2,139,8.100000000000023,6908.739236362386,L,0
303.5,311.7,1620,31.0,141,8.199999999999989,5259.026102109314,L,0
303.5,311.7,1584,32.7,143,8.199999999999989,5424.148211981994,H,0
303.6,311.8,1222,66.8,148,8.199999999999989,8548.231722515779,L,1
303.6,311.8,1432,42.5,150,8.199999999999989,6373.244296582493,M,0
303.7,311.9,1561,33.3,153,8.199999999999989,5443.46900680157,L,0
303.6,311.8,1614,33.2,155,8.199999999999989,5611.387134135946,L,0
303.5,311.7,1959,22.3,157,8.199999999999989,4574.755806230921,L,0
303.5,311.8,1944,23.5,159,8.300000000000011,4784.017292886538,L,0
303.4,311.7,1793,25.8,161,8.300000000000011,4844.27303998239,L,0
303.4,311.6,1446,50.0,163,8.200000000000045,7571.238295151402,M,0
303.4,311.7,1673,32.2,166,8.300000000000011,5641.316040149143,L,0
303.4,311.7,1515,44.2,168,8.300000000000011,7012.348962077778,M,0
303.4,311.8,1564,35.9,171,8.400000000000034,5879.76292255661,L,0
303.5,311.8,1451,45.2,173,8.300000000000011,6868.06608347391,L,0
303.4,311.8,1693,28.3,175,8.400000000000034,5017.3224353176265,H,0
303.4,311.7,1476,42.3,180,8.300000000000011,6538.156966944933,L,0
303.4,311.6,1712,30.1,182,8.200000000000045,5396.334645022212,L,0
303.4,311.6,1425,45.4,184,8.200000000000045,6774.844557466387,M,0
303.3,311.6,1337,56.8,187,8.300000000000011,7952.585755395153,L,1
303.4,311.7,1690,34.9,189,8.300000000000011,6176.475876712653,M,0
303.4,311.7,1353,44.1,192,8.300000000000011,6248.345044651275,M,1
303.5,311.8,1927,21.9,195,8.300000000000011,4419.309801731298,L,0
303.4,311.8,1391,42.7,197,8.400000000000034,6219.903159160777,M,0
303.4,311.8,1366,50.9,200,8.400000000000034,7281.1017416168725,L,1
303.4,311.9,1771,31.6,202,8.5,5860.494487614592,L,0
303.4,311.8,1515,42.6,204,8.400000000000034,6758.508275667722,M,0
303.4,311.8,2133,18.3,207,8.400000000000034,4087.6204493652876,M,0
303.4,311.8,1341,47.0,210,8.400000000000034,6600.172005926797,M,1
303.4,311.7,1406,47.1,213,8.300000000000011,6934.814455387181,L,0
303.4,311.8,1306,61.0,215,8.400000000000034,8342.604011362815,L,1
303.3,311.7,1508,35.5,217,8.399999999999977,5606.067370575865,L,0
303.3,311.6,1301,45.1,219,8.300000000000011,6144.44210362155,L,1
303.3,311.7,1539,38.5,221,8.399999999999977,6204.802570472521,L,0
303.3,311.6,1484,44.6,223,8.300000000000011,6931.0236002518495,L,0
303.2,311.5,1507,39.2,225,8.300000000000011,6186.256701840831,L,0
303.2,311.5,1544,42.5,227,8.300000000000011,6871.710330952074,L,0
303.2,311.5,1513,37.9,0,8.300000000000011,6004.913501900114,L,0
303.2,311.5,1336,58.2,2,8.300000000000011,8142.505503280171,M,1
303.2,311.4,2102,19.0,5,8.199999999999989,4182.297579968972,M,0
303.2,311.4,1351,53.8,8,8.199999999999989,7611.429737166326,L,1
303.3,311.5,1601,35.2,10,8.199999999999989,5901.50274371945,L,0
303.2,311.3,1393,52.9,12,8.100000000000023,7716.767338841193,L,0
303.3,311.3,1592,33.7,14,8.0,5618.256750071795,L,0
303.3,311.3,1409,51.8,16,8.0,7643.096991114511,L,0
303.3,311.3,1393,47.4,18,8.0,6914.45693499192,L,0
303.2,311.2,1475,43.1,20,8.0,6657.296632344572,H,0
303.2,311.2,1427,45.6,25,8.0,6814.240129342405,L,0
303.3,311.2,1763,27.3,27,7.899999999999977,5040.151341933713,L,0
303.2,311.2,1363,46.7,29,8.0,6665.632324852096,L,1
303.2,311.2,1404,50.9,31,8.0,7483.650691969318,L,0
303.2,311.2,1688,31.9,33,8.0,5638.865597879343,M,0
303.3,311.4,1510,37.3,36,8.099999999999966,5898.130767604596,L,0
303.3,311.3,1502,39.5,38,8.0,6212.918351494293,H,0
303.2,311.4,1607,36.6,43,8.199999999999989,6159.218061068933,H,0
303.3,311.5,1384,54.8,48,8.199999999999989,7942.281331491379,M,0
303.4,311.7,1295,51.3,51,8.300000000000011,6956.899851741916,L,1
303.4,311.7,1991,19.0,53,8.300000000000011,3961.4436164216095,H,0
303.4,311.6,1497,42.8,58,8.200000000000045,6709.562262124792,L,0
303.5,311.6,1465,48.7,60,8.100000000000023,7471.283288889686,L,0
303.5,311.6,1361,46.5,62,8.100000000000023,6627.346782380349,L,1
303.6,311.7,1546,38.5,64,8.099999999999966,6233.024544477268,L,0
303.7,311.9,1332,52.7,66,8.199999999999989,7350.949818281685,H,1
303.7,312.0,2663,11.4,71,8.300000000000011,3179.103269873655,M,1
303.7,312.1,1443,45.9,74,8.400000000000034,6935.97684466901,L,0
303.7,312.0,1402,48.6,76,8.300000000000011,7135.310898539282,M,0
303.7,312.0,1892,22.5,79,8.300000000000011,4457.919975443917,L,0
303.6,312.0,1645,35.7,81,8.399999999999977,6149.8246990347,M,0
303.6,311.9,1473,50.1,84,8.299999999999955,7728.035184492069,L,0
303.6,312.0,1309,52.9,86,8.399999999999977,7251.434634991472,L,1
303.6,311.9,1544,37.1,88,8.299999999999955,5998.5989006663995,H,0
303.5,311.9,1344,49.3,93,8.399999999999977,6938.64719842456,L,1
303.6,311.9,1617,36.0,95,8.299999999999955,6095.946385025634,M,0
303.6,312.0,1435,37.9,98,8.399999999999977,5695.340961815376,M,0
303.6,312.0,1391,50.3,101,8.399999999999977,7326.958522383771,L,0
303.6,312.0,1827,23.3,103,8.399999999999977,4457.825727664309,L,0
303.5,312.0,1761,25.8,105,8.5,4757.8164101555985,L,0
303.5,312.1,1522,36.4,107,8.600000000000023,5801.558209433247,L,0
303.5,312.2,1818,23.6,109,8.699999999999989,4492.98014945798,M,0
303.6,312.2,1371,54.6,112,8.599999999999966,7838.964821090324,H,1
303.7,312.3,1511,38.9,117,8.600000000000023,6155.20729444785,L,0
303.7,312.4,1404,46.6,119,8.699999999999989,6851.436586360908,L,0
303.7,312.3,1384,45.9,121,8.600000000000023,6652.385275829458,L,0
303.8,312.5,1368,52.6,123,8.699999999999989,7535.298475194334,L,0
303.7,312.5,1641,36.0,125,8.800000000000011,6186.42425344902,L,0
303.9,312.6,1642,32.3,127,8.700000000000045,5553.979764379346,L,0
303.9,312.7,1401,50.0,129,8.800000000000011,7335.618846132166,H,0
303.8,312.6,1577,41.3,134,8.800000000000011,6820.408122918952,L,0
303.7,312.6,1396,44.1,136,8.900000000000034,6446.925116284687,L,0
303.7,312.6,1514,35.5,138,8.900000000000034,5628.372678416354,H,0
303.8,312.8,1646,35.8,143,9.0,6170.800065985167,L,0
303.8,312.8,1443,40.7,145,9.0,6150.2016901531315,L,0
303.7,312.7,1469,48.5,147,9.0,7460.91603313284,M,0
303.7,312.7,1564,40.2,150,9.0,6584.024219687346,H,0
303.6,312.6,1498,40.2,155,9.0,6306.181765403864,H,0
303.6,312.6,1699,27.9,160,9.0,4963.936304157624,L,0
303.6,312.5,1431,49.0,162,8.899999999999977,7342.844509235424,L,0
303.5,312.4,1390,47.3,164,8.899999999999977,6885.00973985227,L,0
303.5,312.5,1380,46.1,166,9.0,6662.061381202517,L,0
303.5,312.5,1457,46.4,168,9.0,7079.558100913575,L,0
303.5,312.5,1418,42.2,170,9.0,6266.3882584583935,L,0
303.5,312.5,1353,51.0,172,9.0,7225.977262521883,M,0
303.5,312.4,1574,32.7,175,8.899999999999977,5389.904852057864,L,0
303.5,312.4,1318,54.2,177,8.899999999999977,7480.718538825967,M,0
303.6,312.5,1710,31.4,180,8.899999999999977,5622.822531395012,L,0
303.7,312.6,1621,38.8,182,8.900000000000034,6586.328054299977,L,0
303.6,312.6,1606,33.6,184,9.0,5650.845537865033,L,0
303.6,312.5,1375,54.0,186,8.899999999999977,7775.441817634736,H,0
303.5,312.4,1503,36.5,191,8.899999999999977,5744.873405986975,L,0
303.5,312.3,1404,48.6,193,8.800000000000011,7145.489658736913,L,0
303.4,312.2,1656,32.7,195,8.800000000000011,5670.700403435721,L,0
303.4,312.1,1499,39.4,197,8.700000000000045,6184.811569220177,M,0
303.4,312.0,1748,28.4,200,8.600000000000023,5198.623747356294,M,0
303.4,311.9,1531,37.9,203,8.5,6076.353318842746,L,0
303.3,311.8,1536,40.6,205,8.5,6530.491480870175,M,0
303.4,311.8,1401,53.0,208,8.400000000000034,7775.755976900096,L,1
303.4,311.9,1534,33.2,210,8.5,5333.251464538129,H,0
303.4,312.0,1521,35.9,215,8.600000000000023,5718.107036578389,L,1
303.5,312.1,1674,30.8,0,8.600000000000023,5399.266798165562,L,0
303.6,312.1,1967,20.9,2,8.5,4305.060548895748,M,0
303.6,312.2,1696,30.7,5,8.599999999999966,5452.464433766349,L,0
303.6,312.1,1627,32.5,7,8.5,5537.31885133981,M,0
303.5,311.9,1405,45.6,10,8.399999999999977,6709.185271006363,L,0
303.5,311.9,1565,38.9,12,8.399999999999977,6375.181612052206,L,0
303.5,311.9,1493,38.7,14,8.399999999999977,6050.613203034335,L,0
303.4,311.8,1499,45.0,16,8.400000000000034,7063.87108159665,L,0
303.3,311.8,1692,30.6,18,8.5,5421.886265271408,L,0
303.4,311.8,2268,15.8,20,8.400000000000034,3752.569592859936,L,0
303.4,311.8,1438,58.9,22,8.400000000000034,8869.574763075967,L,0
303.5,311.9,1515,39.2,24,8.399999999999977,6219.096817046355,L,0
303.4,311.9,1491,38.2,26,8.5,5964.439316546366,L,0
303.5,312.0,1756,29.7,28,8.5,5461.470332706639,L,0
303.5,312.0,1366,54.5,30,8.5,7796.0716093933115,L,1
303.5,312.0,1436,45.1,32,8.5,6782.028332667597,L,0
303.4,311.9,1377,41.6,34,8.5,5998.682676470495,L,1
303.4,311.9,1510,42.2,36,8.5,6672.95223573496,M,0
303.4,311.9,1419,50.9,39,8.5,7563.604225003178,M,0
303.3,311.8,1315,62.0,42,8.5,8537.801634905862,L,1
303.3,311.8,1806,27.7,44,8.5,5238.731413567123,H,0
303.3,311.8,1649,29.4,49,8.5,5076.876560054177,H,0
303.4,311.9,1402,50.0,54,8.5,7340.85483388815,H,0
303.4,311.9,1298,63.9,59,8.5,8685.686873085844,L,1
303.3,311.8,1441,44.9,61,8.5,6775.462404021595,M,0
303.3,311.8,1489,49.4,64,8.5,7702.829139434765,M,0
303.3,311.8,1842,24.5,67,8.5,4725.897828795126,L,0
303.4,311.8,1316,50.9,69,8.400000000000034,7014.589964837338,M,1
303.3,311.8,1583,33.3,72,8.5,5520.186699402233,M,0
303.3,311.8,1548,33.5,75,8.5,5430.5570609953165,M,0
303.4,311.9,1434,44.6,78,8.5,6697.4985463350085,L,0
303.5,312.0,1397,52.9,80,8.5,7738.926039024512,H,0
303.5,312.0,1475,42.9,85,8.5,6626.404304584271,M,0
303.5,312.0,1441,56.8,88,8.5,8571.186292838009,L,0
303.7,312.1,1363,51.8,90,8.400000000000034,7393.570758615386,L,1
303.7,312.2,1619,34.9,92,8.5,5916.990795501648,L,0
303.7,312.2,1487,34.0,94,8.5,5294.421379339759,L,0
303.7,312.2,1568,33.8,96,8.5,5549.979469733776,L,0
303.7,312.3,1375,46.2,98,8.600000000000023,6652.322443976386,L,0
303.6,312.3,1698,31.3,100,8.699999999999989,5565.582713246606,M,0
303.7,312.3,1606,37.4,103,8.600000000000023,6289.929259409292,L,0
303.7,312.3,1349,51.0,105,8.600000000000023,7204.614432477472,L,0
303.7,312.4,1535,38.6,107,8.699999999999989,6204.750210594961,L,0
303.6,312.4,1504,49.5,109,8.799999999999955,7796.176329148431,M,0
303.5,312.3,1946,21.1,112,8.800000000000011,4299.855977066302,L,0
303.5,312.1,1326,55.7,114,8.600000000000023,7734.412617578855,L,0
303.6,312.3,1915,22.3,116,8.699999999999989,4472.004782507511,M,0
303.6,312.3,1451,43.4,119,8.699999999999989,6594.559027052382,L,0
303.5,312.3,1624,34.8,121,8.800000000000011,5918.2579045385955,M,0
303.6,312.4,1781,28.7,124,8.799999999999955,5352.718867014873,L,0
303.6,312.5,1345,54.1,126,8.899999999999977,7619.880621404483,L,0
303.6,312.4,1418,46.0,128,8.799999999999955,6830.660186945168,L,0
303.7,312.4,1718,26.5,130,8.699999999999989,4767.57629133275,L,0
303.7,312.4,1631,28.5,132,8.699999999999989,4867.740737104705,M,0
303.7,312.4,1513,40.1,135,8.699999999999989,6353.483678791414,L,0
303.7,312.4,1316,59.3,137,8.699999999999989,8172.204025832105,L,0
303.7,312.4,1474,38.8,139,8.699999999999989,5989.048458999486,M,0
303.8,312.5,1619,30.9,142,8.699999999999989,5238.825661346731,L,0
303.7,312.4,1702,31.2,144,8.699999999999989,5560.870324266221,L,0
303.7,312.4,1540,37.4,146,8.699999999999989,6031.439015871924,M,0
303.7,312.4,1546,33.7,149,8.699999999999989,5455.920185685298,M,0
303.7,312.4,1348,51.0,152,8.699999999999989,7199.27372496637,L,0
303.7,312.5,1520,35.6,154,8.800000000000011,5666.59538903503,H,0
303.8,312.6,1527,41.9,159,8.800000000000011,6700.106068237486,M,0
303.8,312.6,1406,47.1,162,8.800000000000011,6934.814455387181,M,0
303.7,312.5,1462,46.2,165,8.800000000000011,7073.233027704348,L,0
303.8,312.6,1684,29.3,167,8.800000000000011,5166.998381310157,M,0
303.8,312.5,1655,28.0,170,8.699999999999989,4852.713452245034,H,0
303.8,312.5,1748,25.1,175,8.699999999999989,4594.558311924049,H,0
303.8,312.5,1372,45.7,180,8.699999999999989,6565.970533904717,L,0
303.7,312.5,1481,33.3,182,8.800000000000011,5164.495579162796,L,0
303.7,312.4,1512,39.2,184,8.699999999999989,6206.781773844284,L,0
303.7,312.5,1632,36.6,186,8.800000000000011,6255.036637003422,L,0
303.7,312.4,1525,43.9,188,8.699999999999989,7010.725805873422,L,0
303.7,312.3,1756,26.4,190,8.600000000000023,4854.640295739235,M,0
303.7,312.3,1922,23.1,193,8.600000000000023,4649.3686317536785,L,0
303.8,312.5,1448,44.3,195,8.699999999999989,6717.395299807743,M,0
303.8,312.5,1447,46.6,198,8.699999999999989,7061.274031669682,H,0
303.8,312.4,1597,33.4,203,8.599999999999966,5585.730794131628,M,0
303.7,312.4,1642,32.3,206,8.699999999999989,5553.979764379346,M,0
303.8,312.5,1525,38.0,209,8.699999999999989,6068.509809184284,H,0
303.6,312.4,1460,53.7,214,8.799999999999955,8210.238240891566,H,0
303.6,312.3,2168,17.7,219,8.699999999999989,4018.4739950597755,L,0
303.6,312.4,1388,41.9,221,8.799999999999955,6090.207742445077,L,0
303.6,312.3,1630,32.4,223,8.699999999999989,5530.459707379471,M,0
303.6,312.3,1616,29.3,226,8.699999999999989,4958.354741209746,L,0
303.6,312.4,2232,16.8,0,8.799999999999955,3926.739489574954,L,0
303.6,312.4,1480,50.7,2,8.799999999999955,7857.751545158791,H,0
303.6,312.4,1363,53.1,7,8.799999999999955,7579.123692711912,L,0
303.6,312.4,1436,45.6,9,8.799999999999955,6857.217116843513,H,0
303.6,312.5,1607,33.7,14,8.899999999999977,5671.192586284783,M,0
303.6,312.5,1459,48.2,17,8.899999999999977,7364.29111508393,M,0
303.5,312.4,1481,43.7,20,8.899999999999977,6777.431135417845,L,0
303.5,312.4,1606,31.7,22,8.899999999999977,5331.303677092903,M,0
303.5,312.3,1681,29.8,25,8.800000000000011,5245.810469013212,L,0
303.5,312.2,1511,37.1,27,8.699999999999989,5870.390504473399,L,0
303.5,312.3,1593,35.2,29,8.800000000000011,5872.013660677754,M,0
303.5,312.3,1532,41.7,32,8.800000000000011,6689.958723966393,M,0
303.5,312.3,1386,49.0,35,8.800000000000011,7111.937449196574,H,0
303.4,312.3,1769,27.9,40,8.900000000000034,5168.453985906319,H,0
303.4,312.2,1561,38.2,45,8.800000000000011,6244.459941736337,M,0
303.3,312.2,1457,40.7,48,8.899999999999977,6209.871006620313,L,0
303.3,312.2,1506,40.0,50,8.899999999999977,6308.318048408305,L,0
303.4,312.2,1337,69.4,52,8.800000000000011,9716.715694091967,L,1
303.4,312.3,1287,54.8,54,8.900000000000034,7385.633001177316,L,0
303.4,312.2,1615,35.7,56,8.800000000000011,6037.669841301545,M,0
303.4,312.2,1972,23.5,59,8.800000000000011,4852.922891755273,M,0
303.4,312.3,1522,42.1,62,8.900000000000034,6710.043972998344,H,0
303.4,312.3,1680,30.6,67,8.900000000000034,5383.43317119147,L,0
303.4,312.3,1502,36.0,69,8.900000000000034,5662.406598830243,L,0
303.5,312.3,1543,33.3,71,8.800000000000011,5380.699985582845,M,0
303.5,312.3,1584,35.2,74,8.800000000000011,5838.8384422558465,L,0
303.5,312.4,1340,44.5,76,8.899999999999977,6244.438997785312,L,0
303.4,312.3,1663,33.9,78,8.900000000000034,5903.649498699403,L,0
303.3,312.1,1693,30.0,80,8.800000000000011,5318.71636252752,M,0
303.3,312.1,1418,44.7,83,8.800000000000011,6637.619790357588,L,0
303.4,312.2,1554,36.8,85,8.800000000000011,5988.629579979006,H,0
303.4,312.2,1580,35.8,90,8.800000000000011,5923.368228588435,L,0
303.4,312.3,1479,42.8,92,8.900000000000034,6628.886162780607,L,0
303.5,312.4,1284,70.6,94,8.899999999999977,9492.887689499204,L,1
303.4,312.3,1540,38.7,96,8.900000000000034,6241.087965621484,L,0
303.5,312.4,1606,30.1,98,8.899999999999977,5062.215794337426,M,0
303.6,312.5,1286,62.4,101,8.899999999999977,8403.383357234265,L,0
303.6,312.6,1502,39.5,103,9.0,6212.918351494293,L,0
303.6,312.7,1699,31.5,105,9.099999999999966,5604.444214371511,M,0
303.5,312.6,1602,34.2,108,9.100000000000023,5737.4278313979685,L,0
303.6,312.6,1436,42.0,110,9.0,6315.85787077692,H,0
303.6,312.7,1765,27.5,115,9.099999999999966,5082.835114120487,M,0
303.6,312.7,1418,44.1,118,9.099999999999966,6548.524222701781,L,0
303.7,312.7,1669,31.7,120,9.0,5540.439500042376,M,0
303.7,312.7,1395,53.9,123,9.0,7873.930747324777,L,0
303.8,312.7,1500,41.7,125,8.899999999999977,6550.220682734719,M,0
303.8,312.7,1555,33.4,128,8.899999999999977,5438.829921649769,M,0
303.8,312.7,1919,20.2,131,8.899999999999977,4059.3356435074675,M,0
303.8,312.7,1596,36.6,134,8.899999999999977,6117.057887657758,L,0
303.8,312.7,1374,53.6,136,8.899999999999977,7712.232973444512,M,0
303.7,312.5,1670,26.1,139,8.800000000000011,4564.41996640061,L,0
303.7,312.6,1702,29.1,141,8.900000000000034,5186.580975517533,L,0
303.8,312.5,1366,45.1,143,8.699999999999989,6451.4280657548325,M,0
303.8,312.5,2344,15.2,146,8.699999999999989,3731.0392112073337,M,0
303.8,312.6,1768,23.9,149,8.800000000000011,4424.954196532247,M,0
303.8,312.5,1523,47.0,152,8.699999999999989,7495.944791220366,L,0
303.8,312.6,1735,25.9,154,8.800000000000011,4705.739275934591,L,0
303.9,312.7,1339,62.3,156,8.800000000000011,8735.690556155483,L,0
303.9,312.7,1800,24.3,158,8.800000000000011,4580.442088933918,L,0
304.0,312.7,1456,51.2,160,8.699999999999989,7806.564528856302,M,0
303.9,312.7,1789,24.4,163,8.800000000000011,4571.18486258134,L,0
303.9,312.7,1602,33.9,165,8.800000000000011,5687.099517087459,L,0
303.8,312.7,1364,49.3,167,8.899999999999977,7041.900876972544,M,0
303.8,312.6,1793,28.1,170,8.800000000000011,5276.126838120355,L,0
303.9,312.6,1426,53.4,172,8.700000000000045,7974.241800753899,L,0
303.9,312.7,1485,43.3,174,8.800000000000011,6733.532614071683,M,0
303.9,312.7,1528,38.4,177,8.800000000000011,6144.452575597061,L,0
303.8,312.6,1565,36.0,179,8.800000000000011,5899.911003441631,L,0
303.8,312.7,1838,27.8,181,8.899999999999977,5350.802495496183,L,0
303.8,312.6,1811,24.9,183,8.800000000000011,4722.222165390425,H,0
303.8,312.7,1461,38.2,188,8.899999999999977,5844.430477179236,L,0
303.8,312.7,1414,41.7,190,8.899999999999977,6174.674696924594,L,0
303.7,312.7,1426,45.5,192,9.0,6794.531871428884,L,0
303.7,312.7,1359,56.8,194,9.0,8083.443561392681,L,1
303.7,312.7,1540,44.8,196,9.0,7224.825345215567,L,0
303.6,312.7,1429,47.7,198,9.099999999999966,7138.044084147906,L,0
303.7,312.7,1612,36.3,200,9.0,6127.739302679963,M,0
303.7,312.8,1685,31.8,203,9.100000000000023,5611.19863857673,M,0
303.7,312.8,1558,37.7,206,9.100000000000023,6150.882368561409,M,0
303.7,313.0,1811,24.3,209,9.300000000000011,4608.4336794774035,L,0
303.8,313.1,1869,25.8,211,9.300000000000011,5049.607535821018,L,0
303.8,313.1,1256,58.7,213,9.300000000000011,7720.69432965818,L,1
303.8,313.0,1789,23.5,215,9.199999999999989,4402.575584863176,M,0
303.7,312.9,1502,40.5,0,9.199999999999989,6370.207423684023,L,0
303.7,313.0,1303,54.4,2,9.300000000000011,7422.871346097867,M,0
303.8,313.1,2497,13.0,5,9.300000000000011,3399.307970939276,L,1
303.9,313.2,1499,37.4,7,9.300000000000011,5870.861743371437,L,0
303.9,313.2,1393,46.5,9,9.300000000000011,6783.169777998402,L,0
303.9,313.0,1475,41.0,11,9.100000000000023,6332.927190861425,M,0
303.8,312.9,1573,34.6,14,9.099999999999966,5699.4564481915795,L,0
303.8,312.9,1819,23.7,16,9.099999999999966,4514.500059135068,L,0
303.5,312.6,1642,29.4,18,9.100000000000023,5055.325234450551,M,0
303.6,312.6,1540,39.8,21,9.0,6418.483230794186,L,0
303.6,312.8,1400,43.2,23,9.199999999999989,6333.450789637022,M,0
303.6,312.8,2659,11.4,26,9.199999999999989,3174.328049040199,M,1
303.6,312.8,1825,25.2,29,9.199999999999989,4816.061537953153,M,0
303.7,312.9,1532,41.3,32,9.199999999999989,6625.786458029064,M,0
303.7,312.8,1832,23.6,35,9.100000000000023,4527.579556549514,L,0
303.6,312.7,2174,17.6,37,9.099999999999966,4006.82915829047,M,0
303.7,312.8,1627,31.7,40,9.100000000000023,5401.0156180760605,L,0
303.7,312.8,1437,51.3,42,9.100000000000023,7719.741379886591,L,0
303.7,312.8,1364,46.3,44,9.100000000000023,6613.387639022896,L,0
303.7,312.9,1444,52.7,46,9.199999999999989,7969.047700899964,M,0
303.7,312.8,1366,47.3,49,9.100000000000023,6766.131873840433,M,0
303.8,312.9,1442,48.3,52,9.099999999999966,7293.584336427135,L,0
303.7,312.8,1488,42.8,54,9.100000000000023,6669.224212452699,H,0
303.7,312.8,1523,40.7,59,9.100000000000023,6491.169212822743,L,0
303.7,312.8,1543,38.3,61,9.100000000000023,6188.61289633102,L,0
303.7,312.8,1634,33.8,63,9.100000000000023,5783.588299454713,M,0
303.8,312.9,1815,27.8,66,9.099999999999966,5283.844684072674,M,0
303.8,312.9,1594,35.2,69,9.099999999999966,5875.6997960579665,M,0
303.8,313.0,1452,38.6,72,9.199999999999989,5869.249059142596,L,0
303.9,313.0,1759,28.4,74,9.100000000000023,5231.338198855676,L,0
303.9,313.0,1408,47.5,76,9.100000000000023,7003.657222402844,L,0
303.9,313.0,1483,45.0,78,9.100000000000023,6988.472857910494,L,0
303.9,313.0,1620,36.6,80,9.100000000000023,6209.043720554867,M,0
304.0,313.1,1466,39.5,83,9.100000000000023,6064.006859714138,M,0
304.1,313.1,1556,36.3,86,9.0,5914.864984472719,L,0
304.0,313.0,1350,61.1,88,9.0,8637.809001045136,L,0
304.0,313.1,1404,47.1,90,9.100000000000023,6924.94985445491,L,0
304.0,313.0,1575,34.5,92,9.0,5690.209693814513,M,0
303.9,313.1,1639,29.0,95,9.200000000000045,4977.434680592549,L,0
303.9,313.1,1473,42.8,97,9.200000000000045,6601.994129665878,M,0
303.9,313.2,1481,40.0,100,9.300000000000011,6203.598293288645,L,0
304.0,313.3,1294,54.6,102,9.300000000000011,7398.70202661625,L,0
303.9,313.2,1630,29.3,104,9.300000000000011,5001.310784759831,M,0
303.9,313.2,1624,39.8,107,9.300000000000011,6768.582316110233,M,0
303.9,313.1,1437,48.3,110,9.200000000000045,7268.294515565738,M,0
303.8,313.0,1514,45.0,113,9.199999999999989,7134.556916302419,M,0
304.0,313.1,1694,31.4,116,9.100000000000023,5570.211326422895,M,0
304.0,313.1,1564,50.9,119,9.100000000000023,8336.488377663827,L,0
303.9,313.1,1514,41.1,121,9.200000000000045,6516.228650222877,M,0
304.0,313.2,1500,40.6,124,9.199999999999989,6377.43308678728,M,0
304.0,313.2,1615,37.8,127,9.199999999999989,6392.82689078987,L,0
304.1,313.2,1586,41.1,129,9.099999999999966,6826.115349572975,M,0
304.1,313.3,1732,28.5,132,9.199999999999989,5169.176552216646,L,0
304.1,313.3,1689,32.5,134,9.199999999999989,5748.329157905923,H,0
304.1,313.2,1586,34.6,139,9.099999999999966,5746.559394044402,H,0
304.0,313.2,1314,47.1,144,9.199999999999989,6481.042812502672,L,0
304.1,313.2,1569,35.8,146,9.099999999999966,5882.129589022313,L,0
304.1,313.2,1468,39.4,148,9.099999999999966,6056.906860317026,L,0
304.1,313.2,1412,47.5,150,9.099999999999966,7023.553975875581,L,0
304.1,313.2,1510,46.9,152,9.099999999999966,7416.148337819184,M,0
304.1,313.2,1410,42.4,155,9.099999999999966,6260.56584007374,M,0
304.1,313.3,1680,29.3,158,9.199999999999989,5154.725226010132,M,0
304.0,313.2,1271,68.6,161,9.199999999999989,9130.578280736207,H,1
304.0,313.1,1472,45.5,166,9.100000000000023,7013.710318894332,H,0
304.0,313.0,1701,30.4,171,9.0,5415.100425139654,H,0
303.9,313.0,1480,39.9,176,9.100000000000023,6183.910979326149,L,0
303.9,313.0,1433,48.4,178,9.100000000000023,7263.068999785266,L,0
303.8,312.9,1514,34.3,180,9.099999999999966,5438.117827314955,L,0
303.8,312.9,1619,35.7,182,9.099999999999966,6052.623822332632,L,0
303.8,312.9,1378,45.6,184,9.099999999999966,6580.254308503037,H,0
303.9,312.9,1430,53.5,189,9.0,8011.584865429572,M,0
303.8,312.9,1367,49.9,192,9.099999999999966,7143.280071903888,L,0
303.9,312.9,1526,42.5,194,9.0,6791.599718285535,L,0
303.9,312.8,1419,47.9,196,8.900000000000034,7117.812227458787,L,0
304.0,312.8,1542,42.7,198,8.800000000000011,6895.104724245807,L,0
304.0,312.9,1363,62.5,200,8.899999999999977,8920.814139256017,L,1
304.0,312.9,1313,53.9,202,8.899999999999977,7411.090373646905,L,0
304.0,312.9,1495,46.6,0,8.899999999999977,7295.511179921337,H,0
304.0,313.0,1407,42.1,5,9.0,6203.0432785865105,L,0
304.1,313.0,1566,37.2,7,8.899999999999977,6100.470278446804,L,0
304.1,313.1,1550,30.9,9,9.0,5015.552671456105,L,0
304.2,313.2,1396,50.5,11,9.0,7382.533296425775,M,0
304.3,313.3,1540,39.0,14,9.0,6289.468492486766,M,0
304.2,313.2,1380,48.7,17,9.0,7037.795862571856,M,0
304.2,313.1,1608,31.1,20,8.900000000000034,5236.909289828042,M,0
304.2,313.0,1442,40.9,23,8.800000000000011,6176.1407734962695,H,0
304.1,313.0,1408,45.3,28,8.899999999999977,6679.277308944186,L,0
304.0,313.0,1454,46.8,30,9.0,7125.886120578512,M,0
304.1,313.1,1666,34.6,33,9.0,6036.423676215621,L,0
304.1,313.2,1366,46.6,35,9.099999999999966,6665.998843995016,L,0
304.2,313.2,1464,44.9,37,9.0,6883.606495133667,L,0
304.3,313.3,1775,24.9,39,9.0,4628.351376901162,L,0
304.3,313.4,1482,43.8,41,9.099999999999966,6797.526856425307,M,0
304.2,313.4,1411,54.8,44,9.199999999999989,8097.224681166428,M,0
304.2,313.3,1410,51.6,47,9.100000000000023,7618.990503485967,L,0
304.1,313.3,1494,39.0,49,9.199999999999989,6101.601251802096,M,0
304.1,313.2,1590,43.4,52,9.099999999999966,7226.291421787241,H,0
304.1,313.1,1327,54.1,57,9.0,7517.904523868959,L,0
304.1,313.1,1969,20.8,59,9.0,4288.818514876691,L,0
304.0,313.0,1377,56.0,61,9.0,8075.149756787205,M,0
304.0,313.0,1541,45.9,64,9.0,7407.027247148262,L,0
304.0,313.0,1685,28.2,66,9.0,4975.9686040208735,M,0
304.0,313.1,1465,41.0,69,9.100000000000023,6289.992091262364,L,0
303.9,313.1,1483,47.2,71,9.200000000000045,7330.131530963897,M,0
303.9,313.2,1570,40.7,74,9.300000000000011,6691.487632391141,M,0
303.9,313.2,1345,48.2,77,9.300000000000011,6788.877004652423,L,0
303.9,313.2,1608,40.6,79,9.300000000000011,6836.608269035965,M,0
304.0,313.3,1415,52.8,82,9.300000000000011,7823.82234450002,M,0
304.1,313.5,1470,45.8,85,9.399999999999977,7050.3622331862125,M,0
304.1,313.5,1428,39.9,88,9.399999999999977,5966.638431403878,M,0
304.2,313.5,1627,32.2,91,9.300000000000011,5486.205138865905,H,0
304.2,313.4,1457,49.4,96,9.199999999999989,7537.288150541607,L,0
304.2,313.4,1475,40.2,98,9.199999999999989,6209.357879820227,L,0
304.2,313.5,1438,50.1,100,9.300000000000011,7544.409093889744,L,0
304.2,313.5,1437,47.2,102,9.300000000000011,7102.763998648093,M,0
304.1,313.4,1518,42.4,105,9.299999999999955,6740.0985427176865,M,0
304.1,313.5,1587,33.6,108,9.399999999999977,5583.992446196642,M,0
304.1,313.4,1399,43.7,111,9.299999999999955,6402.178364922057,L,0
304.1,313.5,1469,44.6,113,9.399999999999977,6860.966084076797,L,0
304.1,313.4,1374,56.6,115,9.299999999999955,8143.88780404775,L,0
304.0,313.3,1519,36.7,117,9.300000000000011,5837.84360458221,L,0
303.9,313.2,1540,44.4,119,9.300000000000011,7160.317976061856,L,0
303.9,313.3,1394,51.6,121,9.400000000000034,7532.533873659176,L,0
304.0,313.4,1389,45.8,123,9.399999999999977,6661.872885643299,M,0
304.0,313.5,1732,26.2,126,9.5,4752.014935721969,M,0
304.1,313.6,1556,37.4,129,9.5,6094.103317335529,L,0
304.1,313.6,1441,43.7,131,9.5,6594.38100346868,M,0
304.1,313.6,1382,46.7,134,9.5,6758.55016356977,L,0
304.2,313.8,1481,44.9,136,9.600000000000023,6963.539084216504,M,0
304.2,313.7,2113,18.4,139,9.5,4071.4203032482756,M,0
304.2,313.8,1401,53.9,142,9.600000000000023,7907.797116130475,L,0
304.1,313.6,1611,31.4,144,9.5,5297.2907006300375,L,0
304.2,313.6,1512,33.4,146,9.400000000000034,5288.431409346915,M,0
304.2,313.6,1411,46.0,149,9.400000000000034,6796.940425796637,L,0
304.2,313.6,1424,43.7,151,9.400000000000034,6516.584697390285,M,0
304.2,313.6,1469,40.0,154,9.400000000000034,6153.332810831208,L,0
304.2,313.5,1684,29.8,156,9.300000000000011,5255.17241512091,H,0
304.2,313.5,1532,41.3,161,9.300000000000011,6625.786458029064,M,0
304.2,313.5,1557,37.3,164,9.300000000000011,6081.714970304873,M,0
304.3,313.5,1416,48.1,167,9.199999999999989,7132.42063329798,M,0
304.3,313.5,1802,25.4,170,9.199999999999989,4793.106967630923,L,0
304.3,313.5,2245,15.1,172,9.199999999999989,3549.947338678906,M,0
304.2,313.4,1434,42.5,175,9.199999999999989,6382.145475767665,L,0
304.1,313.3,1725,28.3,177,9.199999999999989,5112.1566455539905,M,0
304.2,313.3,1668,35.7,180,9.100000000000023,6235.810089963453,L,0
304.1,313.3,1452,43.9,182,9.199999999999989,6675.130406641449,L,0
304.1,313.3,1415,50.0,184,9.199999999999989,7408.922674715929,L,0
304.1,313.2,1824,25.8,186,9.099999999999966,4928.027900127093,L,0
304.1,313.3,1438,45.5,188,9.199999999999989,6851.708857724219,L,0
304.1,313.3,1883,24.5,190,9.199999999999989,4831.088822812824,L,0
304.2,313.4,1735,28.9,192,9.199999999999989,5250.80560133242,L,0
304.3,313.5,1464,36.7,194,9.199999999999989,5626.466778873176,L,0
304.3,313.6,1489,40.3,196,9.300000000000011,6283.886929538887,M,0
304.4,313.6,1510,38.9,199,9.200000000000045,6151.133695973695,M,0
304.3,313.6,1585,32.1,202,9.300000000000011,5327.98406085561,M,0
304.4,313.7,1509,35.0,205,9.300000000000011,5530.77386664483,L,1
304.4,313.6,1568,39.1,0,9.200000000000045,6420.242522680197,L,0
304.3,313.5,1525,42.0,2,9.199999999999989,6707.300315414209,M,0
304.4,313.7,1607,33.5,5,9.300000000000011,5637.535656989324,L,0
304.5,313.7,1670,32.9,7,9.199999999999989,5753.617505539466,L,0
304.4,313.6,1585,38.9,9,9.200000000000045,6456.653581535302,L,0
304.4,313.6,1569,38.4,11,9.200000000000045,6309.323358057453,L,0
304.4,313.6,1507,43.1,13,9.200000000000045,6801.726118605607,L,0
304.3,313.5,1452,41.5,15,9.199999999999989,6310.203004000458,L,0
304.3,313.5,1590,29.8,17,9.199999999999989,4961.831437079719,L,0
304.3,313.6,1409,56.0,19,9.300000000000011,8262.807557961634,L,0
304.3,313.5,2643,12.7,21,9.199999999999989,3515.033772322012,L,0
304.2,313.4,1644,31.7,23,9.199999999999989,5457.449094110045,L,0
304.2,313.4,1568,37.6,25,9.199999999999989,6173.941658638757,L,0
304.2,313.3,1625,37.3,27,9.100000000000023,6347.326157190378,H,0
304.2,313.4,1482,41.4,32,9.199999999999989,6425.059631415702,L,0
304.1,313.3,1397,49.6,34,9.199999999999989,7256.157495947369,H,0
304.1,313.3,1459,50.3,39,9.199999999999989,7685.141972795055,L,0
304.2,313.4,1490,44.0,41,9.199999999999989,6865.427145644895,L,0
304.1,313.2,1434,50.1,43,9.099999999999966,7523.4232549637645,L,0
304.1,313.2,2028,18.9,45,9.099999999999966,4013.8244379324624,M,0
304.2,313.3,1464,45.9,48,9.100000000000023,7036.916216628849,L,0
304.2,313.4,1713,23.5,50,9.199999999999989,4215.546102219464,M,0
304.3,313.4,1624,32.1,53,9.099999999999966,5459.0827222899115,M,0
304.2,313.4,1421,43.4,56,9.199999999999989,6458.213905886585,L,0
304.2,313.5,1546,41.4,58,9.300000000000011,6702.525094580751,H,0
304.2,313.4,1639,32.7,63,9.199999999999989,5612.486691564703,L,0
304.1,313.4,1696,29.6,65,9.299999999999955,5257.099258615112,H,0
304.1,313.3,1470,39.9,70,9.199999999999989,6142.127797033404,L,0
304.1,313.3,1480,38.4,72,9.199999999999989,5951.433122960504,M,0
304.2,313.4,1329,54.5,75,9.199999999999989,7584.904223194518,M,0
304.2,313.4,1740,28.2,78,9.199999999999989,5138.388944211466,L,0
304.2,313.5,1739,28.1,80,9.300000000000011,5117.225081701782,M,0
304.2,313.5,1390,47.8,83,9.300000000000011,6957.789969660434,M,0
304.2,313.4,1740,23.7,86,9.199999999999989,4318.433261624529,L,0
304.0,313.3,1844,27.1,88,9.300000000000011,5233.097490741686,M,0
304.0,313.1,1388,53.2,91,9.100000000000023,7732.67426964387,H,0
304.0,313.2,1517,43.1,96,9.199999999999989,6846.860333062179,H,0
304.0,313.1,1450,42.8,101,9.100000000000023,6498.908002726085,M,0
304.0,313.2,1584,38.7,104,9.199999999999989,6419.40476463924,L,0
304.0,313.1,1720,28.7,106,9.100000000000023,5169.385991726885,L,0
303.9,313.1,1586,31.9,108,9.200000000000045,5298.128458670994,L,0
303.9,313.0,1901,22.5,110,9.100000000000023,4479.125725855647,M,0
304.0,313.0,1397,42.4,113,9.0,6202.844311051783,L,0
304.0,313.0,2012,21.1,115,9.0,4445.68870804594,L,0
304.0,313.0,2354,15.0,117,9.0,3697.6545532751866,L,0
304.0,313.1,1648,35.7,119,9.100000000000023,6161.040184808015,L,0
304.0,313.2,1632,30.6,121,9.199999999999989,5229.620794871714,L,0
304.1,313.2,1427,46.9,123,9.099999999999966,7008.505747064886,M,0
304.1,313.2,1452,48.0,126,9.099999999999966,7298.548052819808,L,0
304.0,313.2,1416,46.0,128,9.199999999999989,6821.02596947416,L,0
303.9,313.1,1310,62.9,130,9.200000000000045,8628.803102104846,L,0
304.0,313.1,1408,39.8,132,9.100000000000023,5868.327525297541,H,0
303.9,313.1,1668,34.4,137,9.200000000000045,6008.735772961982,M,0
303.9,313.0,1551,36.8,140,9.100000000000023,5977.068519013797,L,0
303.9,313.0,1517,36.0,142,9.100000000000023,5718.9552665948595,H,0
303.8,312.9,1570,35.8,147,9.099999999999966,5885.878556255598,H,0
303.8,312.8,1428,53.3,152,9.0,7970.471889569591,L,0
303.8,312.8,1503,40.0,154,9.0,6295.751677793945,L,0
303.8,312.8,1416,58.7,156,9.0,8704.222269742026,L,0
303.7,312.7,1396,47.3,158,9.0,6914.72920635523,M,0
303.7,312.7,1335,51.1,161,9.0,7143.824614630511,L,0
303.7,312.6,1671,30.5,163,8.900000000000034,5337.09467955102,M,0
303.7,312.7,1989,22.4,166,9.0,4665.642081699273,L,0
303.7,312.7,1468,43.3,168,9.0,6656.448402328102,L,0
303.7,312.6,1711,27.6,170,8.900000000000034,4945.243827868765,H,0
303.8,312.7,1488,41.3,175,8.899999999999977,6435.489719025619,M,0
303.8,312.7,1664,29.3,178,8.899999999999977,5105.632604810036,L,0
303.8,312.7,1507,38.5,180,8.899999999999977,6075.7878321651015,M,0
303.7,312.6,1466,42.5,183,8.900000000000034,6524.564342730401,L,0
303.7,312.5,1433,53.6,185,8.800000000000011,8043.398727034923,L,0
303.7,312.5,1397,45.7,187,8.800000000000011,6685.612854128926,L,0
303.7,312.6,1429,43.3,189,8.900000000000034,6479.608151857532,M,0
303.7,312.7,1572,37.2,192,9.0,6123.843727789512,L,0
303.7,312.7,1532,42.7,194,9.0,6850.389388809712,M,0
303.7,312.7,1316,51.8,197,9.0,7138.620042801063,M,0
303.8,312.8,1420,47.9,200,9.0,7122.8283037290175,M,0
303.8,312.9,1589,37.2,203,9.099999999999966,6190.068500927186,L,0
303.8,313.0,1365,59.9,205,9.199999999999989,8562.2536977263,L,1
303.8,313.0,1633,32.9,207,9.199999999999989,5626.142147632305,L,0
303.9,313.0,1626,31.4,209,9.100000000000023,5346.613705291396,L,0
303.9,313.1,1665,29.6,0,9.200000000000045,5161.0084113173125,L,0
303.9,313.2,1350,47.2,2,9.300000000000011,6672.742796224721,M,0
303.9,313.2,1590,31.9,5,9.300000000000011,5311.490699424262,L,0
304.0,313.2,1437,53.9,7,9.199999999999989,8110.995328964665,M,0
303.9,313.0,1403,48.3,10,9.100000000000023,7096.323733708232,L,0
303.9,313.1,1440,41.1,12,9.200000000000045,6197.733987001944,L,0
303.9,313.1,1343,61.4,14,9.200000000000045,8635.211951118168,M,0
303.9,313.1,1790,26.7,17,9.200000000000045,5004.871256433899,H,0
303.8,313.1,2117,18.6,22,9.300000000000011,4123.4660215427475,M,0
303.8,313.1,1458,42.2,25,9.300000000000011,6443.155205100378,L,0
303.6,312.9,1381,57.8,27,9.299999999999955,8358.919349210457,L,0
303.6,312.9,1450,45.3,29,9.299999999999955,6878.5171150348515,L,0
303.7,312.9,1461,50.1,31,9.199999999999989,7665.077667714128,L,0
303.7,312.9,1511,41.0,33,9.199999999999989,6487.493549418043,M,0
303.8,313.1,1394,45.4,36,9.300000000000011,6627.461974110979,L,0
303.8,313.0,1499,42.3,38,9.199999999999989,6640.0388167008505,L,0
303.7,313.0,1457,44.1,40,9.300000000000011,6728.631729532083,L,0
303.7,313.0,1753,29.0,42,9.300000000000011,5323.6381910181435,L,0
303.7,313.0,1694,28.0,44,9.300000000000011,4967.067424835703,L,0
303.7,313.1,1683,28.4,46,9.400000000000034,5005.311079405402,L,0
303.7,313.1,1496,47.4,48,9.400000000000034,7425.719723437122,L,0
303.7,313.1,1721,34.8,50,9.400000000000034,6271.749909920519,L,0
303.6,313.0,1593,31.6,52,9.399999999999977,5271.466809017529,L,0
303.6,313.0,1575,38.3,54,9.399999999999977,6316.9574282056765,L,0
303.5,313.0,1465,41.0,56,9.5,6289.992091262364,L,0
303.6,313.1,1405,38.3,58,9.5,5635.127102621572,L,0
303.5,313.0,1902,21.6,60,9.5,4302.222643532006,M,0
303.4,312.9,1422,39.9,63,9.5,5941.568522028231,M,0
303.5,312.9,1332,52.9,66,9.399999999999977,7378.847161045562,L,0
303.4,312.9,1307,54.3,68,9.5,7431.9714928177655,M,0
303.5,313.0,1322,59.5,71,9.5,8237.151217957318,L,0
303.5,313.0,1547,40.3,73,9.5,6528.65888515558,L,0
303.5,313.1,1897,23.6,75,9.600000000000023,4688.2196609030725,L,0
303.5,313.0,1403,51.9,77,9.5,7625.24227286661,M,0
303.5,313.0,1393,51.6,80,9.5,7527.130334295001,L,0
303.5,313.0,1482,38.5,82,9.5,5974.995067862428,L,0
303.5,312.9,1572,44.7,84,9.399999999999977,7358.4896406503,M,0
303.5,312.9,1544,36.9,87,9.399999999999977,5966.261440285448,L,0
303.5,313.0,1492,46.1,89,9.5,7202.7504208363425,M,0
303.4,312.8,1513,35.8,92,9.400000000000034,5672.187423958419,L,0
303.4,312.8,1449,43.9,94,9.400000000000034,6661.33881489219,L,0
303.5,312.8,1877,22.3,96,9.300000000000011,4383.265262019111,L,0
303.4,312.8,1376,53.4,98,9.400000000000034,7694.640054584408,L,0
303.5,312.9,1883,23.3,100,9.399999999999977,4594.464064144441,M,0
303.4,312.8,1518,38.7,103,9.400000000000034,6151.929566112606,M,0
303.5,312.9,1438,42.8,106,9.399999999999977,6445.123936496628,M,0
303.4,312.9,1389,54.1,109,9.5,7869.15552649132,L,0
303.5,312.9,1504,44.8,111,9.399999999999977,7055.93332415858,L,0
303.5,312.9,1275,64.4,113,9.399999999999977,8598.539092875264,L,0
303.6,313.0,1534,39.7,115,9.399999999999977,6377.412142836257,L,0
303.6,313.0,1396,38.2,117,9.399999999999977,5584.411325217121,M,0
303.6,313.1,1395,44.1,120,9.5,6442.306975083909,L,0
303.6,313.0,1617,30.9,122,9.399999999999977,5232.353980480336,L,0
303.7,313.1,1423,41.2,124,9.400000000000034,6139.467915253365,L,0
303.5,313.0,1606,34.0,126,9.5,5718.117508553903,L,0
303.5,312.9,1501,44.0,128,9.399999999999977,6916.1115071228105,L,0
303.5,312.9,1618,30.4,130,9.399999999999977,5150.8715390217285,M,0
303.6,313.0,1522,35.8,133,9.399999999999977,5705.928129057973,L,0
303.6,312.9,1480,41.4,135,9.299999999999955,6416.388835691793,L,0
303.7,313.0,1469,39.9,137,9.300000000000011,6137.94947880413,M,0
303.8,313.2,1381,52.4,140,9.399999999999977,7577.982247381106,H,0
303.8,313.2,1525,41.9,145,9.399999999999977,6691.330552758461,L,0
303.8,313.2,1732,29.6,147,9.399999999999977,5368.688629670622,M,0
303.8,313.1,1523,39.8,150,9.300000000000011,6347.629844480225,L,0
303.8,313.1,1422,42.4,152,9.300000000000011,6313.847251478622,L,0
303.8,313.2,1506,46.9,154,9.399999999999977,7396.502911758737,H,0
303.8,313.2,1531,39.4,159,9.399999999999977,6316.842236475045,L,0
303.9,313.3,1507,34.3,161,9.400000000000034,5412.974614110726,M,0
303.9,313.3,1526,40.7,164,9.400000000000034,6503.955494922854,L,0
303.8,313.3,1406,52.1,166,9.5,7670.994333878389,L,0
303.9,313.3,1567,35.0,168,9.400000000000034,5743.3549695377405,M,0
303.9,313.4,1464,49.1,171,9.5,7527.507325413431,M,0
303.9,313.4,1442,48.5,174,9.5,7323.785513803646,L,0
303.8,313.2,1336,47.8,176,9.399999999999977,6687.48733774557,L,0
303.8,313.2,1379,50.2,178,9.399999999999977,7249.308823962544,H,0
303.7,313.1,1406,48.6,183,9.400000000000034,7155.668418934542,L,0
303.7,313.1,2130,18.1,185,9.400000000000034,4037.260719128243,M,0
303.7,313.1,1355,49.1,188,9.400000000000034,6967.057667988525,L,0
303.8,313.2,1710,26.5,190,9.399999999999977,4745.375703247383,M,0
303.8,313.1,1309,55.8,193,9.300000000000011,7648.9612974012125,L,0
303.9,313.1,1491,37.2,195,9.200000000000045,5808.302161662953,L,0
303.9,313.2,1481,44.1,197,9.300000000000011,6839.467118350732,L,0
303.9,313.1,1425,49.3,199,9.200000000000045,7356.824596543896,L,0
303.9,313.2,1680,29.1,201,9.300000000000011,5119.539388289927,H,0
304.0,313.2,1612,31.7,206,9.199999999999989,5351.221374516662,H,0
304.0,313.3,1530,34.8,211,9.300000000000011,5575.698641591164,L,0
304.0,313.2,1481,42.6,213,9.199999999999989,6606.8321823524075,L,0
303.9,313.2,1422,48.0,215,9.300000000000011,7147.751605447496,M,1
303.8,313.0,1427,43.0,0,9.199999999999989,6425.708893897444,L,0
303.7,312.9,1460,49.8,2,9.199999999999989,7613.963955240223,H,0
303.6,312.9,1873,23.5,7,9.299999999999955,4609.292381469385,L,0
303.7,312.9,1566,32.6,9,9.199999999999989,5346.111050466822,M,0
303.6,312.8,1701,30.8,12,9.199999999999989,5486.351746523072,L,0
303.6,312.8,1710,27.2,14,9.199999999999989,4870.725250125615,L,0
303.6,312.8,1689,33.1,16,9.199999999999989,5854.452157744187,M,0
303.6,312.7,1637,32.9,19,9.099999999999966,5639.923267406051,L,0
303.5,312.6,1496,39.0,21,9.100000000000023,6109.76939270143,L,0
303.5,312.7,1402,47.0,23,9.199999999999989,6900.403543854861,M,0
303.4,312.7,1363,45.5,26,9.300000000000011,6494.35269337838,L,0
303.4,312.7,1576,49.9,28,9.300000000000011,8235.412870022332,M,0
303.4,312.7,1357,55.3,31,9.300000000000011,7858.39033566502,M,0
303.4,312.7,1399,48.4,34,9.300000000000011,7090.742170760355,M,0
303.4,312.8,1526,30.8,37,9.400000000000034,4921.912266428106,M,0
303.5,312.7,1694,27.3,40,9.199999999999989,4842.89073921481,L,0
303.5,312.7,1420,49.1,42,9.199999999999989,7301.270766452918,M,0
303.5,312.7,2116,16.7,45,9.199999999999989,3700.502930614441,M,0
303.7,312.9,1406,41.9,48,9.199999999999989,6169.187381756324,M,0
303.7,313.0,1456,45.5,51,9.300000000000011,6937.474337167221,L,0
303.6,312.9,1588,31.9,53,9.299999999999955,5304.809579047629,L,0
303.7,312.8,1448,44.5,55,9.100000000000023,6747.722140890397,L,0
303.6,312.7,1403,46.2,57,9.099999999999966,6787.787919199179,H,0
303.5,312.6,1405,51.6,62,9.100000000000023,7591.972806665095,M,0
303.4,312.6,2706,9.8,65,9.200000000000045,2777.0422420672335,M,1
303.3,312.4,1505,38.9,68,9.099999999999966,6130.765703602921,M,0
303.2,312.4,1663,33.7,71,9.199999999999989,5868.819708146605,L,0
303.3,312.6,1482,44.4,73,9.300000000000011,6890.6436626777095,M,0
303.3,312.5,1674,32.7,76,9.199999999999989,5732.338451299152,M,0
303.4,312.7,1594,32.8,79,9.300000000000011,5475.083900872195,M,0
303.5,312.7,1393,49.3,82,9.199999999999989,7191.618710867123,L,0
303.5,312.8,1404,55.8,84,9.300000000000011,8204.080719290529,H,0
303.5,312.8,1375,45.7,89,9.300000000000011,6580.32761233162,M,0
303.5,312.8,1607,38.4,92,9.300000000000011,6462.1304247280605,L,0
303.4,312.8,1360,50.8,94,9.400000000000034,7234.878441707055,L,0
303.5,312.8,1524,39.4,96,9.300000000000011,6287.960528013042,L,0
303.4,312.7,1534,35.5,98,9.300000000000011,5702.723704551312,L,0
303.3,312.7,1262,63.8,100,9.399999999999977,8431.573915312478,L,0
303.3,312.6,1623,34.6,102,9.300000000000011,5880.621624548589,L,0
303.3,312.7,1642,33.6,104,9.399999999999977,5777.514553657773,M,0
303.4,312.8,1622,35.1,107,9.400000000000034,5961.926042423494,M,0
303.5,312.9,1530,34.5,110,9.399999999999977,5527.632273991241,M,0
303.4,312.8,1590,36.3,113,9.400000000000034,6044.110106241402,M,0
303.4,312.7,1589,34.0,116,9.300000000000011,5657.58949009474,L,0
303.4,312.6,1462,37.5,118,9.200000000000045,5741.260574435348,L,0
303.3,312.5,1328,49.8,120,9.199999999999989,6925.578172985628,H,0
303.3,312.6,1692,29.0,125,9.300000000000011,5138.388944211465,H,0
303.3,312.5,1968,20.6,130,9.199999999999989,4245.422648355103,L,0
303.3,312.6,1827,24.2,132,9.300000000000011,4630.0164210075645,H,0
303.3,312.6,1397,47.1,137,9.300000000000011,6890.423751191957,M,0
303.3,312.6,1463,44.0,140,9.300000000000011,6741.02007656274,L,0
303.3,312.7,1643,30.7,142,9.399999999999977,5282.07492021115,L,0
303.2,312.6,1281,57.0,144,9.400000000000034,7646.3223595721975,L,0
303.2,312.5,1518,39.9,146,9.300000000000011,6342.687072038578,L,0
303.2,312.6,1601,35.3,148,9.400000000000034,5918.268376514107,L,0
303.1,312.6,1548,36.4,150,9.5,5900.664985678493,L,0
303.1,312.6,1404,40.6,152,9.5,5969.277369232895,H,0
303.1,312.5,1766,26.7,157,9.399999999999977,4937.7668373532215,M,0
303.1,312.5,1667,30.0,160,9.399999999999977,5237.034953534185,M,0
303.0,312.5,1507,37.9,163,9.5,5981.100229585904,H,0
303.0,312.4,1627,37.1,168,9.399999999999977,6321.062442606368,H,0
302.9,312.3,1435,47.7,173,9.400000000000034,7168.0148780631525,L,0
302.9,312.3,1509,46.8,175,9.400000000000034,7395.4347702565165,H,0
302.9,312.3,1809,25.0,180,9.400000000000034,4735.950925286614,M,0
302.9,312.3,1515,40.8,183,9.400000000000034,6472.937503456409,L,0
302.9,312.3,1530,34.9,185,9.400000000000034,5591.720764124472,L,0
302.8,312.3,1336,57.5,187,9.5,8044.571588292265,H,0
302.9,312.4,2030,19.1,192,9.5,4060.2990652545686,L,0
302.9,312.4,1550,36.9,194,9.5,5989.44639406894,L,0
302.9,312.4,1446,41.7,196,9.5,6314.412738156269,L,0
302.8,312.3,1494,37.5,198,9.5,5866.924280578939,L,0
302.8,312.4,1651,27.0,200,9.599999999999966,4668.092523969073,L,0
302.9,312.4,1698,33.8,202,9.5,6010.11807372956,L,0
302.8,312.3,1504,40.3,204,9.5,6347.190021508723,L,0
302.9,312.4,1421,46.0,206,9.5,6845.111513151681,M,0
302.9,312.3,1754,26.9,209,9.400000000000034,4940.95031790886,H,0
302.9,312.2,1469,42.0,214,9.300000000000011,6460.999451372769,L,0
302.8,312.2,1433,50.0,216,9.399999999999977,7503.170454323622,L,0
302.8,312.3,1432,49.0,218,9.5,7347.975777236286,M,0
302.8,312.3,1366,49.1,221,9.5,7023.616807728654,L,0
302.8,312.3,1483,47.2,223,9.5,7330.131530963897,H,0
302.7,312.2,1572,34.4,228,9.5,5662.909253654817,L,0
302.8,312.2,1481,40.2,230,9.399999999999977,6234.616284755089,L,0
302.8,312.3,1473,42.6,232,9.5,6571.143689807627,L,0
302.8,312.3,1262,70.5,234,9.5,9317.02133275125,M,1
302.8,312.4,1529,36.8,237,9.599999999999966,5892.28740526892,L,0
302.8,312.4,1523,39.7,239,9.599999999999966,6331.681025775501,L,0
302.8,312.3,1416,42.7,241,9.5,6331.691497751013,M,0
302.9,312.4,1923,23.9,244,9.5,4812.888529373026,L,0
302.8,312.4,1411,53.8,246,9.599999999999966,7949.465106692588,H,1
302.7,312.4,1477,46.3,251,9.699999999999989,7161.270925833444,L,1
302.6,312.3,1454,54.8,253,9.699999999999989,8343.986312130395,M,1
302.7,312.3,1421,48.5,0,9.600000000000023,7217.128443214272,L,0
302.7,312.3,1858,25.4,2,9.600000000000023,4942.060347313127,L,0
302.8,312.5,1422,46.1,4,9.699999999999989,6864.8197710652,H,0
302.7,312.4,1444,48.7,9,9.699999999999989,7364.186395328809,L,0
302.7,312.4,1360,47.8,11,9.699999999999989,6807.621840818842,L,0
302.7,312.4,1954,24.8,13,9.699999999999989,5074.635557294617,L,0
302.6,312.4,1628,33.0,15,9.799999999999955,5625.964124048603,L,0
302.7,312.4,1433,44.2,17,9.699999999999989,6632.802681622082,L,0
302.7,312.5,1417,51.5,19,9.800000000000011,7641.976489734731,M,0
302.8,312.6,1462,39.4,22,9.800000000000011,6032.151110206738,L,0
302.9,312.6,1328,59.9,24,9.700000000000045,8330.163304454602,L,0
302.7,312.5,1527,36.4,26,9.800000000000011,5820.617204865024,H,0
302.6,312.3,1534,34.3,31,9.699999999999989,5509.955579327042,L,0
302.6,312.4,1410,50.3,33,9.799999999999955,7427.03919235163,M,0
302.6,312.3,1660,30.3,36,9.699999999999989,5267.1942430086465,L,0
302.6,312.4,1386,45.8,38,9.799999999999955,6647.484391289858,L,0
302.6,312.4,1398,41.6,40,9.799999999999955,6090.16585454303,L,0
302.6,312.3,1321,53.4,42,9.699999999999989,7387.078133797968,L,0
302.6,312.3,1512,34.2,44,9.699999999999989,5415.100425139655,L,0
302.6,312.3,1566,36.6,46,9.699999999999989,6002.075596536371,M,0
302.7,312.4,1422,44.5,49,9.699999999999989,6626.5613842169505,M,0
302.6,312.3,1647,31.8,52,9.699999999999989,5484.655286490133,L,0
302.6,312.2,1377,45.5,54,9.599999999999966,6561.059177389604,L,0
302.5,312.2,1775,27.9,56,9.699999999999989,5185.98407291335,L,0
302.6,312.3,1554,42.0,58,9.699999999999989,6834.8489771499535,L,0
302.7,312.4,1423,51.9,60,9.699999999999989,7733.941378680817,L,0
302.7,312.4,1453,47.3,62,9.699999999999989,7197.064138133344,L,0
302.8,312.4,1590,34.4,64,9.599999999999966,5727.75172602491,L,0
302.8,312.5,1694,28.4,66,9.699999999999989,5038.025530904783,L,0
302.8,312.5,1462,43.4,68,9.699999999999989,6644.552238146509,L,0
302.8,312.4,1392,46.2,70,9.599999999999966,6734.569339647368,L,0
302.9,312.5,1550,45.5,72,9.600000000000023,7385.360729814006,L,0
302.9,312.5,1629,30.4,74,9.600000000000023,5185.889825133742,L,0
303.0,312.5,1524,42.1,76,9.5,6718.861376379418,M,0
302.9,312.5,1679,30.9,79,9.600000000000023,5432.976087338579,M,0
302.9,312.6,1394,46.4,82,9.700000000000045,6773.441312747786,M,0
302.9,312.5,1683,32.1,85,9.600000000000023,5657.411466511036,L,0
303.0,312.5,1626,30.5,87,9.5,5193.366815649287,L,0
303.0,312.5,1698,30.0,89,9.5,5334.424325795469,H,0
303.0,312.6,1392,42.9,94,9.600000000000023,6253.528672529698,M,0
303.1,312.7,1353,51.8,97,9.599999999999966,7339.325925463402,L,0
303.0,312.7,1426,46.8,99,9.699999999999989,6988.661353469709,M,0
303.0,312.7,2024,19.9,102,9.699999999999989,4217.860408807608,L,0
303.0,312.8,1648,32.1,104,9.800000000000011,5539.758821634097,M,0
303.1,312.9,1511,40.1,107,9.799999999999955,6345.085154430817,L,0
303.1,312.8,1465,44.1,109,9.699999999999989,6765.576859138299,L,0
303.0,312.7,1551,41.8,111,9.699999999999989,6789.170219966759,L,0
303.1,312.8,2329,15.1,113,9.699999999999989,3682.773876072683,L,0
303.1,312.8,1435,41.9,115,9.699999999999989,6296.432356202224,H,0
303.0,312.7,1361,48.8,120,9.699999999999989,6955.1510318314195,L,0
303.0,312.7,1553,35.8,122,9.699999999999989,5822.146113289771,M,0
303.0,312.6,1451,42.1,125,9.600000000000023,6397.026152970168,L,0
303.0,312.5,1461,40.2,127,9.5,6150.421601638882,L,0
303.1,312.6,1895,23.5,129,9.5,4663.432494866249,M,0
303.1,312.6,1567,32.9,132,9.5,5398.753671365475,M,0
303.0,312.5,1602,33.7,135,9.5,5653.547307547121,M,0
303.1,312.6,1514,42.1,138,9.5,6674.774359474041,L,0
303.1,312.5,1453,49.1,140,9.399999999999977,7470.948185673303,L,0
303.0,312.4,1526,36.1,142,9.399999999999977,5768.864701884891,M,0
302.9,312.3,1339,52.1,145,9.400000000000034,7305.449084682194,M,0
302.9,312.3,1889,22.8,148,9.400000000000034,4510.196077199651,L,0
302.9,312.4,1561,34.8,150,9.5,5688.6703134142535,L,0
302.9,312.4,1659,33.1,152,9.5,5750.465440910365,M,0
302.9,312.4,1424,49.5,155,9.5,7381.486098874579,L,0
302.9,312.3,1426,44.7,157,9.400000000000034,6675.067574788377,M,0
302.9,312.4,1383,51.4,160,9.5,7444.129456387159,L,0
302.8,312.3,1764,29.9,162,9.5,5523.296876129287,L,0
302.7,312.2,1439,42.5,164,9.5,6404.398423730592,M,0
302.7,312.2,1585,35.5,167,9.5,5892.318821195456,M,0
302.7,312.3,1346,61.2,170,9.600000000000023,8626.310771932998,L,0
302.8,312.3,1386,57.8,172,9.5,8389.18335844004,L,0
302.7,312.2,1369,51.8,174,9.5,7426.117658506577,L,0
302.7,312.1,1378,46.9,176,9.400000000000034,6767.849277824395,M,0
302.7,312.2,1336,46.8,179,9.5,6547.581744905704,L,0
302.6,312.1,1445,42.0,181,9.5,6355.441938212151,M,0
302.7,312.1,1763,26.5,184,9.400000000000034,4892.454599312945,L,0
302.7,312.2,1611,34.1,186,9.5,5752.790219474022,L,0
302.7,312.1,1564,32.1,188,9.400000000000034,5257.392473929448,M,0
302.7,312.1,1478,36.0,191,9.400000000000034,5571.928730406857,H,0
302.6,312.0,1781,28.5,196,9.399999999999977,5315.41769024125,L,0
302.6,312.1,1782,26.8,198,9.5,5001.164177102663,L,0
302.6,312.1,2000,21.9,200,9.5,4586.725274241097,M,0
302.5,312.0,1826,25.3,203,9.5,4837.822303067019,M,0
302.6,312.1,1344,51.0,206,9.5,7177.910894921959,L,0
302.6,312.2,1520,43.0,208,9.599999999999966,6844.483194620963,L,0
302.6,312.1,1611,39.9,210,9.5,6731.270667361098,M,0
302.7,312.2,1450,52.1,213,9.5,7911.0539005146975,L,1
302.6,312.1,1499,35.0,215,9.5,5494.12195235295,L,0
302.6,312.1,1288,68.5,0,9.5,9239.214554697342,L,1
302.7,312.2,1350,58.6,2,9.5,8284.379827516284,M,0
302.9,312.4,1334,50.9,5,9.5,7110.53420447797,M,0
302.8,312.4,1376,57.1,8,9.599999999999966,8227.78927184962,L,0
302.8,312.4,1368,49.5,10,9.599999999999966,7091.2029376828805,L,0
302.9,312.5,1357,55.0,12,9.600000000000023,7815.7589233558065,H,0
302.9,312.5,1924,24.0,17,9.600000000000023,4835.539412405409,M,0
302.9,312.5,1551,40.0,20,9.600000000000023,6496.813607623693,M,0
302.9,312.5,1903,21.2,23,9.600000000000023,4224.771912645506,M,0
302.9,312.3,1417,48.7,26,9.400000000000034,7226.49038932197,H,0
302.7,312.1,1601,35.2,31,9.400000000000034,5901.50274371945,L,0
302.7,312.1,1543,37.5,33,9.400000000000034,6059.346830611313,L,0
302.6,312.1,1439,52.3,35,9.5,7881.177354379057,L,0
302.6,312.0,1657,29.3,37,9.399999999999977,5084.154583034994,H,0
302.8,312.2,1458,51.0,42,9.399999999999977,7786.75155118766,L,0
302.8,312.2,1746,27.4,44,9.399999999999977,5009.834972826571,L,0
302.9,312.2,1677,30.5,46,9.300000000000011,5356.258394737918,L,0
302.8,312.1,1520,39.9,48,9.300000000000011,6351.043708497126,L,0
302.9,312.2,1367,55.1,50,9.300000000000011,7887.6699791964775,L,0
302.8,312.2,1509,36.5,52,9.399999999999977,5767.807032358181,L,0
302.8,312.1,1418,51.4,54,9.300000000000011,7632.5202958474265,L,0
302.8,312.1,1958,20.3,56,9.300000000000011,4162.337994643165,L,0
302.8,312.2,1682,30.9,58,9.399999999999977,5442.683608638173,L,0
302.8,312.2,1452,50.3,60,9.399999999999977,7648.270147017423,M,0
302.7,312.0,1828,24.0,63,9.300000000000011,4594.2650966097135,L,0
302.7,312.0,1484,41.5,65,9.300000000000011,6449.270838799366,H,0
302.6,312.0,1674,32.2,70,9.399999999999977,5644.688016263997,L,0
302.6,311.9,1448,49.5,72,9.299999999999955,7505.893167956734,L,0
302.5,311.8,2023,19.1,74,9.300000000000011,4046.29803399507,M,0
302.5,311.9,1452,47.4,77,9.399999999999977,7207.31620215956,L,0
302.6,312.0,1496,45.0,79,9.399999999999977,7049.733914655496,M,0
302.6,311.9,1397,46.9,82,9.299999999999955,6861.165051611523,L,0
302.6,311.9,1453,39.1,84,9.299999999999955,5949.370143784647,L,0
302.5,311.9,1524,34.8,86,9.399999999999977,5553.833156722179,M,0
302.6,311.9,1633,30.9,89,9.299999999999955,5284.127427411497,L,0
302.6,312.0,1363,45.7,91,9.399999999999977,6522.899298624,M,0
302.5,311.9,1520,44.9,94,9.399999999999977,7146.91384740654,L,0
302.5,311.9,1532,38.8,96,9.399999999999977,6224.709795920768,M,0
302.4,311.8,1384,50.9,99,9.400000000000034,7377.045981257504,L,0
302.4,311.8,1539,39.9,101,9.400000000000034,6430.43175485334,M,0
302.3,311.8,1355,50.1,104,9.5,7108.952936175665,M,0
302.3,311.7,1504,37.3,107,9.399999999999977,5874.694486408817,M,0
302.4,311.8,1476,46.6,110,9.400000000000034,7202.792308738391,L,0
302.4,311.7,1721,26.9,112,9.300000000000011,4847.990591289137,L,0
302.3,311.7,1494,37.1,114,9.399999999999977,5804.3437549194305,M,0
302.3,311.7,1465,43.5,117,9.399999999999977,6673.528194388118,L,0
302.3,311.8,1363,54.0,119,9.5,7707.5834163171985,M,1
302.4,311.8,1648,30.0,122,9.400000000000034,5177.344693115979,L,0
302.3,311.8,1879,23.0,124,9.5,4525.673657006336,M,0
302.3,311.7,1482,39.0,127,9.399999999999977,6052.592406406096,H,0
302.4,311.8,1493,38.4,132,9.400000000000034,6003.709224716239,L,0
302.4,311.8,1433,42.2,134,9.400000000000034,6332.675863449137,L,0
302.3,311.7,1400,41.6,136,9.399999999999977,6098.878538168984,L,0
302.4,311.8,1255,59.0,138,9.400000000000034,7753.974267835207,L,0
302.2,311.7,1471,45.6,140,9.5,7024.349846014491,L,0
302.2,311.6,1357,44.2,142,9.400000000000034,6281.028080224121,H,0
302.3,311.7,1453,41.2,147,9.399999999999977,6268.901532581265,L,0
302.3,311.7,1540,28.9,149,9.399999999999977,4660.657421355578,M,0
302.3,311.8,1605,35.2,152,9.5,5916.247285240299,L,0
302.3,311.9,1374,52.4,154,9.599999999999966,7539.571041203217,H,0
302.3,311.9,1508,42.3,159,9.599999999999966,6679.905627474905,M,0
302.4,311.9,1366,47.3,162,9.5,6766.131873840433,H,0
302.5,312.0,1579,35.7,167,9.5,5903.084012021757,H,0
302.5,311.9,1306,59.7,172,9.399999999999977,8164.8108111206575,L,0
302.5,312.0,1521,40.2,174,9.5,6403.0056509875,M,0
302.5,312.0,1411,44.2,177,9.5,6530.973191743726,L,0
302.5,312.0,1357,42.0,179,9.5,5968.397723289889,H,0
302.5,312.0,1436,43.5,184,9.5,6541.424223304667,M,0
302.5,311.9,1553,40.1,187,9.399999999999977,6521.454166003348,L,0
302.5,312.0,1451,43.2,189,9.5,6564.169354116658,M,0
302.4,311.9,1541,37.9,192,9.5,6116.042106033096,L,0
302.3,311.7,1341,46.3,194,9.399999999999977,6501.871571795972,M,0
302.3,311.7,1648,32.1,197,9.399999999999977,5539.758821634097,L,0
302.3,311.7,1640,31.5,199,9.399999999999977,5409.822549481624,M,0
302.4,311.8,1416,46.1,202,9.400000000000034,6835.854286799104,L,0
302.4,311.9,1671,29.9,204,9.5,5232.102653068049,L,0
302.4,312.0,1457,45.5,206,9.600000000000023,6942.239086025164,L,0
302.5,312.0,1445,54.8,0,9.5,8292.338528905377,M,0
302.5,312.1,1534,38.6,3,9.600000000000023,6200.708028047342,L,0
302.4,312.0,1508,36.9,5,9.600000000000023,5827.151717584491,L,0
302.4,312.1,1492,47.7,7,9.700000000000045,7452.737420257995,M,0
302.4,312.0,1562,37.9,10,9.600000000000023,6199.388559132834,L,0
302.4,312.0,1545,36.4,12,9.600000000000023,5889.229588419426,L,0
302.5,312.2,1738,25.3,14,9.699999999999989,4604.674240268608,L,0
302.4,312.0,1305,49.1,16,9.600000000000023,6709.970669169759,L,0
302.4,312.0,1477,39.7,18,9.600000000000023,6140.441808975977,H,0
302.4,312.0,1457,43.4,23,9.600000000000023,6621.828051285542,H,0
302.4,312.1,1455,40.4,28,9.700000000000045,6155.63664544384,L,0
302.5,312.2,1574,38.7,30,9.699999999999989,6378.878219407931,L,0
302.6,312.2,1695,27.1,32,9.599999999999966,4810.249591544012,L,0
302.6,312.2,1458,38.8,34,9.599999999999966,5924.0384350212,M,0
302.5,312.1,1454,47.6,37,9.600000000000023,7247.696139733701,M,0
302.5,312.0,2052,18.9,40,9.5,4061.325318854741,L,0
302.5,312.0,1673,29.9,42,9.5,5238.364894424204,L,0
302.4,311.9,1578,29.9,44,9.5,4940.908430006811,L,0
302.5,312.0,1642,29.1,46,9.5,5003.740283078607,M,0
302.4,311.8,1557,31.5,49,9.400000000000034,5136.032749721273,M,0
302.5,311.9,1481,42.9,52,9.399999999999977,6653.359169552072,L,0
302.5,311.8,1566,37.6,54,9.300000000000011,6166.066733053759,M,0
302.5,311.9,1298,57.5,57,9.399999999999977,7815.758923355807,M,0
302.5,311.9,1340,59.4,60,9.399999999999977,8335.27362850444,M,0
302.5,312.0,1574,33.8,63,9.5,5571.216636072043,L,0
302.5,311.9,1437,46.7,65,9.399999999999977,7027.522854594617,L,0
302.6,311.9,1354,48.0,67,9.299999999999955,6805.946324736928,L,0
302.6,311.9,1598,35.5,69,9.299999999999955,5940.646988183178,L,0
302.7,312.0,1944,21.4,71,9.300000000000011,4356.509364586038,M,0
302.7,312.0,1538,36.7,74,9.300000000000011,5910.864689827148,M,0
302.7,312.0,1501,37.0,77,9.300000000000011,5815.821040080546,L,0
302.8,312.1,1441,52.1,79,9.300000000000011,7861.95080733909,L,0
302.7,312.0,1652,31.0,81,9.300000000000011,5362.908099188016,M,0
302.8,312.1,1487,36.6,84,9.300000000000011,5699.288896583388,L,0
302.9,312.2,1605,33.9,86,9.300000000000011,5697.749516183128,L,0
302.9,312.1,1334,54.7,88,9.200000000000045,7641.379587130549,L,0
302.9,312.2,1340,57.8,90,9.300000000000011,8110.754473527888,L,0
302.9,312.2,1513,37.8,92,9.300000000000011,5989.069402950509,L,0
302.9,312.2,1510,41.4,94,9.300000000000011,6546.45077155041,L,0
302.9,312.2,1729,23.6,96,9.300000000000011,4273.026775804646,L,0
302.9,312.2,1745,25.5,98,9.300000000000011,4659.767303437061,M,0
303.1,312.3,1623,31.6,101,9.199999999999989,5370.741136870966,M,0
303.1,312.4,1378,50.1,104,9.299999999999955,7229.621510000047,M,0
303.1,312.4,1407,41.2,107,9.299999999999955,6070.436652678485,L,0
303.0,312.3,1674,29.5,109,9.300000000000011,5171.375667074159,M,0
303.0,312.3,1486,42.4,112,9.300000000000011,6598.014778971331,L,0
303.0,312.3,1483,38.8,114,9.300000000000011,6025.61659748727,M,0
303.0,312.2,1624,28.8,117,9.199999999999989,4897.868610652631,H,0
303.0,312.2,1257,71.3,122,9.199999999999989,9385.413804819898,M,1
303.0,312.3,1480,41.4,125,9.300000000000011,6416.388835691793,L,0
303.1,312.4,1404,61.5,127,9.299999999999955,9042.131975562143,L,1
303.0,312.4,1645,29.6,129,9.399999999999977,5099.014316286473,M,0
303.0,312.3,1932,21.9,132,9.300000000000011,4430.7766149169,L,0
303.0,312.3,1533,38.5,134,9.300000000000011,6180.612307039879,L,0
302.9,312.2,1292,54.4,136,9.300000000000011,7360.207044634262,M,0
302.9,312.2,1571,40.6,139,9.300000000000011,6679.298252895211,L,0
302.9,312.3,1578,36.3,141,9.400000000000034,5998.494180911279,L,0
302.8,312.2,1469,36.9,143,9.399999999999977,5676.449517991789,M,0
302.7,312.1,1728,24.4,146,9.400000000000034,4415.319979061239,L,0
302.7,312.1,1603,32.5,148,9.400000000000034,5455.637442346475,H,0
302.7,312.1,1597,39.8,153,9.400000000000034,6656.050467258646,L,0
302.7,312.1,1688,32.0,155,9.400000000000034,5656.542292543542,L,0
302.7,312.2,1405,51.4,157,9.5,7562.5465554764705,L,0
302.8,312.2,1615,32.9,159,9.399999999999977,5564.127108650442,M,0
302.8,312.2,1515,36.8,162,9.399999999999977,5838.3357874312715,L,0
302.7,312.2,1376,52.8,164,9.5,7608.183424757616,L,0
302.7,312.2,1447,47.5,166,9.5,7197.650568762015,L,0
302.6,312.2,1353,56.5,168,9.599999999999966,8005.24932024483,M,0
302.6,312.1,1502,47.3,171,9.5,7439.773114574179,L,0
302.6,312.0,1447,45.5,173,9.399999999999977,6894.591597445719,L,0
302.5,312.0,1487,46.1,175,9.5,7178.612517281262,M,0
302.6,312.1,1519,38.1,178,9.5,6060.540635819678,L,0
302.6,312.1,1668,28.7,180,9.5,5013.102229186305,L,0
302.6,312.1,1420,51.6,182,9.5,7673.02589712771,L,0
302.6,312.1,1473,37.3,184,9.5,5753.607033563954,L,0
302.5,312.0,1495,38.8,186,9.5,6074.374115470984,L,0
302.5,312.0,1574,42.0,188,9.5,6922.813571450468,L,0
302.5,312.0,1383,51.3,190,9.5,7429.64671425411,L,0
302.5,312.0,1591,29.4,192,9.5,4898.308433624133,M,0
302.4,311.8,1644,37.2,195,9.400000000000034,6404.32511990201,M,0
302.5,311.8,2370,14.7,198,9.300000000000011,3648.3315486138267,H,0
302.5,311.9,1401,44.9,203,9.399999999999977,6587.3857238266855,L,0
302.5,311.9,1414,51.6,205,9.399999999999977,7640.604660942663,M,0
302.5,312.0,1456,46.3,208,9.5,7059.4519079306,L,0
302.5,312.0,1447,45.7,210,9.5,6924.897494577349,M,0
302.4,311.8,1727,26.5,213,9.400000000000034,4792.551952928789,L,0
302.4,311.7,1495,36.8,215,9.300000000000011,5761.262047663201,L,0
302.3,311.6,1544,34.3,0,9.300000000000011,5545.874455333085,L,0
302.3,311.5,1387,47.3,2,9.199999999999989,6870.15000660079,L,0
302.3,311.5,1316,47.2,4,9.199999999999989,6504.688533208691,M,0
302.3,311.5,1794,26.1,7,9.199999999999989,4903.334981869877,L,0
302.2,311.4,1372,55.1,9,9.199999999999989,7916.520271731944,M,0
302.3,311.5,1674,30.0,12,9.199999999999989,5259.026102109314,M,0
302.2,311.4,1477,41.7,15,9.199999999999989,6449.783965599452,L,0
302.2,311.4,1397,53.0,17,9.199999999999989,7753.555388814729,L,0
302.2,311.5,1616,34.0,19,9.300000000000011,5753.722225294586,L,0
302.3,311.5,1530,42.3,21,9.199999999999989,6777.35783158926,M,0
302.2,311.4,1539,35.1,24,9.199999999999989,5656.84597983339,M,0
302.3,311.4,1845,21.9,27,9.099999999999966,4231.254065487413,L,0
302.2,311.4,1430,43.1,29,9.199999999999989,6454.192667289992,L,0
302.2,311.4,2080,19.2,31,9.199999999999989,4182.088140458732,L,0
302.2,311.4,1432,45.3,33,9.199999999999989,6793.1286267102805,M,0
302.2,311.5,1479,39.5,36,9.300000000000011,6117.780453968084,M,0
302.2,311.5,1424,45.2,39,9.300000000000011,6740.266094325879,L,0
302.2,311.6,1534,37.2,41,9.400000000000034,5975.811881952362,H,0
302.1,311.6,1701,26.2,46,9.5,4666.961550613781,H,0
302.2,311.6,1462,50.0,51,9.400000000000034,7655.01409924713,L,0
302.2,311.7,1393,42.5,53,9.5,6199.671302471658,M,0
302.3,311.7,1453,42.5,56,9.399999999999977,6466.70667802679,M,0
302.3,311.8,1565,37.8,59,9.5,6194.906553613711,L,0
302.3,311.8,1281,51.7,61,9.5,6935.348526138292,L,0
302.2,311.7,1584,36.2,63,9.5,6004.714534365387,M,0
302.2,311.7,1466,49.0,66,9.5,7522.438889265639,M,0
302.2,311.6,1386,50.5,69,9.400000000000034,7329.649820090346,M,0
302.2,311.6,1383,44.3,72,9.400000000000034,6415.854764940683,L,0
302.3,311.6,1441,53.9,74,9.300000000000011,8133.572908168463,H,0
302.2,311.6,1592,37.7,79,9.400000000000034,6285.112150673789,M,0
302.2,311.6,1594,36.8,82,9.400000000000034,6142.777059515146,H,0
302.2,311.5,1482,45.6,87,9.300000000000011,7076.877275182513,L,0
302.2,311.6,1658,31.4,89,9.400000000000034,5451.836115235631,L,0
302.3,311.7,2170,18.2,91,9.399999999999977,4135.802008695843,L,0
302.3,311.7,1423,44.6,93,9.399999999999977,6646.123034473303,M,0
302.4,311.8,1543,31.1,96,9.400000000000034,5025.218304853649,L,0
302.3,311.8,1435,44.8,98,9.5,6732.223617132688,L,0
302.4,311.8,1320,56.4,100,9.400000000000034,7796.176329148429,L,0
302.4,311.9,1313,55.7,102,9.5,7658.58504289671,M,0
302.4,311.8,1453,42.1,105,9.400000000000034,6405.843556351244,M,0
302.4,311.8,1508,45.7,108,9.400000000000034,7216.824755924425,L,0
302.4,311.8,1451,42.0,110,9.400000000000034,6381.8313165023055,L,0
302.5,311.9,1595,34.6,112,9.399999999999977,5779.169125788665,H,0
302.5,311.9,1354,49.4,117,9.399999999999977,7004.453092541755,L,0
302.5,311.9,1265,59.8,119,9.399999999999977,7921.735315536902,L,0
302.4,311.9,1867,25.9,121,9.5,5063.755174737684,L,0
302.5,311.9,1497,41.6,123,9.399999999999977,6521.443694027836,L,0
302.5,311.9,1347,54.3,125,9.399999999999977,7659.4228009376675,M,0
302.3,311.7,1544,43.2,128,9.399999999999977,6984.891442285403,L,0
302.3,311.7,1456,45.4,130,9.399999999999977,6922.2271408217985,H,0
302.5,311.8,1335,52.7,135,9.300000000000011,7367.5060115661045,L,0
302.4,311.9,1452,43.1,137,9.5,6553.4879390944525,L,0
302.4,311.9,1290,70.0,139,9.5,9456.193887305277,L,1
302.4,311.8,1448,43.4,141,9.400000000000034,6580.924514935803,L,0
302.3,311.7,1611,38.6,143,9.399999999999977,6511.956084213995,L,0
302.2,311.7,1556,38.6,145,9.5,6289.636044094958,L,0
302.2,311.7,1413,46.5,147,9.5,6880.559150259685,H,0
302.2,311.6,1545,35.9,152,9.400000000000034,5808.333577589489,L,0
302.2,311.7,1330,54.6,154,9.5,7604.539177279453,L,0
302.2,311.9,1596,38.0,156,9.699999999999989,6351.043708497126,L,0
302.2,311.8,1618,36.0,158,9.600000000000023,6099.716296209942,L,0
302.2,311.9,1597,35.8,160,9.699999999999989,5987.10067155426,H,0
302.3,312.0,1354,52.2,165,9.699999999999989,7401.46662815141,L,0
302.3,312.0,1746,28.1,167,9.699999999999989,5137.82345753382,L,0
302.4,312.0,1621,32.5,169,9.600000000000023,5516.898499091476,L,0
302.3,312.0,1398,43.3,171,9.699999999999989,6339.042824560413,L,0
302.3,311.9,1434,51.9,173,9.599999999999966,7793.72588687863,L,0
302.3,311.8,1443,43.4,175,9.5,6558.200328074837,M,0
302.2,311.7,1488,44.6,178,9.5,6949.705604565197,L,0
302.3,311.8,1475,48.0,180,9.5,7414.158662471912,M,0
302.3,311.8,1433,50.3,183,9.5,7548.189477049563,L,0
302.3,311.8,1557,34.1,185,9.5,5559.95926239668,M,0
302.4,311.9,1398,50.1,188,9.5,7334.550704629947,M,0
302.3,311.8,1559,34.4,191,9.5,5616.078579165305,M,0
302.4,311.9,1422,46.4,194,9.5,6909.493218599247,M,0
302.3,311.8,1463,35.7,197,9.5,5469.418562120223,M,0
302.3,311.7,1793,25.3,200,9.399999999999977,4750.391779517615,L,0
302.2,311.6,1872,20.4,202,9.400000000000034,3999.121784313663,L,0
302.2,311.7,1412,44.5,204,9.5,6579.961093188703,L,0
302.3,311.8,1487,43.2,206,9.5,6727.029517278753,L,0
302.3,311.8,1369,56.2,208,9.5,8056.90757544536,L,1
302.4,311.8,1673,30.1,210,9.400000000000034,5273.404124487242,L,0
302.4,311.9,1439,36.6,212,9.5,5515.317230789169,M,0
302.3,311.8,1574,42.8,215,9.5,7054.676687097143,L,0
302.3,311.7,1281,48.8,0,9.399999999999977,6546.325107844267,L,0
302.2,311.7,1653,31.4,2,9.5,5435.395113681844,M,0
302.3,311.7,1535,38.3,5,9.399999999999977,6156.526763362357,M,0
302.3,311.7,1483,40.5,8,9.399999999999977,6289.625572119445,M,0
302.3,311.7,1414,47.0,11,9.399999999999977,6959.465485742348,L,0
302.2,311.6,1379,42.9,13,9.400000000000034,6195.126465099464,M,0
302.2,311.5,1482,42.6,16,9.300000000000011,6611.293243920505,H,0
302.1,311.5,1987,20.1,21,9.399999999999977,4182.3708837975555,L,0
302.1,311.5,1635,31.6,23,9.399999999999977,5410.450868012342,M,0
302.1,311.5,1533,39.4,26,9.399999999999977,6325.094153178473,L,0
302.2,311.7,1576,34.0,28,9.5,5611.303358331849,M,0
302.2,311.8,1330,62.4,31,9.600000000000023,8690.901916890803,H,0
302.2,311.8,1981,21.8,36,9.600000000000023,4522.406400646603,L,0
302.3,311.8,1475,42.8,38,9.5,6610.958140704121,H,0
302.3,311.8,1804,25.0,43,9.5,4722.860955896656,H,0
302.2,311.6,1416,54.1,48,9.400000000000034,8022.11967279461,L,0
302.1,311.5,1727,27.7,50,9.399999999999977,5009.573173438773,L,0
302.1,311.4,1391,49.2,52,9.299999999999955,7166.72682507518,L,0
302.0,311.5,1366,52.3,54,9.5,7481.36780130771,M,0
301.9,311.3,1366,55.6,57,9.400000000000034,7953.423513436112,L,0
301.9,311.3,1501,40.8,59,9.400000000000034,6413.121579332061,L,0
301.8,311.3,1551,35.8,61,9.5,5814.648178823205,L,0
301.9,311.3,1522,35.6,63,9.400000000000034,5674.051435599549,M,0
301.9,311.2,1369,49.8,66,9.300000000000011,7139.394968988948,L,0
301.8,311.2,1334,52.3,68,9.399999999999977,7306.1088191394465,L,0
301.8,311.2,1451,39.4,70,9.399999999999977,5986.765568337877,H,0
301.7,311.2,1589,37.9,75,9.5,6306.548284546783,L,0
301.7,311.3,1708,30.5,77,9.600000000000023,5455.270923203557,L,0
301.7,311.2,1413,42.6,79,9.5,6303.4799957217765,M,0
301.6,311.2,1415,46.5,82,9.599999999999966,6890.298087485814,M,0
301.7,311.3,1421,45.9,85,9.600000000000023,6830.230835949177,L,0
301.7,311.3,1348,51.0,87,9.600000000000023,7199.27372496637,L,0
301.6,311.2,1408,42.9,89,9.599999999999966,6325.408312443832,L,0
301.6,311.2,1525,43.7,91,9.599999999999966,6978.786280561927,L,0
301.6,311.3,1706,29.9,93,9.699999999999989,5341.691876800773,L,0
301.6,311.2,1395,46.8,95,9.599999999999966,6836.733932742107,H,0
301.5,311.1,1602,34.3,100,9.600000000000023,5754.203936168136,L,0
301.6,311.1,1907,21.5,102,9.5,4293.56231978361,L,0
301.6,311.1,1325,49.2,104,9.5,6826.680836250621,L,0
301.6,311.1,1408,44.4,106,9.5,6546.576435256554,L,0
301.7,311.1,1489,41.4,108,9.400000000000034,6455.407416449378,M,0
301.6,311.1,1680,29.2,111,9.5,5137.132307150029,L,0
301.7,311.2,1517,42.4,113,9.5,6735.6584251006125,L,0
301.7,311.1,1618,36.7,115,9.400000000000034,6218.3218908584695,M,0
301.7,311.1,1455,39.8,118,9.400000000000034,6064.216299224377,L,0
301.8,311.1,1543,36.4,120,9.300000000000011,5881.605990246714,H,0
301.8,311.1,1399,41.8,125,9.300000000000011,6123.822783838488,M,0
301.7,311.1,1469,37.2,128,9.400000000000034,5722.599514073024,L,0
301.7,311.2,1521,36.7,130,9.5,5845.530034607992,L,0
301.7,311.3,1584,38.8,132,9.600000000000023,6435.992373850193,L,0
301.8,311.5,1443,43.3,134,9.699999999999989,6543.08926741107,L,0
301.8,311.5,1416,49.0,136,9.699999999999989,7265.875489222474,M,0
301.7,311.2,1563,34.5,139,9.5,5646.8557151949735,M,0
301.8,311.3,1542,40.1,142,9.5,6475.262282020067,M,0
301.8,311.3,1624,31.6,145,9.5,5374.050281132748,M,0
301.8,311.3,1471,44.2,148,9.5,6808.689982321063,L,0
301.9,311.5,1492,40.8,150,9.600000000000023,6374.66848525212,M,0
301.9,311.4,1465,39.9,153,9.5,6121.236205887032,M,0
301.7,311.1,1399,55.1,156,9.400000000000034,8072.311851423463,L,0
301.6,311.0,1431,42.6,158,9.399999999999977,6383.779103947532,L,0
301.5,310.9,1600,39.0,160,9.399999999999977,6534.51271946677,L,0
301.5,310.8,1593,34.5,162,9.300000000000011,5755.240661743821,L,0
301.5,310.9,1469,44.7,164,9.399999999999977,6876.349416103875,L,0
301.5,310.8,1413,44.6,166,9.300000000000011,6599.418023689935,L,0
301.4,310.8,1490,38.0,168,9.400000000000034,5929.2325348751365,L,0
301.5,310.9,1671,31.1,170,9.399999999999977,5442.0867060339915,L,0
301.5,310.9,1365,46.5,172,9.399999999999977,6646.824656832605,L,0
301.4,310.9,1557,39.3,174,9.5,6407.8122877474925,M,0
301.4,310.9,1440,45.4,177,9.5,6846.158710702877,L,0
301.4,310.9,1489,38.9,179,9.5,6065.588128016445,M,0
301.4,311.0,1733,25.7,182,9.600000000000023,4664.018925494918,L,0
301.3,311.0,1580,36.6,184,9.699999999999989,6055.733999059686,H,0
301.3,311.0,1856,21.9,189,9.699999999999989,4256.481054495739,L,0
301.3,311.1,1454,40.3,191,9.800000000000011,6136.1797149426075,L,0
301.4,311.1,1495,36.3,193,9.700000000000045,5682.984030711255,L,0
301.2,311.0,1761,29.1,195,9.800000000000011,5366.3743230824775,L,0
301.3,311.0,1402,47.5,197,9.699999999999989,6973.8120921937425,M,0
301.2,311.0,1670,33.0,200,9.800000000000011,5771.105704644449,L,0
301.3,311.0,1582,35.6,202,9.699999999999989,5897.732832535143,L,0
301.3,311.0,1542,35.1,204,9.699999999999989,5667.87297004749,L,0
301.3,311.0,1539,36.9,206,9.699999999999989,5946.940645465871,L,0
301.3,311.0,1418,41.9,208,9.699999999999989,6221.84047463049,L,0
301.3,311.1,1723,27.6,210,9.800000000000011,4979.927010764397,L,0
301.3,311.1,1303,49.2,212,9.800000000000011,6713.332173309101,L,0
301.3,311.0,1463,50.2,214,9.699999999999989,7690.891087351127,M,0
301.2,311.0,1544,39.3,217,9.800000000000011,6354.310964856859,L,0
301.2,311.0,1596,37.2,219,9.800000000000011,6217.337525160345,L,0
301.3,311.1,1413,42.0,221,9.800000000000011,6214.698587331329,L,0
301.3,311.1,1492,41.2,223,9.800000000000011,6437.1652351075345,M,0
301.3,311.1,1624,40.9,0,9.800000000000011,6955.653686655993,L,0
301.3,311.1,1504,39.1,2,9.800000000000011,6158.191807468761,L,0
301.2,311.1,1574,34.3,4,9.900000000000034,5653.631083351215,M,0
301.3,311.2,1438,42.4,7,9.899999999999977,6384.8891333517995,M,0
301.3,311.3,1474,50.7,10,10.0,7825.895795651391,L,0
301.3,311.2,1675,32.1,12,9.899999999999977,5630.519433396307,L,0
301.3,311.2,1457,44.5,14,9.899999999999977,6789.66240281582,L,0
301.3,311.3,1434,49.8,16,10.0,7478.372816311286,L,0
301.3,311.2,1668,30.1,18,9.899999999999977,5257.643801341735,L,0
301.2,311.1,1550,39.7,20,9.900000000000034,6443.930131288264,L,0
301.3,311.1,1834,25.4,22,9.800000000000011,4878.223184592182,M,0
301.4,311.2,1476,36.5,25,9.800000000000011,5641.6720873165505,M,0
301.4,311.2,1541,36.3,28,9.800000000000011,5857.845077810063,M,0
301.3,311.1,1581,30.9,31,9.800000000000011,5115.863724885227,M,0
301.3,311.1,1678,30.7,34,9.800000000000011,5394.596297087225,M,0
301.4,311.2,1355,50.6,37,9.800000000000011,7179.900570269234,L,0
301.5,311.2,1700,28.8,39,9.699999999999989,5127.079210658542,L,0
301.4,311.1,1462,37.1,41,9.700000000000045,5680.02046164137,L,0
301.4,311.2,1727,26.5,43,9.800000000000011,4792.551952928789,M,0
301.4,311.3,1674,33.3,46,9.900000000000034,5837.518973341337,L,0
301.4,311.3,1397,42.3,48,9.900000000000034,6188.214961261566,L,0
301.4,311.3,2323,15.9,50,9.900000000000034,3867.8974591732176,L,0
301.4,311.2,1434,47.6,52,9.800000000000011,7148.002932859785,M,0
301.3,311.1,1560,35.3,55,9.800000000000011,5766.707474929423,L,0
301.2,311.0,1573,32.8,57,9.800000000000011,5402.952933545774,L,0
301.2,310.9,1798,22.3,59,9.699999999999989,4198.780469424807,H,0
301.2,311.0,1567,35.1,64,9.800000000000011,5759.764555164991,L,0
301.2,310.9,1416,53.3,66,9.699999999999989,7903.493134195059,L,0
301.2,310.9,1424,45.2,68,9.699999999999989,6740.266094325879,M,0
301.2,310.9,1598,35.9,71,9.699999999999989,6007.583855655665,H,0
301.3,310.9,1760,23.9,76,9.599999999999966,4404.931779353369,L,0
301.3,311.0,1348,44.5,78,9.699999999999989,6281.719230607911,L,0
301.3,311.0,1542,33.6,80,9.699999999999989,5425.656176455716,L,0
301.3,310.9,1566,33.1,82,9.599999999999966,5428.1066187255165,L,0
301.3,311.0,1554,47.7,84,9.699999999999989,7762.435624048876,L,0
301.4,311.0,1470,40.6,86,9.600000000000023,6249.884425051534,L,0
301.4,311.1,1758,25.4,88,9.700000000000045,4676.072169309191,M,0
301.4,311.0,1486,36.5,91,9.600000000000023,5679.894797935226,M,0
301.5,311.1,1402,40.0,94,9.600000000000023,5872.68386711052,M,0
301.5,311.1,1459,45.1,97,9.600000000000023,6890.65413465322,L,0
301.5,311.0,1494,45.3,99,9.5,7087.244530939358,L,0
301.5,311.1,1731,27.9,101,9.600000000000023,5057.430101528456,L,0
301.5,311.1,2076,18.7,103,9.600000000000023,4065.3465574513357,L,0
301.5,311.1,2055,16.8,105,9.600000000000023,3615.3448257511336,L,0
301.5,311.1,1469,49.5,107,9.600000000000023,7614.74935340362,L,0
301.5,311.0,1504,42.6,109,9.5,6709.43659841865,M,0
301.5,311.1,1396,43.5,112,9.600000000000023,6359.211849396459,M,0
301.5,311.1,1660,33.8,115,9.600000000000023,5875.6160202538695,M,0
301.5,311.0,1577,39.7,118,9.5,6556.179236801028,M,0
301.5,311.1,1426,52.1,121,9.600000000000023,7780.112318713074,L,0
301.5,311.1,1458,41.4,123,9.600000000000023,6321.010082728806,L,0
301.4,311.0,1533,45.8,125,9.600000000000023,7352.520614608479,L,0
301.4,311.0,1701,28.4,127,9.600000000000023,5058.843818222572,L,0
301.5,311.1,1434,49.6,129,9.600000000000023,7448.339190542969,L,0
301.4,311.1,1952,22.7,131,9.700000000000045,4640.174237254172,L,0
301.4,311.1,1469,36.9,133,9.700000000000045,5676.449517991789,L,0
301.4,311.1,1800,26.0,135,9.700000000000045,4900.884539600077,L,0
301.3,311.1,1438,43.0,137,9.800000000000011,6475.241338069042,M,0
301.3,311.1,1647,28.2,140,9.800000000000011,4863.750914434647,L,0
301.4,311.1,1494,41.9,142,9.700000000000045,6555.310062833534,L,0
301.4,311.1,1445,41.4,144,9.700000000000045,6264.649910523406,H,0
301.5,311.1,1507,38.6,149,9.600000000000023,6091.569099261634,M,0
301.4,311.0,1234,55.8,152,9.600000000000023,7210.709122225436,M,0
301.4,311.0,1634,32.6,155,9.600000000000023,5578.253803616085,L,0
301.4,311.0,1334,53.3,157,9.600000000000023,7445.804972469072,L,0
301.4,311.1,1472,44.5,159,9.700000000000045,6859.562839358193,L,0
301.3,311.0,1410,52.7,161,9.699999999999989,7781.410843676559,M,0
301.2,310.9,1597,37.9,164,9.699999999999989,6338.299314299063,L,0
301.2,310.9,1460,46.7,166,9.699999999999989,7140.0023435686435,M,0
301.1,310.8,1274,55.7,169,9.699999999999989,7431.102318850272,L,0
301.0,310.7,1517,40.2,171,9.699999999999989,6386.16671436426,M,0
301.0,310.7,1300,57.2,174,9.699999999999989,7786.960990697901,L,0
300.9,310.6,1686,27.7,176,9.700000000000045,4890.642947549374,H,0
300.9,310.7,1485,41.0,181,9.800000000000011,6375.862290460485,M,0
301.0,310.7,1464,45.8,184,9.699999999999989,7021.58524447933,L,0
300.9,310.6,1598,35.4,186,9.700000000000045,5923.9127713150565,L,0
300.9,310.5,1894,21.9,188,9.600000000000023,4343.62883470632,L,0
300.8,310.5,1330,59.0,190,9.699999999999989,8217.359184239702,M,0
300.8,310.5,1582,31.1,193,9.699999999999989,5152.232895838285,H,0
300.7,310.3,1533,35.6,198,9.600000000000023,5715.059691704408,L,0
300.8,310.4,1419,46.4,200,9.599999999999966,6894.91622868659,H,0
300.8,310.3,1526,36.3,205,9.5,5800.8251711474095,M,0
300.7,310.2,1364,65.3,208,9.5,9327.304812703998,H,1
300.8,310.3,1458,43.4,0,9.5,6626.372888657735,M,0
300.8,310.4,1288,64.0,3,9.599999999999966,8632.258854023794,M,0
300.7,310.3,1659,29.8,6,9.600000000000023,5177.156197556764,M,0
300.7,310.2,1479,52.3,9,9.5,8100.251082089387,H,0
300.7,310.3,1592,36.0,14,9.600000000000023,6001.698605417941,L,0
300.6,310.2,1532,38.7,16,9.599999999999966,6208.666729436437,M,0
300.6,310.2,1555,41.9,19,9.599999999999966,6822.963284943872,L,0
300.6,310.2,1341,52.6,21,9.599999999999966,7386.575478973395,L,0
300.6,310.1,1541,42.0,23,9.5,6777.671990854619,L,0
300.6,310.3,1414,50.6,25,9.699999999999989,7492.530927203465,L,0
300.5,310.2,1764,25.9,27,9.699999999999989,4784.394284004968,L,0
300.5,310.3,1336,57.1,29,9.800000000000011,7988.609351156319,L,0
300.5,310.3,1435,43.3,31,9.800000000000011,6506.8143442376195,L,0
300.4,310.3,1537,35.0,33,9.900000000000034,5633.399226662098,M,0
300.3,310.2,1369,48.8,36,9.899999999999977,6996.033624230134,L,0
300.2,310.1,1619,31.3,38,9.900000000000034,5306.6421747622235,M,0
300.2,310.1,1440,51.1,41,9.900000000000034,7705.698460725045,L,0
300.2,310.1,1649,30.5,43,9.900000000000034,5266.827723865728,L,0
300.2,310.1,1550,38.7,45,9.900000000000034,6281.614510852792,M,0
300.3,310.2,1471,45.2,48,9.899999999999977,6962.732742102083,L,0
300.3,310.3,1483,51.6,50,10.0,8013.4488770707,L,0
300.3,310.4,1336,54.4,52,10.099999999999966,7610.864250488682,L,0
300.5,310.5,1515,36.6,54,10.0,5806.605701630015,L,0
300.5,310.5,1373,47.4,56,10.0,6815.182607138482,L,0
300.6,310.5,1454,51.2,58,9.899999999999977,7795.8412259320485,H,0
300.5,310.5,1646,34.5,63,10.0,5946.72073398012,L,0
300.5,310.4,1548,37.3,65,9.899999999999977,6046.560548511203,M,0
300.6,310.5,1462,41.3,68,9.899999999999977,6323.041645978129,M,0
300.5,310.4,1702,33.1,71,9.899999999999977,5899.513068372177,L,0
300.5,310.5,1409,60.9,73,10.0,8985.803219283278,L,0
300.6,310.6,1427,52.8,75,10.0,7890.172781343837,M,0
300.6,310.7,1438,48.5,78,10.099999999999966,7303.469881310431,L,1
300.7,310.7,1450,43.4,80,10.0,6590.01418968019,L,0
300.7,310.7,1541,41.3,82,10.0,6664.710791007042,L,0
300.7,310.6,1484,38.0,84,9.900000000000034,5905.356430707854,M,0
300.8,310.8,1415,44.5,87,10.0,6593.941180497177,M,0
300.7,310.8,1496,46.4,90,10.100000000000023,7269.0589697781115,L,0
300.7,310.8,1465,45.2,92,10.100000000000023,6934.332744513631,M,0
300.7,310.8,2113,18.5,95,10.100000000000023,4093.54758750506,L,0
300.7,310.8,1506,44.0,97,10.100000000000023,6939.149853249135,M,0
300.7,310.8,1689,28.9,100,10.100000000000023,5111.591158876344,L,0
300.7,310.9,1650,29.4,102,10.199999999999989,5079.955320854696,L,0
300.7,310.8,1563,33.8,104,10.100000000000023,5532.281831118554,L,0
300.7,310.9,1486,38.9,106,10.199999999999989,6053.367332593981,M,0
300.8,310.9,1732,25.7,109,10.099999999999966,4661.327627788343,L,0
300.7,310.8,1653,31.6,111,10.100000000000023,5470.015464724404,L,0
300.7,310.9,1535,37.1,113,10.199999999999989,5963.632974431944,L,0
300.7,310.9,1637,37.2,115,10.199999999999989,6377.05609566885,L,0
300.6,310.8,1533,38.5,117,10.199999999999989,6180.612307039879,L,0
300.6,310.8,1378,51.2,119,10.199999999999989,7388.355714810427,L,0
300.5,310.7,1606,33.5,121,10.199999999999989,5634.0275451928155,L,0
300.3,310.7,1539,32.3,123,10.399999999999977,5205.587611071752,L,0
300.5,310.8,1728,26.3,125,10.300000000000011,4759.135879070106,L,0
300.4,310.7,1656,36.3,127,10.300000000000011,6294.997695557083,H,0
300.5,310.8,1631,30.5,132,10.300000000000011,5209.336578305035,H,0
300.5,310.9,1447,46.5,137,10.399999999999977,7046.121083103867,H,0
300.4,310.8,1396,49.3,142,10.400000000000034,7207.10676264932,L,0
300.4,310.8,1390,52.5,144,10.400000000000034,7641.9241298571715,L,0
300.4,310.8,1348,56.0,146,10.400000000000034,7905.084874472877,L,0
300.4,310.8,1491,35.9,148,10.400000000000034,5605.3238603145155,M,0
300.4,310.8,1520,37.6,151,10.400000000000034,5984.943444598796,L,0
300.5,310.8,1509,33.0,153,10.300000000000011,5214.729645693697,L,0
300.5,310.8,1445,46.6,155,10.300000000000011,7051.51415049253,L,0
300.5,310.8,1354,51.8,157,10.300000000000011,7344.750408778601,L,0
300.5,310.7,1488,39.4,159,10.199999999999989,6139.426027351317,L,0
300.5,310.7,1654,28.6,161,10.199999999999989,4953.705184082433,H,0
300.5,310.6,1378,51.5,166,10.100000000000023,7431.6468615768945,H,0
300.6,310.7,1750,30.6,171,10.099999999999966,5607.74288665778,L,0
300.5,310.6,1448,46.3,173,10.100000000000023,7020.663710634278,L,0
300.6,310.7,1501,45.3,175,10.099999999999966,7120.451165287803,H,0
300.6,310.7,1654,32.0,180,10.099999999999966,5542.607198973352,M,0
300.7,310.7,1347,46.5,183,10.0,6559.174221797451,M,0
300.7,310.8,1486,37.1,186,10.100000000000023,5773.262931599915,L,0
300.8,310.8,1466,45.2,188,10.0,6939.066077445039,H,0
300.7,310.8,1346,52.0,193,10.100000000000023,7329.545100335226,H,0
300.7,310.7,1314,42.4,198,10.0,5834.314548834677,L,0
300.6,310.7,1440,52.5,200,10.099999999999966,7916.813487046279,L,0
300.7,310.8,1608,39.5,202,10.100000000000023,6651.3799661803105,L,0
300.7,310.8,1296,58.2,204,10.100000000000023,7898.717913361602,H,0
300.7,310.7,1507,46.1,209,10.0,7275.164131501589,L,0
300.7,310.7,1343,51.6,211,10.0,7256.953366086278,M,0
300.7,310.7,1416,40.4,214,10.0,5990.640199277305,L,0
300.7,310.6,1288,47.2,216,9.900000000000034,6366.290904842548,L,0
300.7,310.6,1407,42.4,218,9.900000000000034,6247.245487222519,M,0
300.6,310.4,1608,39.2,221,9.799999999999955,6600.863156310587,L,0
300.6,310.3,1920,22.3,223,9.699999999999989,4483.681035203353,L,0
300.5,310.2,1386,48.2,225,9.699999999999989,6995.824184719895,M,0
300.5,310.2,1571,34.6,228,9.699999999999989,5692.209841137298,M,0
300.4,310.2,1613,36.9,231,9.800000000000011,6232.888408795614,M,0
300.4,310.2,1671,30.5,234,9.800000000000011,5337.09467955102,M,1
300.4,310.2,1431,43.2,0,9.800000000000011,6473.691485693272,H,0
300.4,310.2,1380,47.3,5,9.800000000000011,6835.477295680673,M,0
300.5,310.3,1683,31.5,8,9.800000000000011,5551.665457791203,L,0
300.4,310.2,1529,36.2,10,9.800000000000011,5796.217501922145,L,0
300.5,310.4,1761,26.5,12,9.899999999999977,4886.904452291603,L,0
300.6,310.5,1570,38.3,14,9.899999999999977,6296.903595100262,L,0
300.6,310.5,2156,18.0,16,9.899999999999977,4063.9642566837565,M,0
300.7,310.6,1349,54.5,19,9.900000000000034,7699.048756274946,M,0
300.7,310.7,1431,39.3,22,10.0,5889.261004345962,L,0
300.6,310.6,1931,22.0,24,10.0,4448.704636993387,L,0
300.7,310.7,1428,43.4,26,10.0,6490.027767491938,H,0
300.8,310.8,1564,36.2,31,10.0,5928.897431658755,L,0
300.8,310.9,1425,44.0,33,10.099999999999966,6565.928646002667,H,0
300.7,310.8,1597,30.5,38,10.100000000000023,5100.742192245948,L,0
300.8,310.8,1618,32.8,40,10.0,5557.519292102391,H,0
300.8,310.8,1520,38.0,45,10.0,6048.613055711549,M,0
300.7,310.7,1425,45.3,48,10.0,6759.921992361836,L,0
300.8,310.9,1398,38.2,50,10.099999999999966,5592.411914508263,L,0
300.8,310.9,1557,31.6,52,10.099999999999966,5152.337615593405,M,0
300.7,310.8,1519,43.9,55,10.100000000000023,6983.142622374904,L,0
300.7,310.8,1619,34.9,57,10.100000000000023,5916.990795501648,L,0
300.7,310.8,1814,21.4,59,10.100000000000023,4065.179005843144,L,0
300.7,310.9,1521,39.4,61,10.199999999999989,6275.582652957898,L,0
300.7,310.9,1369,51.2,63,10.199999999999989,7340.100851651288,M,0
300.7,310.9,1356,65.3,66,10.199999999999989,9272.599212629488,L,1
300.7,311.0,1336,53.3,68,10.300000000000011,7456.9680983648295,L,0
300.7,311.0,1403,48.3,70,10.300000000000011,7096.323733708232,L,0
300.7,311.0,1413,44.3,72,10.300000000000011,6555.02731949471,M,0
300.6,310.9,1472,47.6,75,10.299999999999955,7337.420025920225,L,0
300.7,310.8,1452,47.9,77,10.100000000000023,7283.342744376433,M,0
300.6,310.7,1397,53.7,80,10.099999999999966,7855.960837346244,L,0
300.6,310.7,1455,40.6,82,10.099999999999966,6186.110094183661,L,0
300.7,310.8,1754,27.7,84,10.100000000000023,5087.893078292766,L,0
300.6,310.9,1471,37.9,86,10.299999999999955,5838.22059570064,L,0
300.6,310.8,1389,48.1,88,10.199999999999989,6996.421087324076,M,0
300.6,310.9,1702,30.3,91,10.299999999999955,5400.4606033739265,M,0
300.6,311.0,1401,54.6,94,10.399999999999977,8010.495779976326,M,0
300.7,311.1,1426,46.2,97,10.400000000000034,6899.06313098933,L,0
300.7,311.0,1496,38.3,99,10.300000000000011,6000.106865140122,L,0
300.6,310.9,1433,42.6,101,10.299999999999955,6392.701227083726,L,0
300.7,311.1,1438,46.6,103,10.400000000000034,7017.354566372497,M,0
300.7,311.0,1418,49.3,106,10.300000000000011,7320.685809052104,M,0
300.8,311.0,1580,36.6,109,10.199999999999989,6055.733999059686,M,0
300.7,310.9,1468,41.8,112,10.199999999999989,6425.855501554611,M,0
300.8,310.9,1522,41.7,115,10.099999999999966,6646.290586081494,M,0
300.8,310.9,1311,55.8,118,10.099999999999966,7660.648022072566,L,0
300.9,311.0,1316,56.5,120,10.100000000000023,7786.332672167183,L,0
300.9,311.0,1853,23.6,122,10.100000000000023,4579.478667186818,H,0
300.9,311.0,1556,38.8,127,10.100000000000023,6322.224831888196,M,0
300.9,311.0,1567,34.3,130,10.100000000000023,5628.487870146985,M,0
300.9,311.1,1546,37.7,133,10.200000000000045,6103.507151345274,M,0
300.9,311.0,1382,51.2,136,10.100000000000023,7409.802320658934,L,0
300.9,311.0,2003,20.2,138,10.100000000000023,4237.024123994505,L,0
300.8,310.9,1748,29.9,140,10.099999999999966,5473.198945280042,L,0
300.7,310.8,1518,40.1,142,10.100000000000023,6374.479989692906,H,0
300.7,310.8,1475,42.0,147,10.100000000000023,6487.388829662923,L,0
300.8,310.8,1634,29.2,149,10.0,4996.472732073303,L,0
300.8,310.8,1689,32.9,151,10.0,5819.077824464765,L,0
300.9,310.9,1636,35.3,153,10.0,6047.649633964447,M,0
300.9,311.0,2235,15.8,156,10.100000000000023,3697.9687125405458,L,0
301.0,311.1,1615,35.6,158,10.100000000000023,6020.757600849719,L,0
301.1,311.1,1618,29.5,160,10.0,4998.378631616481,H,0
301.1,311.2,1407,53.0,165,10.099999999999966,7809.056859028148,M,0
301.1,311.1,1450,43.3,168,10.0,6574.829825187839,L,0
301.1,311.1,1889,23.8,170,10.0,4708.011694620688,L,0
301.0,310.9,1568,38.2,172,9.899999999999977,6272.462004255333,L,0
301.0,311.0,1804,25.8,174,10.0,4873.99250648535,L,0
301.0,311.0,1582,37.5,176,10.0,6212.499472473816,L,0
301.0,310.9,2047,17.9,178,9.899999999999977,3837.067963265989,M,0
300.9,310.9,1601,34.0,181,10.0,5700.31515018356,L,0
300.9,310.9,1615,32.0,183,10.0,5411.916944584017,L,0
300.9,310.8,1452,43.6,185,9.900000000000034,6629.514481311326,M,0
300.9,310.8,1695,30.2,188,9.900000000000034,5360.4995448202635,M,0
300.9,310.8,1790,26.2,191,9.900000000000034,4911.147075601804,M,0
301.0,310.8,1533,39.3,194,9.800000000000011,6309.0406147186295,M,0
301.0,310.9,1813,28.5,197,9.899999999999977,5410.92210691038,L,0
301.0,310.9,1492,36.7,199,9.899999999999977,5734.076799234139,L,0
300.9,310.7,1479,43.3,201,9.800000000000011,6706.326421691595,L,0
300.8,310.7,1339,59.1,203,9.899999999999977,8286.987349418765,L,1
300.8,310.7,1371,44.7,205,9.899999999999977,6417.614056826694,M,0
300.9,310.7,1468,36.2,208,9.800000000000011,5564.975338666913,L,0
300.9,310.7,1517,41.7,210,9.800000000000011,6624.456517139046,L,0
300.9,310.7,1352,46.4,212,9.800000000000011,6569.363453970593,L,0
300.9,310.7,1389,50.0,214,9.800000000000011,7272.78699306037,L,0
300.8,310.6,1505,36.2,0,9.800000000000011,5705.236978674185,M,0
300.9,310.6,1538,36.7,3,9.700000000000045,5910.864689827148,L,0
300.9,310.8,1482,37.0,5,9.900000000000034,5742.203052231424,L,0
300.9,310.8,1599,33.0,7,9.900000000000034,5525.747318399087,M,0
300.9,310.8,1476,39.0,10,9.900000000000034,6028.087983708095,L,0
300.9,310.7,1509,37.5,12,9.800000000000011,5925.829142833747,L,0
300.9,310.8,1708,29.1,14,9.900000000000034,5204.865044761426,L,0
300.9,310.7,1412,57.5,16,9.800000000000011,8502.196918165177,L,0
300.9,310.7,1658,28.5,18,9.800000000000011,4948.3225886692835,L,0
301.0,310.8,1375,57.2,20,9.800000000000011,8236.20874016124,L,0
300.9,310.8,1402,48.1,22,9.900000000000034,7061.902350200401,M,0
300.9,310.7,1452,47.3,25,9.800000000000011,7192.110893716185,M,0
300.8,310.7,1483,40.8,28,9.899999999999977,6336.215391172181,M,0
300.9,310.8,1477,38.4,31,9.900000000000034,5939.369407170719,H,0
300.8,310.7,1924,22.4,36,9.899999999999977,4513.170118245049,M,0
300.9,310.7,1609,28.7,39,9.800000000000011,4835.780267842184,H,0
300.8,310.7,1886,21.1,44,9.899999999999977,4167.280767084813,M,0
300.7,310.6,1616,29.6,47,9.900000000000034,5009.122878491758,L,0
300.7,310.7,1442,43.2,49,10.0,6523.454313326134,L,0
300.8,310.8,1407,45.1,51,10.0,6645.065364946595,L,0
300.8,310.8,1461,41.3,53,10.0,6318.7167200916865,M,0
300.8,310.9,1522,46.2,56,10.099999999999966,7363.516188896045,M,0
300.9,311.0,1432,48.1,59,10.100000000000023,7213.012956838069,L,0
300.9,311.0,1438,49.0,61,10.100000000000023,7378.7633852414665,L,0
300.8,310.9,1678,28.1,63,10.099999999999966,4937.724949451173,M,0
300.8,310.9,1514,38.7,66,10.099999999999966,6135.718948020081,M,0
300.7,310.8,1534,41.3,69,10.100000000000023,6634.4363098019485,L,0
300.7,310.8,1486,41.2,71,10.100000000000023,6411.2785116419545,M,0
300.7,310.8,1925,22.0,74,10.100000000000023,4434.881629317591,L,0
300.7,310.8,1724,30.0,76,10.100000000000023,5416.105734788804,M,0
300.8,310.8,1549,35.5,79,10.0,5758.486974152531,M,0
300.8,310.9,1457,47.7,82,10.099999999999966,7277.9077890857225,L,0
300.8,310.9,1453,43.9,84,10.099999999999966,6679.727603891201,L,0
300.8,311.0,1578,44.4,86,10.199999999999989,7337.001146899746,L,0
300.9,311.1,1325,61.4,88,10.200000000000045,8519.475677759921,M,0
300.9,311.1,1471,39.3,91,10.200000000000045,6053.880459394067,L,0
300.9,311.2,1472,40.0,93,10.300000000000011,6165.899181445567,M,0
300.9,311.1,1457,37.4,96,10.200000000000045,5706.367952029476,L,0
301.0,311.0,1402,55.3,98,10.0,8118.985446280294,L,0
300.9,310.9,1477,41.5,100,10.0,6418.849749937104,L,0
300.9,310.9,1727,30.1,102,10.0,5443.6156144587385,M,0
300.9,310.9,1995,20.2,105,10.0,4220.101411567169,L,0
300.9,310.9,1370,52.5,107,10.0,7531.968386981528,L,0
300.9,310.9,1228,66.4,109,10.0,8538.765056652965,L,0
300.9,311.0,1499,38.0,111,10.100000000000023,5965.046691126059,L,0
301.0,311.0,1508,46.9,113,10.0,7406.32562478896,M,0
301.0,310.9,1473,44.2,116,9.899999999999977,6817.947208673641,L,0
301.0,311.0,1640,37.6,118,10.0,6457.438979698701,H,0
301.1,311.1,1429,42.5,123,10.0,6359.892527804737,L,0
301.1,311.1,1470,40.9,125,10.0,6296.065837059304,L,0
301.0,311.0,1581,37.0,127,10.0,6125.791515234738,L,0
301.0,310.9,1740,28.9,129,9.899999999999977,5265.9376059472115,L,0
300.9,310.8,1390,40.6,131,9.900000000000034,5909.75466042288,H,0
300.9,310.8,1988,19.7,136,9.900000000000034,4101.202601604307,M,0
300.8,310.7,1452,43.0,139,9.899999999999977,6538.282630651078,M,0
300.8,310.7,1586,33.4,142,9.899999999999977,5547.256756100665,L,0
300.8,310.7,1589,34.3,144,9.899999999999977,5707.509397360281,L,0
300.8,310.8,1486,45.7,146,10.0,7111.539514127119,L,0
300.9,310.9,1755,27.9,148,10.0,5127.55044955658,L,0
301.0,310.9,1575,34.6,150,9.899999999999977,5706.70305524586,M,0
301.1,311.1,1615,37.7,153,10.0,6375.914650338045,M,0
301.1,311.1,1436,41.8,156,10.0,6285.782357106554,M,0
301.1,311.1,1470,40.6,159,10.0,6249.884425051534,M,0
301.1,311.1,2089,19.8,162,10.0,4331.439455210391,M,0
301.1,311.2,1564,37.0,165,10.099999999999966,6059.922789264472,L,0
301.0,311.1,1420,47.4,167,10.100000000000023,7048.477277594059,M,0
301.1,311.1,1711,29.1,170,10.0,5214.007079383371,L,0
301.1,311.2,1555,35.3,172,10.099999999999966,5748.2244381508035,L,0
301.1,311.1,1592,35.7,174,10.0,5951.684450372792,M,0
301.0,311.1,1236,64.4,177,10.100000000000023,8335.524955916726,L,1
301.0,310.9,1765,24.2,179,9.899999999999977,4472.894900426028,M,0
301.0,311.0,1634,31.2,182,10.0,5338.69689180435,L,0
301.1,311.1,1508,41.5,184,10.0,6553.571714898547,L,0
301.1,311.2,1774,29.6,186,10.099999999999966,5498.876229235383,L,0
301.1,311.0,1677,29.1,188,9.899999999999977,5110.397353667981,L,0
301.0,311.0,1399,58.0,190,10.0,8497.170369919435,L,1
301.0,310.9,1570,34.0,192,9.899999999999977,5589.9405282874395,L,0
301.0,310.9,1479,44.3,194,9.899999999999977,6861.206939513572,L,0
301.0,310.8,1558,34.9,196,9.800000000000011,5694.052908827404,L,0
300.8,310.7,1358,48.1,198,9.899999999999977,6840.273460465153,L,0
300.9,310.7,1656,30.7,200,9.800000000000011,5323.868574479407,H,0
300.9,310.7,1523,35.8,205,9.800000000000011,5709.677096291257,L,0
300.9,310.7,1403,40.6,207,9.800000000000011,5965.025747175036,H,0
300.9,310.7,1362,51.6,212,9.800000000000011,7359.620614005592,M,0
300.7,310.6,1778,27.1,215,9.900000000000034,5045.795736734663,M,0
300.7,310.5,1448,38.2,218,9.800000000000011,5792.426646786813,L,0
300.8,310.5,1559,40.1,220,9.699999999999989,6546.649739085138,H,0
300.8,310.6,1416,42.2,225,9.800000000000011,6257.549911126294,L,0
300.8,310.6,1577,37.9,227,9.800000000000011,6258.921739918361,L,1
300.8,310.7,1633,27.8,0,9.899999999999977,4754.004611069243,L,0
300.9,310.7,1573,31.2,2,9.800000000000011,5139.394253860614,L,0
300.9,310.8,1517,44.3,4,9.900000000000034,7037.492175282007,L,0
301.0,310.9,1515,37.3,6,9.899999999999977,5917.661001934413,L,0
301.0,310.8,1527,45.3,8,9.800000000000011,7243.790092867736,L,0
301.1,310.9,1282,67.9,10,9.799999999999955,9115.624299705121,L,1
301.1,310.9,1396,45.1,12,9.799999999999955,6593.113894431732,M,0
301.0,310.9,1492,44.6,15,9.899999999999977,6968.387608878545,L,0
301.0,310.8,1975,19.7,17,9.800000000000011,4074.383872318163,L,0
301.0,310.8,1475,35.3,19,9.800000000000011,5452.495849692885,L,0
301.0,310.9,1495,37.3,21,9.899999999999977,5839.540064615147,H,0
301.0,311.0,1553,35.8,26,10.0,5822.146113289771,L,0
301.1,311.0,1918,21.7,28,9.899999999999977,4358.499039933311,L,0
301.1,311.0,1413,46.6,30,9.899999999999977,6895.356051658094,M,0
301.0,311.0,1437,56.0,33,10.0,8427.008133989262,L,0
301.0,310.9,1450,45.9,35,9.899999999999977,6969.623301988956,L,0
301.0,310.9,1910,21.9,37,9.899999999999977,4380.322636900248,M,0
300.9,310.9,1749,26.4,40,10.0,4835.288084993122,L,0
301.0,310.9,1916,22.0,42,9.899999999999977,4414.147117803898,H,0
301.0,310.9,1428,45.3,47,9.899999999999977,6774.153407082598,L,0
301.0,310.9,1578,38.4,49,9.899999999999977,6345.514505426808,L,0
300.9,310.8,1571,39.9,51,9.900000000000034,6564.137938190121,L,0
300.9,310.8,1729,30.2,53,9.900000000000034,5468.025789377131,L,0
300.9,310.8,1701,30.4,55,9.900000000000034,5415.100425139654,L,0
300.9,310.8,1493,45.8,57,9.900000000000034,7160.674023229264,L,0
301.0,310.9,1554,32.7,59,9.899999999999977,5321.4181322096065,M,0
300.9,310.9,1497,43.2,62,10.0,6772.268451490445,L,0
301.0,310.9,1679,29.8,64,9.899999999999977,5239.569171608081,L,0
301.0,310.9,1510,44.5,66,9.899999999999977,7036.643945265538,M,0
301.0,310.9,1296,54.9,69,9.899999999999977,7450.852464665841,L,0
301.0,310.9,1404,41.8,71,9.899999999999977,6145.709212658497,L,0
300.9,310.8,1519,34.9,73,9.900000000000034,5551.518850134035,M,0
300.9,310.7,1696,27.3,76,9.800000000000011,4848.608437844344,M,0
300.8,310.6,1669,28.4,79,9.800000000000011,4963.674504769825,M,0
300.7,310.6,1447,40.7,82,9.900000000000034,6167.2500662866105,L,0
300.7,310.6,1418,46.3,84,9.900000000000034,6875.207970773071,M,0
300.7,310.6,1407,40.5,87,9.900000000000034,5967.2981658611325,L,0
300.8,310.5,1434,44.5,89,9.699999999999989,6682.481733450849,L,0
300.8,310.6,1360,48.8,91,9.800000000000011,6950.04070778158,L,0
300.8,310.6,1402,53.7,93,9.800000000000011,7884.078091595874,L,0
300.9,310.6,1552,34.9,95,9.700000000000045,5672.124592105347,L,0
300.9,310.7,1392,44.2,97,9.800000000000011,6443.029541394235,L,0
301.1,310.8,1521,41.0,99,9.699999999999989,6530.428649017102,L,0
301.1,310.8,1724,27.5,101,9.699999999999989,4964.7635902230695,L,0
301.0,310.7,1455,46.1,103,9.699999999999989,7024.129934528739,M,0
301.0,310.6,1366,50.6,106,9.600000000000023,7238.187585968836,H,0
301.1,310.6,1407,43.9,111,9.5,6468.25653040256,H,0
301.1,310.8,1470,49.3,116,9.699999999999989,7589.145373276862,L,0
301.2,310.9,1359,50.8,118,9.699999999999989,7229.558678146975,M,0
301.1,310.8,1792,25.8,121,9.699999999999989,4841.571270300303,H,0
301.1,310.9,1552,37.9,126,9.799999999999955,6159.699771942483,M,0
301.2,311.0,1612,32.9,129,9.800000000000011,5553.791268820131,L,0
301.2,311.0,1424,41.4,131,9.800000000000011,6173.606555422375,M,0
301.3,311.0,1341,59.3,134,9.699999999999989,8327.451062797001,H,0
301.2,310.8,1479,38.2,139,9.600000000000023,5916.435780799515,L,0
301.2,310.9,1413,50.1,141,9.699999999999989,7413.247600602371,L,0
301.3,310.9,2165,17.4,143,9.599999999999966,3944.897895112703,L,0
301.3,311.0,1641,33.0,145,9.699999999999989,5670.8888989949355,M,0
301.3,311.0,1495,40.8,148,9.699999999999989,6387.4861832787665,M,0
301.3,311.0,1576,30.4,151,9.699999999999989,5017.165355684947,L,0
301.2,310.9,1467,37.1,153,9.699999999999989,5699.445976216067,L,0
301.2,310.8,1479,41.2,155,9.600000000000023,6381.077334265445,L,0
301.3,310.9,1596,33.9,157,9.599999999999966,5665.79951889612,L,0
301.3,310.9,1512,36.9,159,9.599999999999966,5842.608353440154,M,0
301.4,310.9,1414,38.8,162,9.5,5745.260869080917,L,0
301.3,310.8,1390,57.4,164,9.5,8355.170381977174,L,0
301.2,310.7,1644,31.6,166,9.5,5440.2331663683735,L,0
301.2,310.7,1394,42.8,168,9.5,6247.9156936552845,M,0
301.1,310.5,1324,52.4,171,9.399999999999977,7265.205282789707,L,0
301.0,310.4,1476,43.6,173,9.399999999999977,6739.093233068537,L,0
301.0,310.4,2204,16.6,175,9.399999999999977,3831.3188487099205,L,0
301.0,310.4,1665,30.9,177,9.399999999999977,5387.674321273816,M,0
300.9,310.4,1445,41.7,180,9.5,6310.045924367779,L,0
300.8,310.3,1457,46.8,182,9.5,7140.588774197312,H,0
300.8,310.2,1492,46.3,187,9.399999999999977,7233.998795764049,L,0
300.8,310.1,1405,61.2,189,9.300000000000011,9004.432863719067,L,1
300.7,310.1,1542,35.5,191,9.400000000000034,5732.464115005296,L,0
300.8,310.2,1520,37.7,193,9.399999999999977,6000.860847376985,L,0
300.8,310.2,1598,36.5,195,9.399999999999977,6107.989156864394,M,0
300.8,310.3,1538,36.1,198,9.5,5814.229299802726,L,0
300.9,310.4,1615,30.9,200,9.5,5225.8822996139415,L,0
301.0,310.5,1408,47.0,202,9.5,6929.934514798604,L,0
301.0,310.5,1379,57.3,204,9.5,8274.60947436362,L,1
301.0,310.6,1493,37.8,206,9.600000000000023,5909.901268080047,L,1
301.1,310.7,1376,49.1,0,9.599999999999966,7075.034207492406,L,0
301.1,310.7,1583,40.7,2,9.599999999999966,6746.894854824953,M,0
301.2,310.8,1396,47.4,5,9.600000000000023,6929.348084169935,M,0
301.1,310.7,1436,45.3,8,9.599999999999966,6812.103846337964,L,0
301.1,310.6,1417,47.6,10,9.5,7063.263707016956,L,0
301.0,310.6,1641,33.4,12,9.600000000000023,5739.62694625548,L,0
301.0,310.6,1698,27.3,14,9.600000000000023,4854.326136473876,M,0
300.9,310.4,1541,39.1,17,9.5,6309.6898772003715,L,0
300.8,310.3,1383,46.6,19,9.5,6748.957834000809,L,0
300.8,310.4,1368,46.8,21,9.599999999999966,6704.410050172904,L,0
300.8,310.4,1570,35.2,23,9.599999999999966,5787.232546932879,L,0
300.9,310.5,1616,33.5,25,9.600000000000023,5669.108663157901,L,0
300.9,310.5,1444,43.2,27,9.600000000000023,6532.502100168472,M,0
300.9,310.4,2021,18.8,30,9.5,3978.8061518204495,L,0
300.9,310.5,1702,29.3,32,9.600000000000023,5222.2275801602655,M,0
301.1,310.6,1429,52.7,35,9.5,7886.266734477875,M,0
301.2,310.8,1711,28.9,38,9.600000000000023,5178.171979181423,L,0
301.2,310.7,1543,32.9,40,9.5,5316.066952722992,M,0
301.3,310.8,1628,32.2,43,9.5,5489.577114980758,L,0
301.2,310.8,1233,64.6,45,9.600000000000023,8341.116990840115,L,0
301.2,310.8,1461,40.6,47,9.600000000000023,6211.619826530811,L,0
301.2,310.7,1568,38.3,49,9.5,6288.882061858095,L,0
301.3,310.8,1432,54.4,51,9.5,8157.752699625591,L,0
301.2,310.7,1527,41.1,53,9.5,6572.180415383311,M,0
301.3,310.8,1455,41.2,56,9.5,6277.530440403125,M,0
301.3,310.8,1418,45.4,59,9.5,6741.564619289362,M,0
301.3,310.8,1719,29.5,62,9.5,5310.3911419955075,L,0
301.2,310.8,1734,31.3,64,9.600000000000023,5683.580933315438,M,0
301.2,310.7,1426,46.1,67,9.5,6884.130093909265,M,0
301.1,310.6,1611,35.2,70,9.5,5938.364097521571,L,0
301.1,310.6,1479,41.1,72,9.5,6365.589282483247,M,0
301.0,310.5,1317,50.9,75,9.5,7019.92020037293,L,0
301.0,310.5,1248,61.4,77,9.5,8024.381619505193,L,0
301.0,310.5,1932,21.7,79,9.5,4390.312901538664,L,0
301.1,310.5,1547,35.8,81,9.399999999999977,5799.652309890069,M,0
301.0,310.4,1614,31.6,84,9.399999999999977,5340.958838514936,L,0
301.0,310.4,1512,44.9,86,9.399999999999977,7109.298511367559,H,0
301.1,310.5,1529,38.7,91,9.399999999999977,6196.5087658670445,L,0
301.1,310.6,1782,24.9,93,9.5,4646.604030218519,H,0
301.0,310.5,1429,39.4,98,9.5,5895.994484600156,L,0
301.1,310.5,1309,60.7,100,9.399999999999977,8320.644278714222,M,0
301.1,310.5,1428,44.1,103,9.399999999999977,6594.70563470955,L,0
301.2,310.6,1385,49.2,105,9.400000000000034,7135.813553363857,L,0
301.2,310.7,1517,39.4,107,9.5,6259.07881955104,L,0
301.2,310.6,1576,39.6,109,9.400000000000034,6535.518029115919,M,0
301.2,310.6,1437,51.2,112,9.400000000000034,7704.693151075897,L,0
301.2,310.6,1457,50.5,114,9.400000000000034,7705.122502071887,H,0
301.1,310.5,1532,37.5,119,9.399999999999977,6016.1499316244535,L,0
301.1,310.5,1603,32.6,121,9.399999999999977,5472.424019092156,M,0
301.0,310.4,1563,34.4,124,9.399999999999977,5630.488017469771,L,0
301.0,310.3,1617,34.5,126,9.300000000000011,5841.9486189829,L,0
300.8,310.1,1686,26.9,128,9.300000000000011,4749.396941843977,M,0
300.9,310.2,1382,50.4,131,9.300000000000011,7294.0241593986375,L,0
300.9,310.1,2090,17.8,133,9.200000000000045,3895.7843299615834,L,0
300.9,310.3,1446,44.5,135,9.400000000000034,6738.402082684747,L,0
300.9,310.2,1533,38.1,137,9.300000000000011,6116.398153200504,M,0
300.9,310.3,1440,47.6,140,9.400000000000034,7177.91089492196,L,0
301.0,310.4,1793,25.0,142,9.399999999999977,4694.06302323875,M,0
301.0,310.4,1517,46.1,145,9.399999999999977,7323.439938611751,M,0
300.9,310.4,1544,36.0,148,9.5,5820.742868571169,L,0
300.9,310.3,1321,48.8,150,9.400000000000034,6750.738069837843,L,0
300.9,310.3,1416,50.9,152,9.400000000000034,7547.613518396407,M,0
300.8,310.2,1514,40.0,155,9.399999999999977,6341.828370046595,L,0
300.8,310.2,1304,52.5,157,9.399999999999977,7169.114435491908,M,0
300.7,310.2,1286,64.9,160,9.5,8740.057369943972,L,0
300.7,310.1,1483,40.2,162,9.400000000000034,6243.035753066709,M,0
300.7,310.1,1351,46.9,165,9.400000000000034,6635.24265191637,L,0
300.7,310.1,1367,52.6,167,9.400000000000034,7529.79021607504,M,0
300.7,310.1,1721,32.3,170,9.400000000000034,5821.193163518183,L,0
300.6,310.0,1455,40.4,172,9.399999999999977,6155.63664544384,L,0
300.6,310.0,1425,49.5,174,9.399999999999977,7386.669726753,L,0
300.7,310.0,1672,29.7,176,9.300000000000011,5200.215487634114,L,0
300.7,310.0,1641,34.6,178,9.300000000000011,5945.841088037114,M,0
300.5,310.0,1580,37.0,181,9.5,6121.91688429531,M,0
300.5,310.0,1495,47.4,184,9.5,7420.75600704445,H,0
300.5,309.9,1994,19.8,189,9.399999999999977,4134.461595830312,M,0
300.4,309.9,1415,31.8,192,9.5,4712.07482111933,M,0
300.4,309.8,1725,30.4,195,9.400000000000034,5491.5039584749575,M,0
300.4,309.8,1430,43.4,198,9.400000000000034,6499.117442236326,M,0
300.4,309.8,1395,48.1,201,9.400000000000034,7026.643208651611,L,0
300.4,309.8,1435,43.6,203,9.400000000000034,6551.896198816634,M,0
300.4,309.9,1681,28.6,206,9.5,5034.569778985835,L,0
300.5,310.0,1451,48.6,208,9.5,7384.6905233812395,L,0
300.5,309.9,1397,45.9,210,9.399999999999977,6714.871553709359,H,1
300.4,309.8,1421,47.2,0,9.400000000000034,7023.679639581725,M,0
300.3,309.8,1444,42.0,3,9.5,6351.0437084971245,M,0
300.2,309.8,1827,23.0,6,9.600000000000023,4400.4288298832225,L,0
300.2,309.8,1374,47.7,8,9.600000000000023,6863.311806591479,H,0
300.2,309.8,1650,29.6,13,9.600000000000023,5114.512840044184,L,0
300.2,309.7,1275,60.7,15,9.5,8104.523648098269,L,0
300.2,309.7,1421,44.6,17,9.5,6636.78203231663,L,0
300.2,309.8,1557,33.8,19,9.600000000000023,5511.044664780286,L,0
300.1,309.8,1506,35.2,21,9.699999999999989,5551.319882599309,L,0
300.1,309.7,1362,49.1,23,9.599999999999966,7003.049847823151,L,0
300.0,309.7,1542,47.1,25,9.699999999999989,7605.607318781674,L,0
300.0,309.6,1496,38.8,27,9.600000000000023,6078.437241969627,L,0
300.0,309.6,1491,42.0,29,9.600000000000023,6557.760505103333,M,0
300.1,309.6,1565,34.8,32,9.5,5703.247303326909,L,0
300.1,309.7,1481,37.9,34,9.599999999999966,5877.909382890991,L,0
300.1,309.7,1420,48.4,36,9.599999999999966,7197.179329863976,M,0
300.2,309.8,1398,54.8,39,9.600000000000023,8022.622327619182,L,0
300.2,309.8,1466,45.7,41,9.600000000000023,7015.82565794775,M,0
300.1,309.8,1430,56.7,44,9.699999999999989,8490.782464857135,L,0
300.1,309.7,1441,40.1,46,9.599999999999966,6051.136801809933,L,0
300.1,309.7,1348,57.3,48,9.599999999999966,8088.595773344568,M,0
300.0,309.6,1738,28.7,51,9.600000000000023,5223.484217221701,L,0
300.0,309.6,1618,36.2,53,9.600000000000023,6133.603608966664,M,0
299.9,309.6,1489,41.7,56,9.700000000000045,6502.18573106133,M,0
299.9,309.5,1412,57.9,59,9.600000000000023,8561.342635856761,M,0
299.9,309.5,2065,18.1,62,9.600000000000023,3914.057927229964,M,0
300.0,309.6,1571,33.1,65,9.600000000000023,5445.437738197819,L,0
300.0,309.6,1423,48.7,67,9.600000000000023,7257.089501767935,M,0
300.0,309.5,1781,24.9,70,9.5,4643.99650831604,H,0
300.1,309.6,1321,46.9,75,9.5,6487.901956463009,L,0
300.1,309.6,1546,36.7,77,9.5,5941.610409930279,L,0
300.0,309.5,1879,22.4,79,9.5,4407.612605084431,M,0
300.0,309.5,1735,28.9,82,9.5,5250.80560133242,H,0
300.0,309.5,1506,38.8,87,9.5,6119.068506956055,L,0
300.0,309.6,1629,32.3,89,9.600000000000023,5510.007939204601,H,0
300.0,309.6,1694,28.7,94,9.600000000000023,5091.244110456595,L,0
300.1,309.6,1541,37.0,96,9.5,5970.806277657641,L,0
300.0,309.6,1514,44.6,98,9.600000000000023,7071.138632601954,L,0
300.1,309.7,1485,45.9,100,9.599999999999966,7137.85558858869,L,0
300.2,309.8,1430,55.0,102,9.600000000000023,8236.208740161243,L,0
300.2,309.7,1771,27.1,104,9.5,5025.9303991884635,L,0
300.2,309.8,1481,41.9,106,9.600000000000023,6498.269212219856,L,0
300.2,309.7,1483,43.8,108,9.5,6802.1135816995475,H,0
300.1,309.6,1463,45.1,113,9.5,6909.545578476808,H,0
300.1,309.7,1410,48.3,118,9.599999999999966,7131.729482914189,L,0
300.2,309.7,1656,34.3,120,9.5,5948.16586660077,L,0
300.2,309.8,1487,39.2,122,9.600000000000023,6104.156413827017,M,0
300.3,309.9,1509,46.6,125,9.599999999999966,7363.830348161403,H,0
300.3,309.9,1677,30.1,130,9.599999999999966,5286.012383003651,H,0
300.3,309.8,1450,55.0,135,9.5,8351.400470792867,L,0
300.2,309.7,1413,43.0,137,9.5,6362.667601315408,M,0
300.1,309.7,1680,33.8,140,9.599999999999966,5946.40657471476,L,0
300.2,309.7,1678,30.5,142,9.5,5359.452347269067,L,0
300.2,309.7,1408,44.0,144,9.5,6487.5982691731615,M,0
300.1,309.6,1376,52.1,147,9.5,7507.31735662636,M,0
300.0,309.6,1526,46.4,150,9.600000000000023,7414.8288689046785,L,0
300.0,309.6,1587,32.6,152,9.600000000000023,5417.802194821742,M,0
300.1,309.7,1351,58.2,155,9.599999999999966,8233.925849499632,L,0
300.1,309.6,1501,38.0,157,9.5,5973.005392515155,M,0
300.1,309.7,1601,35.8,160,9.599999999999966,6002.096540487395,L,0
300.0,309.6,1573,39.7,162,9.600000000000023,6539.549739688026,M,0
300.1,309.6,1584,36.7,165,9.5,6087.652580420158,M,0
300.1,309.6,1649,33.6,168,9.5,5802.144640061917,L,0
300.2,309.7,1183,61.4,170,9.5,7606.445076822631,M,0
300.1,309.7,2151,17.5,173,9.599999999999966,3941.913382091793,L,0
300.2,309.8,1526,45.6,175,9.600000000000023,7286.986991854598,L,0
300.3,309.9,1611,29.0,177,9.599999999999966,4892.402239435385,M,0
300.3,309.9,1601,31.7,180,9.599999999999966,5314.705595906436,L,0
300.3,310.0,1560,40.8,182,9.699999999999989,6665.202973856104,L,0
300.4,310.1,1544,41.9,184,9.700000000000045,6774.697949809221,L,0
300.4,310.0,1560,42.3,186,9.600000000000023,6910.247200836108,M,0
300.4,310.0,1423,44.2,189,9.600000000000023,6586.516549859193,L,0
300.4,310.1,1614,33.5,191,9.700000000000045,5662.092439564884,L,0
300.4,310.1,1457,35.1,193,9.700000000000045,5355.441580647985,M,0
300.4,310.1,1503,42.2,196,9.700000000000045,6642.018020072613,L,0
300.4,310.1,1484,38.0,198,9.700000000000045,5905.356430707854,H,0
300.3,309.9,1540,39.9,203,9.599999999999966,6434.610073082614,L,0
300.3,309.9,1405,52.1,205,9.599999999999966,7665.538434636656,H,0
300.3,309.9,1394,46.7,210,9.599999999999966,6817.235114338828,H,1
300.3,309.9,1518,36.4,0,9.599999999999966,5786.311013087825,L,0
300.3,309.9,1527,41.4,2,9.599999999999966,6620.152535203626,L,0
300.3,309.9,1377,55.3,4,9.599999999999966,7974.210384827364,L,0
300.3,310.0,1537,37.5,6,9.699999999999989,6035.78488570939,M,0
300.3,310.0,1409,43.2,9,9.699999999999989,6374.165830427547,M,0
300.3,309.9,1393,56.1,12,9.599999999999966,8183.566119262589,L,0
300.2,309.7,1448,36.8,14,9.5,5580.138759208238,L,0
300.2,309.8,1418,49.3,16,9.600000000000023,7320.685809052104,L,0
300.2,309.8,1743,24.1,18,9.600000000000023,4398.889449482965,M,0
300.2,309.8,1394,47.4,21,9.600000000000023,6919.420651384591,M,0
300.3,309.8,1523,39.2,24,9.5,6251.9369322518805,L,0
300.2,309.8,1353,59.4,26,9.600000000000023,8416.13822340784,L,0
300.3,309.9,1447,46.5,28,9.599999999999966,7046.121083103867,M,0
300.3,309.9,1570,34.0,31,9.599999999999966,5589.9405282874395,L,0
300.3,309.9,1494,38.5,33,9.599999999999966,6023.37559472771,M,0
300.3,309.9,1621,34.1,36,9.599999999999966,5788.499655969826,L,0
300.4,310.0,1769,26.1,38,9.600000000000023,4835.005341654299,L,0
300.4,310.0,1282,66.1,40,9.600000000000023,8873.972992790994,L,0
300.4,310.0,1581,30.3,42,9.600000000000023,5016.526565178718,L,0
300.6,310.1,1656,32.7,44,9.5,5670.700403435721,L,0
300.6,310.2,1648,31.7,46,9.599999999999966,5470.727559059217,L,0
300.7,310.2,1639,31.4,48,9.5,5389.360309331242,L,0
300.7,310.2,1348,54.8,50,9.5,7735.690198591315,L,0
300.8,310.3,1537,33.3,52,9.5,5359.776978509938,L,0
300.8,310.3,1270,61.0,54,9.5,8112.639429120041,M,0
300.7,310.3,1662,34.4,57,9.600000000000023,5987.121615505283,L,0
300.7,310.3,1471,40.2,59,9.600000000000023,6192.518943196986,M,0
300.6,310.1,1337,45.8,62,9.5,6412.472316850317,L,0
300.7,310.2,1877,24.8,64,9.5,4874.662712918114,H,0
300.6,310.2,1519,44.6,69,9.599999999999966,7094.491137993638,L,0
300.6,310.2,1378,47.3,71,9.599999999999966,6825.570806846351,L,0
300.7,310.2,1696,27.5,73,9.5,4884.129378780932,L,0
300.7,310.1,1376,50.8,75,9.400000000000034,7319.994658668313,L,0
300.7,310.2,1807,24.2,77,9.5,4579.33205952965,L,0
300.7,310.1,1598,32.8,79,9.400000000000034,5488.823132743894,L,0
300.7,310.1,1565,40.2,81,9.400000000000034,6588.233953843154,L,0
300.7,310.2,1387,50.6,83,9.5,7349.462797758985,L,0
300.7,310.0,1395,48.0,85,9.300000000000011,7012.034802812417,L,0
300.6,310.0,1302,62.9,87,9.399999999999977,8576.108121328632,M,0
300.6,310.0,1397,55.2,90,9.399999999999977,8075.401084199491,M,0
300.6,310.0,1313,52.9,93,9.399999999999977,7273.593335174792,L,0
300.6,310.0,1505,35.9,95,9.399999999999977,5657.956009237657,L,0
300.6,310.0,1483,44.0,97,9.399999999999977,6833.173461068039,H,0
300.5,310.0,1358,60.4,102,9.5,8589.449418130878,H,0
300.5,309.9,1735,27.0,107,9.399999999999977,4905.596928580462,M,0
300.5,309.8,1416,48.5,110,9.300000000000011,7191.733902597755,M,0
300.4,309.7,1740,31.1,113,9.300000000000011,5666.80482854527,L,0
300.4,309.7,1692,27.4,115,9.300000000000011,4854.891623151522,L,0
300.5,309.8,1507,42.5,117,9.300000000000011,6707.03851602641,L,0
300.4,309.6,1521,35.0,119,9.200000000000045,5574.756163795087,M,0
300.4,309.6,1379,54.5,122,9.200000000000045,7870.26555589559,L,0
300.4,309.6,1523,38.5,124,9.200000000000045,6140.2952013188105,L,0
300.4,309.6,1571,33.6,126,9.200000000000045,5527.695105844312,H,0
300.4,309.5,1547,50.7,131,9.100000000000023,8213.474081324763,H,0
300.5,309.7,1347,54.3,136,9.199999999999989,7659.4228009376675,M,0
300.5,309.7,1560,30.2,139,9.199999999999989,4933.5571031974105,L,0
300.5,309.7,1384,48.6,141,9.199999999999989,7043.702056760603,L,0
300.5,309.7,1841,24.6,143,9.199999999999989,4742.611101712224,L,0
300.5,309.8,1663,29.1,145,9.300000000000011,5067.734525432232,L,1
300.6,309.8,1418,42.7,147,9.199999999999989,6340.634564838233,L,0
300.7,309.9,1775,26.6,149,9.199999999999989,4944.3432379747355,L,0
300.7,309.8,1406,48.4,151,9.100000000000023,7126.221223794894,L,0
300.6,309.9,1480,43.7,153,9.299999999999955,6772.854882119115,L,0
300.7,309.9,1412,45.3,155,9.199999999999989,6698.25252857187,L,0
300.6,309.8,1913,22.5,157,9.199999999999989,4507.400059737956,H,0
300.6,309.8,1629,37.6,162,9.199999999999989,6414.126888981208,L,0
300.5,309.8,1939,21.4,164,9.300000000000011,4345.304350788235,L,0
300.6,309.8,1541,36.2,166,9.199999999999989,5841.707763546125,H,0
300.7,309.8,1330,54.4,171,9.100000000000023,7576.683722417623,L,0
300.7,309.8,1490,38.8,173,9.100000000000023,6054.05848297777,M,0
300.7,309.9,1383,44.5,176,9.199999999999989,6444.820249206781,L,0
300.8,310.0,1468,52.7,178,9.199999999999989,8101.497247175312,L,0
300.8,309.9,1444,46.0,180,9.099999999999966,6955.905014068279,M,0
300.7,309.8,1363,53.1,183,9.100000000000023,7579.123692711912,L,0
300.6,309.7,1617,33.2,185,9.099999999999966,5621.817221745863,L,0
300.6,309.8,1694,31.1,187,9.199999999999989,5516.992746871084,M,0
300.7,309.9,1815,27.0,190,9.199999999999989,5131.791599638927,L,0
300.8,309.9,1312,65.3,192,9.099999999999966,8971.718412219681,L,1
300.8,309.9,2041,19.2,194,9.099999999999966,4103.673987825131,H,0
300.9,310.0,1671,26.8,199,9.100000000000023,4689.6438495727,L,0
300.9,310.0,1416,46.6,201,9.100000000000023,6909.995873423823,M,0
300.9,310.0,1600,36.0,204,9.100000000000023,6031.857894892403,M,0
300.9,310.0,2595,13.7,207,9.100000000000023,3722.944374136584,L,0
300.9,309.9,1465,42.9,209,9.0,6581.479529637937,M,0
301.0,310.1,1681,27.4,212,9.100000000000023,4823.329088958457,M,0
301.1,310.1,1457,39.6,215,9.0,6042.0366550900335,L,0
301.0,310.1,1454,44.1,217,9.100000000000023,6714.777305929752,H,0
301.0,310.1,1558,32.6,0,9.100000000000023,5318.800138331616,L,0
301.0,310.1,1756,30.7,2,9.100000000000023,5645.358222696762,H,0
301.1,310.1,1564,36.8,7,9.0,6027.1664498630425,L,0
301.1,310.2,1455,55.3,9,9.099999999999966,8425.908576560503,L,0
301.2,310.1,2280,15.7,11,8.900000000000034,3748.548354263341,M,0
301.1,310.0,1433,48.1,14,8.899999999999977,7218.049977059324,M,0
301.1,310.0,1513,38.0,17,8.899999999999977,6020.757600849719,L,0
301.0,309.9,1507,41.8,19,8.899999999999977,6596.569646350681,L,0
301.0,310.0,1480,43.5,21,9.0,6741.857834603696,L,0
301.1,310.0,1470,40.1,23,8.899999999999977,6172.915405038584,H,0
301.1,310.1,1540,36.6,28,9.0,5902.424277564503,L,0
301.0,310.0,1212,67.9,30,9.0,8617.891303621378,H,0
301.1,310.1,1417,46.9,35,9.0,6959.392181913765,L,0
301.2,310.1,1666,34.9,37,8.900000000000034,6088.762609824426,M,0
301.1,310.1,1666,27.2,40,9.0,4745.396647198407,L,0
301.1,310.1,1489,45.8,42,9.0,7141.489364091341,L,0
301.1,310.2,1850,27.7,44,9.099999999999966,5366.363851106965,M,0
301.1,310.4,1874,24.8,47,9.299999999999955,4866.8715631372115,L,0
301.1,310.4,1312,73.6,49,9.299999999999955,10112.074657570729,L,1
301.2,310.4,1515,38.4,51,9.199999999999989,6092.176473841327,L,0
301.2,310.4,1516,44.4,53,9.199999999999989,7048.728605006347,L,0
301.2,310.5,1546,40.0,55,9.300000000000011,6475.86965659976,L,0
301.3,310.6,1481,40.9,57,9.300000000000011,6343.179254887639,L,0
301.3,310.6,1605,32.5,59,9.300000000000011,5462.444226429253,H,0
301.2,310.7,1656,26.2,64,9.5,4543.496959327702,H,0
301.2,310.6,1352,52.0,69,9.400000000000034,7362.217663932561,H,0
301.3,310.7,1504,47.2,74,9.399999999999977,7433.929752238504,L,0
301.3,310.6,1436,44.2,76,9.300000000000011,6646.68852115095,L,0
301.2,310.5,1505,43.6,78,9.300000000000011,6871.500891441835,H,0
301.3,310.5,1406,47.1,83,9.199999999999989,6934.814455387181,L,0
301.3,310.5,1481,39.7,85,9.199999999999989,6157.071306088981,M,0
301.4,310.7,1487,44.6,88,9.300000000000011,6945.035103486861,L,0
301.4,310.7,1436,54.1,90,9.300000000000011,8135.42644783408,L,0
301.4,310.7,1368,63.7,92,9.300000000000011,9125.447012735343,M,1
301.4,310.7,1509,38.3,95,9.300000000000011,6052.2468312142,L,0
301.4,310.8,1543,36.9,97,9.400000000000034,5962.397281321531,L,0
301.4,310.8,1698,29.6,99,9.400000000000034,5263.298668118196,L,0
301.4,310.7,1470,46.5,101,9.300000000000011,7158.118861204343,M,0
301.4,310.8,1738,30.3,104,9.400000000000034,5514.688912258452,M,0
301.4,310.8,1530,39.9,107,9.400000000000034,6392.82689078987,M,0
301.4,310.8,1740,29.2,110,9.400000000000034,5320.601318119674,L,0
301.4,310.8,1770,24.1,112,9.400000000000034,4467.030594139327,L,0
301.3,310.6,1527,44.0,114,9.300000000000011,7035.9109069797,H,0
301.3,310.7,1516,46.0,119,9.399999999999977,7302.736843024593,L,0
301.4,310.7,1616,36.5,121,9.300000000000011,6176.7900359780115,L,0
301.4,310.7,1786,26.1,123,9.300000000000011,4881.469497000893,L,0
301.4,310.8,1389,52.7,125,9.400000000000034,7665.517490685631,L,0
301.4,310.7,1639,29.8,127,9.300000000000011,5114.7432235054475,M,0
301.5,310.7,1394,46.7,130,9.199999999999989,6817.235114338828,H,0
301.5,310.7,1686,27.9,135,9.199999999999989,4925.954448975724,L,0
301.5,310.6,1638,31.9,137,9.100000000000023,5471.837588463486,M,0
301.5,310.6,1447,41.9,140,9.100000000000023,6349.085449076388,M,0
301.5,310.6,1512,39.0,143,9.100000000000023,6175.114519896098,H,0
301.6,310.8,1961,21.8,148,9.199999999999989,4476.748587414431,L,0
301.5,310.7,1596,35.4,150,9.199999999999989,5916.4986126525855,L,0
301.5,310.7,1871,21.3,152,9.199999999999989,4173.323096955217,M,0
301.5,310.7,1942,20.5,155,9.199999999999989,4168.998171068775,L,0
301.4,310.6,1557,38.2,157,9.200000000000045,6228.458763154053,L,0
301.4,310.6,1550,36.8,159,9.200000000000045,5973.214832025393,L,0
301.3,310.6,1966,22.6,161,9.300000000000011,4652.866271574675,L,0
301.3,310.6,1499,36.1,163,9.300000000000011,5666.794356569757,M,0
301.3,310.6,1521,36.3,166,9.300000000000011,5781.81853559319,L,0
301.4,310.7,1375,42.0,168,9.300000000000011,6047.565858160351,M,0
301.4,310.6,1634,31.1,171,9.200000000000045,5321.585683817799,L,0
301.3,310.6,1378,49.4,173,9.300000000000011,7128.608834211623,M,0
301.4,310.7,1428,53.7,176,9.300000000000011,8030.287813693942,L,0
301.4,310.6,1855,25.3,178,9.200000000000045,4914.655187398313,M,0
301.4,310.6,1578,33.0,181,9.200000000000045,5453.176528101163,L,0
301.4,310.5,1451,45.3,183,9.100000000000023,6883.260919941772,M,0
301.5,310.5,1644,34.9,186,9.0,6008.358781843551,L,0
301.4,310.4,1388,45.3,188,9.0,6584.401210805775,L,0
301.4,310.4,1543,40.9,190,9.0,6608.727609920072,L,0
301.3,310.4,1501,41.6,192,9.099999999999966,6538.869061279749,L,0
301.3,310.4,1507,39.1,194,9.099999999999966,6170.475434744298,L,0
301.4,310.4,1559,36.0,196,9.0,5877.291536335785,L,0
301.5,310.5,1528,35.7,198,9.0,5712.420753875393,L,0
301.5,310.5,1503,38.2,200,9.0,6012.4428522932185,M,0
301.5,310.5,1372,44.0,203,9.0,6321.7221770636215,L,0
301.5,310.5,1600,32.8,205,9.0,5495.692748679745,M,0
301.5,310.6,1453,44.0,208,9.100000000000023,6694.943384310088,L,0
301.6,310.7,1813,24.6,210,9.099999999999966,4670.480134385802,M,0
301.6,310.7,1457,40.4,213,9.099999999999966,6164.098001657509,L,0
301.6,310.6,1553,38.9,0,9.0,6326.29843036235,M,0
301.7,310.7,1763,25.9,3,9.0,4781.682042347368,L,0
301.7,310.7,2023,20.9,5,9.0,4427.624550287798,L,0
301.6,310.7,1457,47.8,7,9.099999999999966,7293.165457406656,M,0
301.6,310.7,1679,29.5,10,9.099999999999966,5186.821830954308,L,0
301.6,310.6,2103,19.7,12,9.0,4338.445206827897,L,0
301.5,310.7,1460,38.6,14,9.199999999999989,5901.5865195235465,M,0
301.5,310.7,1454,39.4,17,9.199999999999989,5999.143443393021,M,0
301.5,310.6,1481,46.8,20,9.100000000000023,7258.210003147715,L,0
301.5,310.7,1424,51.1,22,9.199999999999989,7620.079588939212,L,0
301.6,310.7,1494,39.5,24,9.099999999999966,6179.826908876482,L,0
301.5,310.6,1424,47.0,26,9.100000000000023,7008.68377064859,M,0
301.5,310.7,1347,47.9,29,9.199999999999989,6756.654736002104,M,0
301.5,310.6,1374,46.7,32,9.100000000000023,6719.426863057066,L,0
301.5,310.6,1403,47.4,34,9.100000000000023,6964.094098918637,M,0
301.5,310.6,1573,37.4,37,9.100000000000023,6160.684137640608,M,0
301.6,310.6,1691,30.1,40,9.0,5330.141287811076,M,0
301.5,310.5,1538,44.3,43,9.0,7134.9129634698265,H,0
301.5,310.5,1556,39.1,48,9.0,6371.108013578053,L,0
301.5,310.4,1593,36.8,50,8.899999999999977,6138.923372526742,M,0
301.5,310.4,1474,39.9,53,8.899999999999977,6158.841069950503,L,0
301.5,310.4,1543,34.0,55,8.899999999999977,5493.807793087591,L,0
301.5,310.5,1587,33.8,57,9.0,5617.230496471621,H,0
301.6,310.6,1222,70.0,62,9.0,8957.727852935697,L,0
301.7,310.6,1513,41.1,64,8.900000000000034,6511.924668287459,L,0
301.7,310.6,1660,28.7,66,8.900000000000034,4989.05857341083,L,0
301.7,310.6,1545,42.1,68,8.900000000000034,6811.444111880711,L,0
301.7,310.6,1380,45.8,70,8.900000000000034,6618.707402582977,M,0
301.6,310.6,1321,60.8,73,9.0,8410.75562799469,L,0
301.6,310.6,1309,65.8,75,9.0,9019.742891917558,M,1
301.7,310.7,1627,31.3,78,9.0,5332.864001444186,M,0
301.6,310.7,1791,23.8,81,9.099999999999966,4463.763337779594,M,0
301.7,310.7,1861,21.8,84,9.0,4248.459521253573,M,0
301.7,310.7,1493,51.1,87,9.0,7989.31097351562,L,0
301.7,310.7,1442,41.1,89,9.0,6206.34195087278,M,0
301.7,310.7,1532,39.8,92,9.0,6385.140460764086,L,0
301.6,310.7,1421,44.4,94,9.099999999999966,6607.020677911622,M,0
301.6,310.6,1613,42.5,97,9.0,7178.801012840477,L,0
301.7,310.6,1876,22.1,99,8.900000000000034,4341.639159359046,M,0
301.6,310.5,1593,34.5,102,8.899999999999977,5755.240661743821,L,0
301.6,310.5,1397,49.4,104,8.899999999999977,7226.898796366935,L,0
301.6,310.5,1414,49.3,106,8.899999999999977,7300.035073342506,M,0
301.5,310.4,1378,55.3,109,8.899999999999977,7980.001387285481,M,0
301.4,310.4,1301,51.2,112,9.0,6975.508552226682,L,0
301.5,310.5,1737,29.3,114,9.0,5329.617689035476,M,0
301.5,310.5,1396,44.5,117,9.0,6505.400627543504,L,0
301.5,310.5,1534,39.3,119,9.0,6313.156101094833,L,0
301.5,310.5,1774,25.5,121,9.0,4737.20756234805,M,0
301.5,310.5,1453,48.0,124,9.0,7303.574601065551,H,0
301.5,310.5,1453,44.2,129,9.0,6725.374945147862,L,0
301.4,310.5,1380,48.4,131,9.100000000000023,6994.441883952316,L,0
301.4,310.4,1334,43.2,133,9.0,6034.873823839849,L,0
301.5,310.5,1702,28.7,135,9.0,5115.287766232069,L,0
301.6,310.6,1431,37.5,137,9.0,5619.523859108743,L,0
301.5,310.5,1308,60.5,139,9.0,8286.893101639156,M,0
301.5,310.6,1565,43.9,142,9.100000000000023,7194.613695863543,L,0
301.5,310.4,1486,39.6,144,8.899999999999977,6162.296821869451,M,0
301.5,310.5,1479,34.2,147,9.0,5296.9137095116075,L,0
301.5,310.5,1927,22.4,149,9.0,4520.20728578909,L,0
301.5,310.4,1488,41.1,151,8.899999999999977,6404.325119902009,L,0
301.5,310.4,1350,54.9,153,8.899999999999977,7761.304650693584,M,0
301.6,310.4,1561,35.3,156,8.799999999999955,5770.4040822851475,L,0
301.5,310.4,1276,55.6,158,8.899999999999977,7429.405858817334,M,0
301.5,310.4,1580,35.7,161,8.899999999999977,5906.822507279529,H,0
301.4,310.3,1610,29.1,166,8.900000000000034,4906.22524711118,M,0
301.4,310.3,2203,16.6,169,8.900000000000034,3829.5805007749345,L,0
301.4,310.3,1639,32.7,171,8.900000000000034,5612.486691564703,L,0
301.4,310.4,1553,44.7,173,9.0,7269.551152627174,M,0
301.4,310.3,1374,47.6,176,8.900000000000034,6848.923312238037,L,0
301.4,310.4,1430,50.9,178,9.0,7622.2368158946765,L,0
301.3,310.3,1626,31.3,180,9.0,5329.58627310894,L,0
301.4,310.5,1421,43.8,182,9.100000000000023,6517.7366146966,H,0
301.3,310.4,1501,39.8,187,9.099999999999966,6255.937226897451,M,0
301.3,310.4,2093,18.7,190,9.099999999999966,4098.636967603876,M,0
301.3,310.4,1504,47.2,193,9.099999999999966,7433.929752238504,L,0
301.3,310.4,1538,38.4,195,9.099999999999966,6184.66496156301,L,0
301.3,310.4,1440,41.5,197,9.099999999999966,6258.052565950868,L,0
301.3,310.4,1414,51.4,199,9.099999999999966,7610.9899141948235,L,0
301.4,310.5,1536,39.9,201,9.100000000000023,6417.896800165517,H,0
301.4,310.5,1476,39.2,206,9.100000000000023,6059.001255419419,L,0
301.4,310.5,1571,33.9,208,9.100000000000023,5577.049526432207,L,0
301.5,310.6,1998,20.2,210,9.100000000000023,4226.44742872742,L,0
301.5,310.6,1357,42.1,212,9.100000000000023,5982.608194059627,L,0
301.6,310.7,1424,50.5,214,9.099999999999966,7530.607030164974,L,0
301.6,310.7,1380,51.8,216,9.099999999999966,7485.78697497376,L,1
301.5,310.7,1618,35.5,218,9.199999999999989,6014.998014318137,L,0
301.5,310.6,1579,28.0,220,9.100000000000023,4629.869813350398,L,0
301.5,310.7,1423,44.0,222,9.199999999999989,6556.713307552138,L,0
301.5,310.7,1435,38.5,224,9.199999999999989,5785.504670973403,L,0
301.5,310.7,1336,65.6,0,9.199999999999989,9177.806890295175,M,1
301.6,310.8,1392,42.4,3,9.199999999999989,6180.643722966415,L,0
301.5,310.8,1417,49.7,5,9.300000000000011,7374.878282326528,L,0
301.4,310.7,1425,45.1,7,9.300000000000011,6730.076862152733,L,0
301.5,310.8,1512,38.9,9,9.300000000000011,6159.2808929220055,L,0
301.5,310.9,1318,50.6,11,9.399999999999977,6983.844244734205,L,0
301.6,310.9,1538,40.4,13,9.299999999999955,6506.782928311083,L,0
301.6,310.9,1532,43.6,15,9.299999999999955,6994.776987168699,L,0
301.7,311.0,1715,24.8,17,9.300000000000011,4453.94062474937,L,0
301.7,311.0,1700,28.7,19,9.300000000000011,5109.2768522882,L,0
301.7,311.0,1548,40.3,21,9.300000000000011,6532.879091286903,L,0
301.7,311.0,1546,43.0,23,9.300000000000011,6961.559880844741,L,0
301.7,311.0,1343,49.2,25,9.300000000000011,6919.420651384591,L,0
301.7,311.0,1510,47.8,27,9.300000000000011,7558.462485026802,M,0
301.8,311.0,1839,23.6,30,9.199999999999989,4544.879260095282,M,0
301.8,311.0,1756,26.7,33,9.199999999999989,4909.806662736271,M,0
301.7,310.9,1300,62.7,36,9.199999999999989,8535.707239803469,M,0
301.7,311.0,1311,55.8,39,9.300000000000011,7660.648022072566,M,0
301.7,310.9,1636,31.3,42,9.199999999999989,5362.363556461394,L,0
301.6,310.9,1643,34.1,44,9.299999999999955,5867.060416260594,L,0
301.6,310.8,1418,44.7,46,9.199999999999989,6637.619790357588,L,0
301.7,310.8,1516,40.4,48,9.100000000000023,6413.708009960729,M,0
301.6,310.9,1419,50.2,51,9.299999999999955,7459.586092242821,H,0
301.6,310.9,1623,34.1,56,9.299999999999955,5795.6415432689855,L,0
301.6,310.8,1664,32.0,58,9.199999999999989,5576.117520611644,M,0
301.5,310.7,1744,28.2,61,9.199999999999989,5150.201332588963,M,0
301.5,310.7,1510,36.0,64,9.199999999999989,5692.5658883047045,M,0
301.5,310.6,1382,58.1,67,9.100000000000023,8408.388961528985,M,0
301.4,310.6,1381,46.1,70,9.200000000000045,6666.888961913531,L,0
301.3,310.6,1556,39.0,72,9.300000000000011,6354.813619681434,L,0
301.4,310.6,1464,37.4,74,9.200000000000045,5733.783583919802,M,0
301.4,310.6,1481,37.6,77,9.200000000000045,5831.382395691327,L,0
301.5,310.7,1323,49.7,79,9.199999999999989,6885.648530358501,L,0
301.5,310.7,1426,46.1,81,9.199999999999989,6884.130093909265,L,0
301.4,310.7,1516,36.4,83,9.300000000000011,5778.687414915113,H,0
301.3,310.6,1416,45.2,88,9.300000000000011,6702.39943087461,L,0
301.3,310.6,1440,53.8,90,9.300000000000011,8112.848868630282,L,0
301.3,310.6,1576,30.4,92,9.300000000000011,5017.165355684947,L,0
301.3,310.6,1387,53.6,94,9.300000000000011,7785.201698811889,L,0
301.4,310.6,1464,48.6,96,9.200000000000045,7450.85246466584,M,0
301.4,310.6,2137,18.0,99,9.200000000000045,4028.150100432833,L,0
301.4,310.6,1431,40.6,101,9.200000000000045,6084.071164795066,M,0
301.3,310.6,1458,48.0,104,9.300000000000011,7328.7073422942685,L,0
301.4,310.7,1280,61.0,106,9.300000000000011,8176.518479743035,L,0
301.4,310.7,1657,28.7,108,9.300000000000011,4980.042202495028,L,0
301.4,310.6,1565,36.1,110,9.200000000000045,5916.299645117858,M,0
301.3,310.6,1560,36.8,113,9.300000000000011,6011.7517019094275,L,0
301.5,310.7,1359,47.1,115,9.199999999999989,6702.99633347879,M,0
301.5,310.8,1500,41.0,118,9.300000000000011,6440.264939859077,L,0
301.5,310.8,1785,25.5,120,9.300000000000011,4766.581453659114,L,0
301.5,310.9,1891,23.2,122,9.399999999999977,4594.181320805617,L,0
301.5,310.9,1524,40.4,124,9.399999999999977,6447.553434815403,H,0
301.6,311.0,1431,42.3,129,9.399999999999977,6338.822913074661,M,0
301.6,310.9,1385,51.2,132,9.299999999999955,7425.887275045315,L,0
301.7,311.0,1503,44.8,134,9.300000000000011,7051.241879129218,L,0
301.7,311.0,1311,46.8,136,9.300000000000011,6425.059631415701,M,0
301.6,310.9,1575,40.1,139,9.299999999999955,6613.837933969912,M,0
301.6,311.0,1485,40.1,142,9.399999999999977,6235.904337743061,L,0
301.7,311.0,1527,42.2,144,9.300000000000011,6748.078188057803,L,0
301.7,311.0,1537,33.5,146,9.300000000000011,5391.967831233722,M,0
301.8,311.1,1463,50.1,149,9.300000000000011,7675.57058717712,H,0
301.7,311.2,1482,43.6,154,9.5,6766.487921007842,L,0
301.8,311.2,1417,55.9,156,9.399999999999977,8294.883218954787,L,0
301.7,311.1,1506,39.5,158,9.400000000000034,6229.464072803201,M,0
301.7,311.2,1639,30.0,161,9.5,5149.070359233671,H,0
301.7,311.2,1418,38.0,166,9.5,5642.719284867748,L,0
301.7,311.0,1298,58.1,168,9.300000000000011,7897.314668642998,M,0
301.8,311.1,1395,44.6,171,9.300000000000011,6515.349004279871,M,0
301.7,311.1,1578,40.5,174,9.400000000000034,6692.534829942336,M,0
301.8,311.1,1597,29.8,177,9.300000000000011,4983.67597799768,M,0
301.7,311.0,2016,19.3,180,9.300000000000011,4074.520007999818,H,0
301.7,311.0,1585,35.9,185,9.300000000000011,5958.71114594132,L,0
301.7,311.0,1505,44.0,187,9.300000000000011,6934.54218402387,M,0
301.7,311.0,1505,37.1,190,9.300000000000011,5847.079886983764,M,0
301.6,310.9,1706,29.5,193,9.299999999999955,5270.231115907117,L,0
301.6,310.9,1385,50.7,195,9.299999999999955,7353.36884462495,L,0
301.8,311.1,1495,36.9,197,9.300000000000011,5776.917651053591,L,0
301.8,311.1,1663,31.6,199,9.300000000000011,5503.106907342217,M,0
301.8,311.2,1840,26.6,202,9.399999999999977,5125.403694576628,L,0
301.8,311.2,1822,26.2,204,9.399999999999977,4998.944118294126,L,0
301.7,311.1,1644,32.8,206,9.400000000000034,5646.824299268437,L,0
301.7,311.0,1441,44.3,208,9.300000000000011,6684.921703745137,L,1
301.5,310.9,1451,40.6,0,9.399999999999977,6169.1036059522285,L,0
301.5,310.9,1400,50.8,2,9.399999999999977,7447.668984110202,L,0
301.4,310.8,1362,53.2,4,9.400000000000034,7587.825904362355,L,0
301.4,310.8,1782,26.5,6,9.400000000000034,4945.180996015693,M,0
301.4,310.9,1536,38.3,9,9.5,6160.53752998344,L,0
301.5,310.9,1580,32.3,11,9.399999999999977,5344.267982776716,L,0
301.4,311.0,1427,43.2,13,9.600000000000023,6455.5959120085945,M,0
301.3,310.9,1509,41.7,16,9.599999999999966,6589.522006831127,L,0
301.3,310.8,1434,39.5,18,9.5,5931.6410892428885,H,0
301.2,310.8,1392,52.6,23,9.600000000000023,7667.496694057393,L,0
301.3,310.8,1509,40.1,25,9.5,6336.68663007022,M,0
301.2,310.7,1962,22.5,28,9.5,4622.85358975738,M,0
301.3,310.7,1536,39.3,31,9.399999999999977,6321.387073847238,L,0
301.3,310.8,1381,47.9,33,9.5,6927.20132918998,L,0
301.2,310.7,1747,27.3,35,9.5,4994.409752897445,H,0
301.2,310.6,1670,30.0,40,9.400000000000034,5246.459731494954,L,0
301.3,310.6,1451,47.5,42,9.300000000000011,7217.54732223475,L,0
301.2,310.7,1951,21.3,44,9.5,4351.765559679117,L,0
301.3,310.7,1819,25.5,46,9.399999999999977,4857.373481347859,M,0
301.3,310.8,1372,54.2,49,9.5,7787.212318110189,M,0
301.3,310.8,1560,38.5,52,9.5,6289.468492486765,L,0
301.3,310.8,1494,35.3,54,9.5,5522.731389451641,M,0
301.3,310.8,1531,53.4,57,9.5,8561.405467709832,L,0
301.3,310.8,1450,46.9,59,9.5,7121.466946912463,L,0
301.3,310.7,1391,52.5,61,9.399999999999977,7647.421917000955,M,0
301.2,310.6,1389,45.3,64,9.400000000000034,6589.145015712695,L,0
301.2,310.6,1409,50.9,66,9.400000000000034,7510.301869647271,L,0
301.1,310.6,1388,58.5,68,9.5,8503.034676206134,H,0
301.1,310.6,1410,43.9,73,9.5,6482.04812215182,M,0
301.1,310.5,1646,30.7,76,9.399999999999977,5291.719609657672,M,0
301.1,310.7,2219,16.7,79,9.599999999999966,3880.6313813957677,M,0
301.2,310.7,1551,41.2,82,9.5,6691.718015852404,L,0
301.2,310.6,1811,24.0,84,9.400000000000034,4551.539436520892,L,0
301.3,310.7,1608,31.4,86,9.399999999999977,5287.4260996977655,L,0
301.3,310.8,1428,55.2,88,9.5,8254.597529160254,L,0
301.4,310.8,1477,50.4,90,9.400000000000034,7795.422346911568,L,0
301.3,310.7,1300,58.3,92,9.399999999999977,7936.7102405190135,M,0
301.2,310.7,1615,34.9,95,9.5,5902.371917686944,M,0
301.2,310.7,1676,32.4,98,9.5,5686.534030409813,L,0
301.1,310.7,2636,12.2,100,9.599999999999966,3367.703548844162,M,1
301.1,310.6,1310,48.8,103,9.5,6694.52450528961,M,0
301.1,310.7,1334,48.2,106,9.599999999999966,6733.35459048798,L,0
301.1,310.7,1621,31.0,108,9.599999999999966,5262.272414518024,M,0
301.1,310.7,1367,43.4,111,9.599999999999966,6212.792687788151,M,0
301.0,310.6,1588,33.7,114,9.600000000000023,5604.140527081665,L,0
301.0,310.7,1497,37.6,116,9.699999999999989,5894.381800371313,M,0
301.1,310.8,1608,32.9,119,9.699999999999989,5540.010149046385,L,0
301.0,310.8,1549,41.4,121,9.800000000000011,6715.531288166613,L,0
301.0,310.7,1391,45.0,123,9.699999999999989,6554.933071715104,L,0
300.9,310.8,1490,38.1,125,9.900000000000034,5944.835778387966,L,0
301.0,310.7,1727,34.5,127,9.699999999999989,6239.360089662009,L,0
300.9,310.6,1504,46.4,129,9.700000000000045,7307.930942878529,L,0
300.9,310.6,1350,53.8,131,9.700000000000045,7605.795814340889,L,0
300.9,310.7,1420,43.0,133,9.800000000000011,6394.188247606425,M,0
300.8,310.6,1465,44.1,136,9.800000000000011,6765.576859138299,H,0
300.9,310.7,1427,44.1,141,9.800000000000011,6590.087493508774,L,0
300.9,310.7,1477,43.2,143,9.800000000000011,6681.790583067059,L,0
301.0,310.7,1493,48.1,145,9.699999999999989,7520.271190334664,M,0
301.0,310.7,1657,29.9,148,9.699999999999989,5188.266963574959,M,0
300.9,310.7,1359,46.0,151,9.800000000000011,6546.4507715504105,L,0
300.8,310.6,1551,34.5,153,9.800000000000011,5603.501736575436,L,0
300.8,310.6,1545,37.5,155,9.800000000000011,6067.200812245289,M,0
300.9,310.6,1709,29.2,158,9.700000000000045,5225.808995785357,M,0
300.9,310.7,1268,56.3,161,9.800000000000011,7475.7757663843195,M,0
300.9,310.7,1740,25.3,164,9.800000000000011,4609.973059877662,L,0
301.0,310.9,1828,25.1,166,9.899999999999977,4804.835580204325,L,0
301.0,310.9,1822,21.6,168,9.899999999999977,4121.266906685234,L,0
301.0,310.9,1515,41.8,170,9.899999999999977,6631.587932462694,M,0
301.0,310.9,1392,52.9,173,9.899999999999977,7711.227663795363,L,0
300.9,310.9,1474,35.7,175,10.0,5510.542009955714,H,0
301.0,310.9,1359,53.4,180,9.899999999999977,7599.575460886781,M,0
301.1,311.0,1565,52.3,183,9.899999999999977,8571.25959666659,L,0
301.1,311.1,1384,42.5,185,10.0,6159.615996138387,M,0
301.1,311.1,1387,53.1,188,10.0,7712.578548636406,L,0
301.1,311.0,1378,51.1,190,9.899999999999977,7373.925332554938,L,0
301.0,310.9,1809,25.7,192,9.899999999999977,4868.557551194638,L,0
301.1,311.0,1339,52.8,194,9.899999999999977,7403.60291115585,H,0
301.0,311.0,1423,38.6,199,10.0,5752.025765261648,M,0
301.1,311.1,1570,41.6,202,10.0,6839.45664637522,L,0
301.2,311.2,1558,34.1,204,10.0,5563.530206046261,L,0
301.1,311.1,1799,21.7,206,10.0,4088.0812162878137,L,0
301.1,311.2,1591,35.0,208,10.099999999999966,5831.319563838254,M,0
301.2,311.2,1635,29.6,211,10.0,5068.017268771054,L,0
301.3,311.3,1509,42.5,213,10.0,6715.93969521158,L,0
301.3,311.4,1838,23.2,215,10.099999999999966,4465.417909910483,M,0
301.3,311.5,1648,32.4,0,10.199999999999989,5591.532268565256,M,0
301.2,311.5,1498,49.5,3,10.300000000000011,7765.074561877892,M,0
301.2,311.4,1757,28.0,6,10.199999999999989,5151.7930728667825,L,0
301.1,311.3,1389,53.3,8,10.199999999999989,7752.790934602354,M,0
301.1,311.3,1498,37.6,11,10.199999999999989,5898.319263163813,L,0
301.0,311.2,1521,35.8,13,10.199999999999989,5702.179161824689,M,0
301.0,311.2,1394,41.3,16,10.199999999999989,6028.946685700076,M,0
301.0,311.2,1602,32.7,19,10.199999999999989,5485.786259845426,H,0
300.9,311.1,1417,40.7,24,10.200000000000045,6039.387245285507,L,0
301.0,311.2,1511,42.9,26,10.199999999999989,6788.133494391073,L,0
301.1,311.3,1654,30.7,28,10.199999999999989,5317.438781515059,M,0
301.1,311.3,1836,22.8,31,10.199999999999989,4383.652725113054,M,0
301.1,311.3,1622,35.6,34,10.199999999999989,6046.853763825538,L,0
301.0,311.2,1467,45.4,36,10.199999999999989,6974.524186528556,L,0
301.1,311.3,1909,22.7,38,10.199999999999989,4537.957284281872,M,0
301.1,311.2,1910,20.2,41,10.099999999999966,4040.297592026713,L,0
301.1,311.3,2207,16.6,43,10.199999999999989,3836.5338925148794,H,0
301.1,311.2,1384,49.4,48,10.099999999999966,7159.64776962909,M,0
301.1,311.3,1630,29.5,51,10.199999999999989,5035.44942492884,L,0
301.1,311.3,1268,60.0,53,10.199999999999989,7967.0789695037165,L,0
301.1,311.4,1531,38.7,55,10.299999999999955,6204.6140749133065,L,0
301.0,311.3,1454,41.5,57,10.300000000000011,6318.894743675391,M,0
301.0,311.3,1342,50.9,60,10.300000000000011,7153.176088762695,L,0
301.0,311.2,1363,46.3,62,10.199999999999989,6608.539114360857,L,0
301.0,311.2,1412,42.1,64,10.199999999999989,6225.086787039199,L,0
301.0,311.3,1597,39.2,66,10.300000000000011,6555.707997902989,H,0
301.0,311.3,1349,47.0,71,10.300000000000011,6639.546633851788,L,0
301.0,311.3,1472,35.3,73,10.300000000000011,5441.406027625712,L,0
301.0,311.4,1478,39.5,75,10.399999999999977,6113.644023640857,L,0
300.9,311.3,1295,58.9,77,10.400000000000034,7987.551681629608,H,0
300.8,311.2,1592,32.9,82,10.399999999999977,5484.885669951395,M,0
300.8,311.2,1430,54.4,85,10.399999999999977,8146.359190268574,L,0
300.8,311.2,1488,40.1,87,10.399999999999977,6248.502124283955,M,0
300.9,311.2,1518,35.0,90,10.300000000000011,5563.760589507524,H,0
300.8,311.2,2237,17.0,95,10.399999999999977,3982.3875674455417,H,0
300.9,311.3,1801,24.6,100,10.400000000000034,4639.566862674478,M,0
301.0,311.4,1573,37.6,103,10.399999999999977,6193.628972601254,L,0
300.9,311.4,2073,21.4,105,10.5,4645.59872056937,L,0
300.9,311.3,1953,19.4,107,10.400000000000034,3967.643025924693,L,0
300.8,311.2,1492,39.0,109,10.399999999999977,6093.433110902763,L,0
300.8,311.2,1397,48.7,111,10.399999999999977,7124.4933478354205,L,0
300.8,311.3,1465,43.2,113,10.5,6627.503862013028,M,0
300.8,311.3,1782,26.9,116,10.5,5019.8252374649865,L,0
300.9,311.4,1434,45.4,118,10.5,6817.633049408281,M,0
300.9,311.4,1387,42.7,121,10.5,6202.017024986338,H,0
300.9,311.4,1532,41.5,126,10.5,6657.872590997728,M,0
300.9,311.5,1505,41.1,129,10.600000000000023,6477.492812804115,L,0
301.0,311.6,1440,43.3,131,10.600000000000023,6529.486171221026,L,0
301.0,311.6,1470,43.4,133,10.600000000000023,6680.910937124053,L,0
301.1,311.7,1408,46.3,135,10.599999999999966,6826.722724152667,L,0
301.0,311.6,1357,45.6,137,10.600000000000023,6479.974671000451,M,0
301.0,311.6,1454,40.0,140,10.600000000000023,6090.500957759413,M,0
301.0,311.6,1352,63.5,143,10.600000000000023,8990.400416533032,L,0
301.0,311.6,1448,43.9,145,10.600000000000023,6656.741617642437,M,0
300.9,311.6,1671,33.5,148,10.700000000000045,5862.054811965875,L,0
301.0,311.7,1670,31.3,150,10.699999999999989,5473.806319859736,L,0
301.0,311.7,1547,34.5,152,10.699999999999989,5589.050410368921,L,0
301.0,311.6,1461,40.6,154,10.600000000000023,6211.619826530811,L,0
301.0,311.6,1609,35.8,156,10.600000000000023,6032.0882783536645,M,0
300.9,311.5,1704,31.3,159,10.600000000000023,5585.249083258078,M,0
301.0,311.5,1550,34.9,162,10.5,5664.815153197996,M,0
301.0,311.5,1530,43.9,165,10.5,7033.711792122187,M,0
300.9,311.3,1449,40.2,168,10.400000000000034,6099.904791769159,L,0
300.9,311.3,1613,32.7,170,10.400000000000034,5523.453955761967,L,0
300.8,311.2,1376,48.1,172,10.399999999999977,6930.939824447753,L,0
300.8,311.2,1434,45.6,174,10.399999999999977,6847.666675176601,L,0
300.8,311.1,1480,41.1,176,10.300000000000011,6369.893264418664,L,0
300.8,311.2,1634,31.9,178,10.399999999999977,5458.475347710218,M,0
300.8,311.2,1481,38.5,181,10.399999999999977,5970.963357290321,L,0
300.9,311.3,1668,28.9,183,10.400000000000034,5048.036739494222,H,0
301.0,311.4,1484,36.2,188,10.399999999999977,5625.629020832219,L,0
300.9,311.3,1603,31.8,190,10.400000000000034,5338.1314051267045,M,0
301.0,311.4,1481,37.5,193,10.399999999999977,5815.8733999581045,L,0
301.0,311.5,1559,31.8,195,10.5,5191.607523763277,L,0
301.0,311.5,1444,39.8,197,10.5,6018.369990432989,L,0
301.2,311.6,1423,48.0,199,10.400000000000034,7152.778153693242,M,0
301.1,311.6,1432,48.1,202,10.5,7213.012956838069,L,0
301.2,311.7,1463,48.3,204,10.5,7399.801584045007,L,0
301.2,311.7,1433,49.3,206,10.5,7398.1260679630905,L,0
301.2,311.6,1461,52.9,208,10.400000000000034,8093.465241957632,L,1
301.1,311.6,1266,55.5,210,10.5,7357.924153972655,M,0
301.1,311.6,1417,53.4,0,10.5,7923.913486443392,H,0
301.1,311.6,1488,43.4,5,10.5,6762.718009823532,L,0
301.1,311.7,1816,24.5,7,10.599999999999966,4659.191344783902,L,0
301.0,311.6,1301,55.0,9,10.600000000000023,7493.222077587256,M,0
300.9,311.5,1836,21.8,12,10.600000000000023,4191.387254713359,M,0
300.8,311.4,1521,39.9,15,10.599999999999966,6355.222026726399,M,0
300.8,311.4,1322,67.2,18,10.599999999999966,9303.135493222384,L,1
300.8,311.4,1492,40.6,20,10.599999999999966,6343.420110324415,L,0
300.8,311.4,1536,40.9,22,10.599999999999966,6578.746344029314,L,0
300.7,311.2,1878,24.3,24,10.5,4778.927912787722,L,0
300.6,311.1,1471,40.7,26,10.5,6269.540323087495,L,0
300.6,311.1,1452,40.2,28,10.5,6112.533994236589,H,0
300.7,311.2,1452,44.4,33,10.5,6751.156948858322,L,0
300.7,311.3,1348,53.0,35,10.600000000000023,7481.598184768973,M,0
300.8,311.4,1453,44.6,38,10.599999999999966,6786.238066823408,H,0
300.8,311.4,1316,57.6,43,10.599999999999966,7937.924989678403,L,0
300.8,311.4,1732,26.9,45,10.599999999999966,4878.977166829044,M,0
300.7,311.3,1522,35.2,48,10.600000000000023,5610.298048682701,L,0
300.7,311.3,1487,39.8,50,10.600000000000023,6197.587379344776,M,0
300.8,311.4,1852,22.2,53,10.599999999999966,4305.48989989174,M,0
300.7,311.2,1486,46.8,56,10.5,7282.714425845715,L,0
300.7,311.3,1562,37.1,58,10.600000000000023,6068.530753135308,M,0
300.7,311.2,1457,51.4,61,10.5,7842.441516960296,L,0
300.7,311.2,1769,26.5,63,10.5,4909.1050403769705,M,0
300.7,311.3,1374,53.1,66,10.600000000000023,7640.290501677307,H,0
300.8,311.3,1524,43.5,71,10.5,6942.291445902724,L,0
300.8,311.3,1498,40.2,73,10.5,6306.181765403864,L,0
300.8,311.3,1462,41.4,75,10.5,6338.351674176623,L,0
300.8,311.2,1429,52.3,77,10.399999999999977,7826.408922451476,M,0
300.7,311.2,1399,47.9,80,10.5,7017.490702054153,L,0
300.8,311.2,1434,39.1,82,10.399999999999977,5871.573837706252,M,0
300.7,311.1,1324,52.2,85,10.400000000000034,7237.475491634022,L,0
300.6,311.0,1563,40.7,87,10.399999999999977,6661.65297415755,L,0
300.6,311.0,1543,34.7,89,10.399999999999977,5606.915600592335,L,0
300.7,311.0,1413,52.0,91,10.300000000000011,7694.388727172121,L,0
300.7,311.0,1378,41.2,93,10.300000000000011,5945.317489261516,M,0
300.7,311.1,1373,49.9,96,10.400000000000034,7174.633166586714,M,0
300.7,311.0,1981,19.9,99,10.300000000000011,4128.251714351715,H,0
300.7,311.0,1263,52.3,104,10.300000000000011,6917.252952453614,M,0
300.7,311.0,1312,52.1,107,10.300000000000011,7158.139805155367,L,0
300.7,311.0,1969,20.7,109,10.300000000000011,4268.199195093629,L,0
300.8,311.2,1365,51.7,111,10.399999999999977,7390.12547867195,M,0
300.9,311.2,1789,25.5,114,10.300000000000011,4777.262868681319,L,0
300.8,311.1,1583,32.1,116,10.300000000000011,5321.261052576928,M,0
300.7,311.0,1436,44.9,119,10.300000000000011,6751.952818997231,L,0
300.7,311.0,1559,42.8,121,10.300000000000011,6987.446604310322,M,0
300.7,311.0,1377,49.9,124,10.300000000000011,7195.535229708598,L,0
300.7,311.0,1462,41.9,126,10.300000000000011,6414.901815169094,L,0
300.7,311.0,1318,48.2,128,10.300000000000011,6652.594715339697,L,0
300.7,311.0,1378,51.6,130,10.300000000000011,7446.077243832384,M,0
300.6,310.9,1344,46.7,133,10.299999999999955,6572.714486134422,L,0
300.7,311.1,2377,14.3,135,10.400000000000034,3559.539668247867,L,0
300.7,311.1,1427,50.3,137,10.400000000000034,7516.585054954451,L,0
300.9,311.2,1353,60.4,139,10.300000000000011,8557.82405208474,L,0
300.8,311.3,1505,45.5,141,10.5,7170.947031206501,L,0
300.8,311.2,1612,32.5,143,10.399999999999977,5486.2679707189745,H,0
300.7,311.1,1440,43.0,148,10.400000000000034,6484.247237009333,L,0
300.7,311.0,1334,53.9,150,10.300000000000011,7529.622664466848,M,0
300.7,311.0,1706,25.0,153,10.300000000000011,4466.297555853489,M,0
300.8,311.1,1698,24.8,156,10.300000000000011,4409.79077599092,H,0
300.7,311.1,1688,30.7,161,10.400000000000034,5426.745261908961,L,0
300.7,311.1,2437,13.8,163,10.400000000000034,3521.78819652723,L,0
300.7,311.1,1478,46.8,165,10.400000000000034,7243.507349528913,L,0
300.7,311.1,1608,35.3,167,10.400000000000034,5944.1446280041755,M,0
300.7,311.1,2478,13.4,170,10.400000000000034,3477.240412699327,L,1
300.8,311.1,1509,33.4,172,10.300000000000011,5277.938489883924,L,0
300.7,311.0,1596,36.9,174,10.300000000000011,6167.1977064090515,L,0
300.7,311.0,1740,25.6,176,10.300000000000011,4664.636772050125,M,0
300.6,310.8,1375,53.2,179,10.199999999999989,7660.250087003112,L,0
300.6,310.7,1705,31.2,181,10.099999999999966,5570.672093345421,M,0
300.5,310.6,1621,32.0,184,10.100000000000023,5432.023137566992,M,0
300.6,310.7,1566,38.2,187,10.099999999999966,6264.461414964191,M,0
300.6,310.7,1388,42.9,190,10.099999999999966,6235.558762551164,M,0
300.6,310.7,1457,36.7,193,10.099999999999966,5599.564273782936,M,0
300.6,310.6,1463,45.5,196,10.0,6970.827579172834,M,0
300.5,310.5,1564,38.2,199,10.0,6256.46082567305,L,0
300.5,310.6,1411,47.2,201,10.100000000000023,6974.251915165245,H,0
300.5,310.6,1540,46.7,206,10.100000000000023,7531.235348695692,L,0
300.5,310.6,1950,20.3,208,10.100000000000023,4145.331506411732,L,0
300.6,310.7,1339,52.9,0,10.099999999999966,7417.624886366373,M,0
300.6,310.6,1419,39.6,3,10.0,5884.4543675859695,H,0
300.5,310.6,1499,45.2,8,10.100000000000023,7095.266064181524,L,0
300.5,310.6,1368,49.6,10,10.100000000000023,7105.52860018325,L,0
300.5,310.5,1536,36.2,12,10.0,5822.753487869467,L,0
300.5,310.5,1469,42.9,14,10.0,6599.449439616471,M,0
300.5,310.5,2633,12.2,17,10.0,3363.870805806783,L,1
300.4,310.4,1298,61.4,19,10.0,8345.871267722549,L,0
300.4,310.4,1544,36.3,21,10.0,5869.249059142595,M,0
300.5,310.5,1403,47.7,24,10.0,7008.170643848503,H,0
300.5,310.5,1452,42.9,29,10.0,6523.077322207703,L,0
300.6,310.5,1509,43.1,31,9.899999999999977,6810.752961496921,L,0
300.7,310.6,1474,37.0,33,9.900000000000034,5711.206004716006,M,0
300.7,310.7,1377,46.7,36,10.0,6734.09810074933,M,0
300.8,310.8,1741,27.1,39,10.0,4940.79323827618,L,0
300.8,310.8,1460,53.8,41,10.0,8225.527325139035,L,0
300.7,310.6,1631,32.6,43,9.900000000000034,5568.012211565381,H,0
300.7,310.5,1561,33.2,48,9.800000000000011,5427.122253027392,L,0
300.7,310.6,1572,38.5,50,9.900000000000034,6337.849019352048,M,0
300.6,310.6,2127,18.7,53,10.0,4165.217787908955,L,0
300.6,310.6,1448,44.7,55,10.0,6778.048981973051,H,0
300.6,310.7,1543,39.6,60,10.099999999999966,6398.670253125547,L,0
300.6,310.6,1508,34.8,62,10.0,5495.525197071553,L,0
300.6,310.6,1403,50.4,64,10.0,7404.859548217285,M,0
300.6,310.6,1454,39.7,67,10.0,6044.822200576217,L,0
300.7,310.8,1772,27.3,69,10.100000000000023,5065.880985766613,L,0
300.7,310.8,1479,49.1,71,10.100000000000023,7604.633425059062,L,0
300.7,310.9,1723,31.0,73,10.199999999999989,5593.396280206388,L,0
300.7,310.8,1469,46.4,75,10.100000000000023,7137.866060564202,M,0
300.6,310.6,1830,26.2,78,10.0,5020.893378967207,H,0
300.6,310.6,1497,38.2,83,10.0,5988.441084419792,L,0
300.7,310.6,1540,52.7,85,9.900000000000034,8498.845886001349,L,0
300.6,310.6,1514,39.5,87,10.0,6262.555515421012,L,0
300.7,310.6,1654,34.2,89,9.900000000000034,5923.66144390277,L,0
300.6,310.5,1519,37.0,91,9.899999999999977,5885.5643969902385,H,0
300.7,310.6,1720,30.3,96,9.900000000000034,5457.574757816188,L,0
300.6,310.5,1470,37.7,98,9.899999999999977,5803.4641089764245,L,0
300.6,310.5,1642,29.9,100,9.899999999999977,5141.300153403791,L,0
300.7,310.6,2006,19.1,102,9.900000000000034,4012.2955295077163,M,0
300.7,310.6,1505,35.6,105,9.900000000000034,5610.675039801131,M,0
300.7,310.6,1609,27.6,108,9.900000000000034,4650.4367732558985,M,0
300.7,310.5,1863,22.2,111,9.800000000000011,4331.0624640919605,M,0
300.6,310.4,1401,42.6,114,9.799999999999955,6249.947256904606,L,0
300.6,310.4,2007,19.8,116,9.799999999999955,4161.416460798112,L,0
300.6,310.4,1494,47.3,118,9.799999999999955,7400.147159236901,L,0
300.6,310.4,1457,47.7,120,9.799999999999955,7277.9077890857225,L,0
300.6,310.4,1556,37.7,122,9.799999999999955,6142.986499025386,L,0
300.6,310.4,1510,42.8,124,9.799999999999955,6767.828333873371,H,0
300.7,310.5,1567,38.7,129,9.800000000000011,6350.509637746016,H,0
300.7,310.5,1476,43.1,134,9.800000000000011,6661.810053790228,H,0
300.8,310.6,1663,30.6,139,9.800000000000011,5328.957954578223,L,0
300.8,310.5,1409,50.6,141,9.699999999999989,7466.036829158191,M,0
300.8,310.6,1666,36.2,144,9.800000000000011,6315.564655462586,L,0
300.7,310.6,1520,45.9,146,9.900000000000034,7306.087875188424,L,0
300.6,310.5,1644,33.8,148,9.899999999999977,5818.983576685158,L,0
300.6,310.4,1479,35.6,150,9.799999999999955,5513.746434462375,H,0
300.6,310.4,1446,49.7,155,9.799999999999955,7525.810865380494,L,0
300.6,310.4,1407,51.1,157,9.799999999999955,7529.109537666763,M,0
300.7,310.4,1234,51.7,160,9.699999999999989,6680.88999317303,L,0
300.8,310.5,1696,29.7,162,9.699999999999989,5274.859729083407,M,0
300.8,310.6,1384,52.9,165,9.800000000000011,7666.910263428722,L,0
300.8,310.7,1572,36.2,167,9.899999999999977,5959.224272741407,M,0
300.8,310.7,1386,42.1,170,9.899999999999977,6110.46054308522,M,0
300.8,310.7,1461,42.8,173,9.899999999999977,6548.210063436421,L,0
300.8,310.7,1525,39.4,175,9.899999999999977,6292.086486364758,L,0
300.7,310.7,1333,61.0,177,10.0,8515.077448044896,L,0
300.7,310.6,1505,40.6,179,9.900000000000034,6398.691197076571,H,0
300.7,310.6,1439,41.7,184,9.900000000000034,6283.84504163684,M,0
300.7,310.6,1491,43.2,187,9.900000000000034,6745.125090963429,L,0
300.7,310.6,1488,39.2,189,9.900000000000034,6108.261428227707,M,0
300.7,310.5,1536,47.4,192,9.800000000000011,7624.268379143997,L,0
300.7,310.5,1960,21.0,194,9.800000000000011,4310.265120725196,L,0
300.7,310.5,1594,31.0,196,9.800000000000011,5174.6219794828685,M,0
300.7,310.5,1357,52.6,199,9.800000000000011,7474.707624882099,L,0
300.7,310.5,1445,41.1,201,9.800000000000011,6219.2538966790335,L,0
300.7,310.4,1543,47.3,203,9.699999999999989,7642.856135677735,L,0
300.7,310.4,1366,52.6,205,9.699999999999989,7524.281956955747,L,0
300.7,310.3,1458,40.0,207,9.600000000000023,6107.256118578557,L,0
300.7,310.4,1416,61.8,209,9.699999999999989,9163.900106815283,L,1
300.6,310.3,1794,24.4,211,9.699999999999989,4583.960672705938,L,0
300.6,310.3,1484,41.0,213,9.699999999999989,6371.568780500579,L,0
300.6,310.4,2514,13.4,215,9.799999999999955,3527.7572225690506,L,0
300.6,310.3,1648,30.5,217,9.699999999999989,5263.633771334578,L,1
300.6,310.3,1614,32.7,0,9.699999999999989,5526.87829175438,M,0
300.6,310.2,1622,34.1,3,9.599999999999966,5792.070599619406,L,0
300.6,310.2,1478,40.1,5,9.599999999999966,6206.509502480972,M,0
300.6,310.2,1318,51.0,8,9.599999999999966,7039.05249963329,L,0
300.7,310.2,1493,35.9,10,9.5,5612.842738732109,L,0
300.7,310.3,1369,50.7,12,9.600000000000023,7268.420179271881,H,0
300.6,310.2,1447,45.9,17,9.599999999999966,6955.203391708978,L,0
300.6,310.1,1485,49.9,19,9.5,7759.890933999469,L,0
300.6,310.2,1489,47.8,21,9.599999999999966,7453.344794837687,L,0
300.6,310.2,1233,52.3,23,9.599999999999966,6752.947656670868,M,0
300.7,310.2,1642,32.6,26,9.5,5605.564715751291,L,0
300.7,310.2,1373,44.1,28,9.5,6340.707868666816,M,0
300.7,310.2,1569,32.8,31,9.5,5389.213701674074,L,0
300.8,310.2,1850,22.8,33,9.399999999999977,4417.07927094725,L,0
300.8,310.3,1494,42.2,35,9.5,6602.2454570781665,M,0
300.8,310.3,1777,30.1,38,9.5,5601.218845913826,H,0
300.9,310.4,1454,43.1,43,9.5,6562.5147819857675,L,0
300.9,310.4,1536,34.2,45,9.5,5501.054400141872,L,0
300.8,310.5,1482,39.0,47,9.699999999999989,6052.592406406096,L,0
300.9,310.5,1512,41.2,49,9.600000000000023,6523.454313326135,H,0
300.8,310.5,1511,35.8,54,9.699999999999989,5664.689489491851,M,0
300.9,310.5,1599,40.5,57,9.600000000000023,6781.598981671606,L,0
300.8,310.4,1518,36.0,59,9.599999999999966,5722.725177779168,M,0
300.8,310.4,1450,39.4,62,9.599999999999966,5982.639609986163,M,0
300.9,310.4,1427,47.0,65,9.5,7023.4492561204615,L,0
300.9,310.4,1561,32.7,67,9.5,5345.388484156498,L,0
300.9,310.4,1457,43.8,69,9.5,6682.858724569279,H,0
301.0,310.6,1460,53.6,74,9.600000000000023,8194.949156644096,M,0
301.0,310.5,1601,33.2,77,9.5,5566.1900878263,L,0
300.9,310.5,1570,40.1,79,9.600000000000023,6592.8416230684215,L,0
300.9,310.5,1565,35.9,81,9.600000000000023,5883.522361765404,L,0
301.0,310.5,1378,44.4,83,9.5,6407.089721437167,L,0
300.9,310.5,2288,16.1,85,9.600000000000023,3857.5406753918837,L,0
300.9,310.4,1375,44.7,87,9.5,6436.3379490420875,M,0
300.9,310.4,1788,27.8,90,9.5,5205.242035879856,L,0
300.9,310.4,1576,40.4,92,9.5,6667.548696370785,M,0
300.8,310.3,1868,24.5,95,9.5,4792.604312806349,M,0
300.7,310.1,1261,56.6,98,9.400000000000034,7474.121194253429,L,0
300.6,310.0,1542,33.9,100,9.399999999999977,5474.099535174071,M,0
300.6,310.0,1438,53.8,103,9.399999999999977,8101.581022979406,L,0
300.6,310.0,1511,36.9,105,9.399999999999977,5838.744194476238,L,0
300.6,310.0,1635,31.0,107,9.399999999999977,5307.720788239955,L,0
300.6,309.9,1428,48.8,109,9.299999999999955,7297.542743170658,L,0
300.5,309.8,1410,44.4,111,9.300000000000011,6555.875549511181,M,0
300.5,309.9,1423,47.9,114,9.399999999999977,7137.8765325397135,L,0
300.5,309.9,1552,41.3,116,9.399999999999977,6712.284975757902,M,0
300.5,310.0,1406,50.2,119,9.5,7391.24598005173,M,0
300.5,309.9,1443,48.3,122,9.399999999999977,7298.642300599416,L,0
300.5,309.9,1343,63.7,124,9.399999999999977,8958.680802707286,M,0
300.6,310.0,1486,41.2,127,9.399999999999977,6411.2785116419545,M,0
300.6,310.1,1297,50.0,130,9.5,6791.076119509937,L,0
300.6,310.1,1495,42.3,132,9.5,6622.320234134603,L,0
300.5,309.9,1382,46.5,134,9.399999999999977,6729.605623254695,L,0
300.4,309.8,1356,44.4,136,9.400000000000034,6304.799464636283,M,0
300.3,309.7,1452,41.5,139,9.399999999999977,6310.203004000458,H,0
300.3,309.7,1582,30.8,144,9.399999999999977,5102.532900058494,H,0
300.4,309.8,1517,40.3,149,9.400000000000034,6402.052701215912,M,0
300.5,310.0,1413,44.5,152,9.5,6584.621122291527,L,0
300.4,309.9,1496,31.8,154,9.5,4981.81196635655,L,0
300.3,309.8,1466,41.2,156,9.5,6324.989433423354,L,0
300.3,309.8,1617,40.8,158,9.5,6908.739236362386,M,0
300.2,309.8,1506,41.8,161,9.600000000000023,6592.192360586679,L,0
300.2,309.8,1401,49.3,163,9.600000000000023,7232.920182286316,L,0
300.2,309.9,1906,22.9,165,9.699999999999989,4570.745039609838,H,0
300.2,309.9,1566,36.4,170,9.699999999999989,5969.277369232894,L,0
300.2,310.0,1493,47.3,172,9.800000000000011,7395.193914819742,L,0
300.3,310.1,1483,39.9,174,9.800000000000011,6196.445934013971,L,0
300.2,309.9,1569,31.2,176,9.699999999999989,5126.325228421681,M,0
300.2,310.0,1664,30.7,179,9.800000000000011,5349.587746336796,M,0
300.2,310.0,1486,40.1,182,9.800000000000011,6240.103599923358,L,0
300.2,310.0,1389,53.6,184,9.800000000000011,7796.427656560717,L,0
300.1,310.0,1511,41.7,186,9.899999999999977,6598.255634408107,L,0
300.2,310.1,1485,40.5,188,9.900000000000034,6298.1078722841385,M,0
300.2,310.2,1440,42.9,191,10.0,6469.1675922721015,L,0
300.2,310.2,1378,43.9,193,10.0,6334.937810159721,L,0
300.1,310.1,1501,39.3,195,10.0,6177.345050680146,M,0
300.2,310.1,1474,44.0,198,9.900000000000034,6791.704438040655,M,0
300.2,310.1,1392,47.9,201,9.900000000000034,6982.3781681625305,L,0
300.3,310.2,1429,44.7,203,9.899999999999977,6689.110493949925,M,0
300.3,310.3,1362,60.3,206,10.0,8600.486880320488,L,1
300.3,310.3,1704,29.5,0,10.0,5264.052650355058,L,0
300.3,310.2,1492,52.3,2,9.899999999999977,8171.450043595243,L,0
300.3,310.2,1442,39.5,4,9.899999999999977,5964.732531860701,M,0
300.2,310.2,1438,51.5,7,10.0,7755.230904896644,M,0
300.1,310.1,1402,46.6,10,10.0,6841.676705183756,M,0
300.1,310.1,1684,30.8,13,10.0,5431.520482742418,L,0
300.2,310.2,1530,48.5,15,10.0,7770.729428654353,L,0
300.1,310.1,1569,43.5,17,10.0,7147.280366549459,L,0
300.1,310.1,1650,31.6,19,10.0,5460.088031939061,L,0
300.2,310.2,1415,49.6,21,10.0,7349.651293318201,L,0
300.2,310.2,1600,31.5,23,10.0,5277.875658030853,L,0
300.2,310.1,1523,42.3,25,9.900000000000034,6746.35031209833,L,0
300.2,310.2,1628,30.3,27,10.0,5165.657968444626,M,0
300.2,310.3,1331,52.1,30,10.100000000000023,7261.801890748317,L,0
300.3,310.3,2158,16.8,32,10.0,3796.5518900101933,L,0
300.2,310.3,1445,50.9,34,10.100000000000023,7702.190348928535,L,0
300.2,310.3,1593,36.1,36,10.100000000000023,6022.15037359281,M,0
300.3,310.4,1672,29.2,39,10.099999999999966,5112.669772354077,L,0
300.4,310.5,1644,31.4,41,10.100000000000023,5405.801310885029,M,0
300.4,310.5,1402,54.3,44,10.100000000000023,7972.168349602531,L,0
300.4,310.4,1286,56.8,46,10.0,7649.233568764524,L,0
300.4,310.4,1486,46.3,48,10.0,7204.907647791807,L,0
300.3,310.3,1345,46.3,50,10.0,6521.2656704441315,L,0
300.3,310.3,1629,34.1,52,10.0,5817.067205166469,L,0
300.2,310.2,1429,43.8,54,10.0,6554.430416890529,M,0
300.1,310.1,1306,64.7,57,10.0,8848.630812052035,L,0
300.1,310.1,1380,52.6,59,10.0,7601.3975846258645,L,0
300.1,310.1,1443,49.3,61,10.0,7449.752907237084,M,0
300.1,310.1,1426,42.7,64,10.0,6376.406833187108,H,0
300.0,310.0,1486,41.8,69,10.0,6504.646645306642,L,0
300.0,309.9,1530,34.5,71,9.899999999999977,5527.632273991241,M,0
300.0,309.9,1507,41.4,74,9.899999999999977,6533.44457796455,L,0
300.0,309.9,1608,33.4,76,9.899999999999977,5624.204832162592,L,0
300.0,309.8,1474,40.6,78,9.800000000000011,6266.8909132829685,L,0
300.0,309.7,1326,61.9,80,9.699999999999989,8595.334668368601,L,0
299.8,309.6,1434,48.0,82,9.800000000000011,7208.070184396422,M,0
299.8,309.6,1526,41.7,85,9.800000000000011,6663.757841235455,L,0
299.8,309.7,1483,39.6,87,9.899999999999977,6149.856114961235,L,0
299.8,309.7,1457,51.9,89,9.899999999999977,7918.729858564968,L,0
299.7,309.6,1540,34.4,91,9.900000000000034,5547.633747219096,M,0
299.8,309.7,1707,29.1,94,9.899999999999977,5201.817699887444,L,0
299.8,309.7,1624,34.2,96,9.899999999999977,5816.21897515,L,0
299.8,309.6,1331,50.2,98,9.800000000000011,6996.97610202621,M,0
299.8,309.7,1431,40.3,101,9.899999999999977,6039.1149739221955,L,0
299.8,309.7,1705,28.5,103,9.899999999999977,5088.594700652067,M,0
299.8,309.8,1427,45.2,106,10.0,6754.466093120104,M,0
299.9,309.8,1625,41.2,109,9.900000000000034,7010.987605261223,M,0
299.9,309.8,1477,47.7,112,9.900000000000034,7377.810435469877,L,0
300.0,309.9,1651,28.1,114,9.899999999999977,4858.274071241888,M,0
299.9,309.8,1716,28.2,117,9.900000000000034,5067.5146139464805,L,0
299.9,309.8,1400,48.7,119,9.900000000000034,7139.792904058402,H,0
299.8,309.7,1556,37.7,124,9.899999999999977,6142.986499025386,M,0
299.8,309.7,1429,42.6,127,9.899999999999977,6374.856980811337,L,0
299.7,309.6,1433,49.6,129,9.900000000000034,7443.145090689033,H,0
299.8,309.7,1320,61.7,134,9.899999999999977,8528.79573596557,M,0
299.8,309.6,1374,51.6,137,9.800000000000011,7424.463086375687,L,0
299.8,309.6,1598,31.0,139,9.800000000000011,5187.607229117705,L,0
299.8,309.7,1910,21.8,141,9.899999999999977,4360.321163672394,M,0
299.7,309.6,1399,51.3,144,9.900000000000034,7515.600689256326,L,0
299.7,309.6,1720,27.1,146,9.900000000000034,4881.197225637581,L,0
299.8,309.7,1368,47.4,148,9.899999999999977,6790.364025175121,H,0
299.8,309.8,1749,33.4,153,10.0,6117.372046923117,L,0
299.8,309.8,1542,39.4,155,10.0,6362.227778343905,L,0
299.8,309.9,1553,36.6,157,10.099999999999966,5952.249937050437,L,0
299.9,309.9,1639,42.1,159,10.0,7225.862070791252,M,0
299.9,310.0,1447,45.9,162,10.100000000000023,6955.203391708978,L,0
299.8,310.0,1397,48.1,164,10.199999999999989,7036.717249094122,M,0
299.8,310.0,1361,53.8,167,10.199999999999989,7667.768965420704,L,0
299.8,310.0,1460,37.1,169,10.199999999999989,5672.250255811492,M,0
299.8,310.0,1632,33.7,172,10.199999999999989,5759.418979973097,M,0
299.8,310.0,1697,36.0,175,10.199999999999989,6397.539279770255,L,0
299.8,310.1,1553,42.0,177,10.300000000000011,6830.450747434928,L,0
299.9,310.1,1362,56.3,179,10.200000000000045,8029.9736544285815,M,0
299.9,310.0,1484,42.1,182,10.100000000000023,6542.513308757912,M,0
299.9,310.1,1447,51.4,185,10.200000000000045,7788.615562828791,H,0
300.0,310.2,1393,51.2,190,10.199999999999989,7468.780486742327,M,0
300.0,310.2,1760,26.9,193,10.199999999999989,4957.852086385173,L,0
300.0,310.1,1477,34.6,195,10.100000000000023,5351.619309586116,L,0
299.9,310.1,1681,29.1,197,10.200000000000045,5122.586733163909,L,0
300.0,310.1,1314,53.5,199,10.100000000000023,7361.694065156963,M,0
300.0,310.1,1762,28.0,202,10.100000000000023,5166.453838583534,L,0
299.9,310.0,1402,44.7,204,10.100000000000023,6562.724221496007,L,0
300.1,310.2,1429,42.0,206,10.099999999999966,6285.07026277174,M,0
300.2,310.3,1448,40.1,209,10.100000000000023,6080.531637072021,M,0
300.2,310.4,1501,42.9,212,10.199999999999989,6743.20871944474,H,0
300.3,310.5,1522,39.1,217,10.199999999999989,6231.8935711219765,L,0
300.3,310.4,1493,37.5,219,10.099999999999966,5862.997289761952,L,0
300.2,310.3,1704,29.4,221,10.100000000000023,5246.208404082668,M,0
300.2,310.3,1408,42.5,0,10.100000000000023,6266.43014636044,H,0
300.2,310.4,1518,41.8,5,10.199999999999989,6644.7197897547,L,0
300.3,310.4,1742,25.9,7,10.099999999999966,4724.724967537785,L,0
300.4,310.5,1500,43.0,9,10.100000000000023,6754.424205218055,M,0
300.4,310.5,2424,14.5,12,10.100000000000023,3680.6899529458015,L,0
300.4,310.5,1818,25.1,14,10.100000000000023,4778.550921669292,L,0
300.4,310.6,1545,35.6,16,10.200000000000045,5759.7959710915275,M,0
300.4,310.6,1429,46.9,19,10.200000000000045,7018.32846009511,L,0
300.4,310.6,1448,44.9,21,10.200000000000045,6808.375823055704,M,0
300.4,310.6,1384,48.7,24,10.200000000000045,7058.195270869164,L,0
300.4,310.5,1578,32.8,26,10.100000000000023,5420.126973385398,L,0
300.5,310.5,1695,26.7,28,10.0,4739.2495975728825,L,0
300.5,310.6,1543,36.2,30,10.100000000000023,5849.289473816788,L,0
300.4,310.5,1540,33.4,32,10.100000000000023,5386.36532433482,M,0
300.2,310.4,1808,25.8,35,10.199999999999989,4884.799585213697,L,0
300.3,310.4,1293,49.7,37,10.099999999999966,6729.511375475089,M,0
300.2,310.3,1202,59.5,40,10.100000000000023,7489.452166402947,L,0
300.2,310.3,1704,29.2,42,10.100000000000023,5210.519911537887,M,0
300.2,310.3,1478,38.1,45,10.100000000000023,5896.957906347257,M,0
300.2,310.3,1514,38.7,48,10.100000000000023,6135.718948020081,L,0
300.1,310.3,1350,48.8,50,10.199999999999989,6898.9374672831855,M,0
300.1,310.2,1475,54.2,53,10.099999999999966,8371.820823041202,L,0
300.0,310.1,1714,28.7,55,10.100000000000023,5151.353249895279,H,0
300.0,310.1,1465,40.9,60,10.100000000000023,6274.650647137334,L,0
299.9,310.2,1288,69.6,62,10.300000000000011,9387.581503750875,L,1
300.0,310.2,1675,29.7,64,10.199999999999989,5209.546017815274,L,0
300.0,310.2,1486,36.4,66,10.199999999999989,5664.333442324444,L,0
300.0,310.2,1443,58.7,68,10.199999999999989,8870.192609631174,M,0
300.1,310.3,1345,57.1,71,10.199999999999989,8042.42483331231,M,0
300.2,310.4,1202,61.7,74,10.199999999999989,7766.373086841376,M,0
300.1,310.4,1480,37.1,77,10.299999999999955,5749.952314110279,M,0
300.2,310.4,1530,35.7,80,10.199999999999989,5719.897744390937,M,0
300.2,310.6,1983,20.8,83,10.400000000000034,4319.312907567535,M,0
300.3,310.6,1433,53.8,86,10.300000000000011,8073.4114088522165,L,0
300.3,310.6,1806,24.4,88,10.300000000000011,4614.622617004975,L,0
300.2,310.5,1416,46.7,90,10.300000000000011,6924.824190748766,L,0
300.1,310.4,1556,38.1,92,10.299999999999955,6208.164074611863,M,0
300.1,310.5,1627,29.2,95,10.399999999999977,4975.068014126845,L,0
300.1,310.6,1809,24.3,97,10.5,4603.344299378588,L,0
300.1,310.5,1329,57.4,99,10.399999999999977,7988.504631401198,M,0
300.0,310.4,1881,21.9,102,10.399999999999977,4313.815120423753,H,0
300.1,310.5,1500,39.8,107,10.399999999999977,6251.769380643688,L,0
300.1,310.5,1532,36.0,109,10.399999999999977,5775.503934359475,L,0
300.1,310.5,1492,50.9,111,10.399999999999977,7952.711419101298,L,0
300.2,310.6,1431,42.3,113,10.400000000000034,6338.822913074661,L,0
300.1,310.4,1554,39.4,115,10.299999999999955,6411.73927856448,L,0
300.1,310.5,1494,44.2,117,10.399999999999977,6915.148085375709,L,0
300.1,310.6,1374,45.4,119,10.5,6532.376436462329,L,0
300.1,310.5,1394,44.3,121,10.399999999999977,6466.884701610493,L,0
300.0,310.5,1790,25.7,123,10.5,4817.422894769708,M,0
300.1,310.5,1356,45.8,126,10.399999999999977,6503.599447755445,L,0
300.0,310.4,1385,52.1,128,10.399999999999977,7556.42044980197,M,0
300.0,310.4,1333,49.1,131,10.399999999999977,6853.939388508268,L,0
300.0,310.4,1505,44.9,133,10.399999999999977,7076.3850923334485,L,0
300.0,310.5,1606,33.5,135,10.5,5634.0275451928155,L,0
300.0,310.5,1558,36.7,137,10.5,5987.728990084979,H,0
300.0,310.5,1412,52.4,142,10.5,7748.089017597484,L,0
299.9,310.4,1408,38.4,144,10.5,5661.903944005668,L,0
299.9,310.3,1268,53.3,146,10.400000000000034,7077.421817909134,L,0
299.9,310.4,1470,50.0,148,10.5,7696.902001294992,L,0
299.9,310.4,1497,47.0,150,10.5,7367.977250464141,L,0
299.9,310.3,1638,29.1,152,10.400000000000034,4991.550903582679,L,0
299.9,310.3,1535,43.9,154,10.400000000000034,7056.697778370953,H,0
299.8,310.2,1654,32.7,159,10.399999999999977,5663.8517314508945,L,0
299.8,310.2,1411,49.7,161,10.399999999999977,7343.650851349845,H,0
299.8,310.2,1911,23.5,166,10.399999999999977,4702.807122791241,L,0
299.8,310.2,1573,33.3,168,10.399999999999977,5485.315020947386,H,0
299.9,310.2,1479,46.3,173,10.300000000000011,7170.967975157526,L,0
299.9,310.4,1820,26.6,175,10.5,5069.692784852969,M,0
299.9,310.4,1419,45.7,178,10.5,6790.8980959262335,L,0
299.9,310.5,1335,52.9,180,10.600000000000023,7395.466186183053,M,0
299.9,310.5,1576,39.4,183,10.600000000000023,6502.510362302201,M,0
300.0,310.5,1517,42.2,186,10.5,6703.886451397308,L,0
299.9,310.4,1576,34.3,188,10.5,5660.814858552424,M,0
299.8,310.2,1537,36.6,191,10.399999999999977,5890.926048452366,H,0
299.8,310.3,1524,34.2,196,10.5,5458.077412640763,L,0
299.8,310.3,1805,23.7,198,10.5,4479.754044386365,M,0
299.9,310.4,1367,53.3,201,10.5,7629.996549749042,M,0
299.8,310.4,1694,30.3,204,10.599999999999966,5375.076534732921,L,0
299.9,310.4,1328,49.9,206,10.5,6939.484956465519,L,0
299.9,310.5,1549,42.8,208,10.600000000000023,6942.626549119107,H,0
299.9,310.5,1539,32.8,213,10.600000000000023,5286.16946263633,L,0
299.8,310.5,1496,38.8,215,10.699999999999989,6078.437241969627,L,0
299.8,310.4,1579,36.4,0,10.599999999999966,6018.830757355517,L,0
299.7,310.3,1386,46.6,2,10.600000000000023,6763.597655766537,L,0
299.7,310.3,1505,37.7,4,10.600000000000023,5941.6418258568165,L,0
299.7,310.3,1661,34.5,6,10.600000000000023,6000.9132072545435,M,0
299.6,310.2,1468,48.0,9,10.599999999999966,7378.972824751707,L,0
299.6,310.1,1384,49.8,11,10.5,7217.6206260633335,L,0
299.6,310.2,1381,60.5,13,10.599999999999966,8749.387900125132,L,0
299.6,310.2,1469,47.0,15,10.599999999999966,7230.1660527266695,L,0
299.6,310.2,1627,36.6,17,10.599999999999966,6235.8729218165245,L,0
299.7,310.3,1462,40.4,19,10.600000000000023,6185.251392191681,H,0
299.7,310.2,1633,36.5,24,10.5,6241.768644029761,L,0
299.7,310.2,1469,39.5,26,10.5,6076.416150695818,L,0
299.7,310.2,1458,43.4,28,10.5,6626.372888657735,L,0
299.7,310.2,1440,42.8,30,10.5,6454.08794753487,M,0
299.8,310.3,1687,30.4,33,10.5,5370.531697360727,L,0
299.7,310.3,1429,47.7,35,10.600000000000023,7138.044084147906,M,0
299.6,310.2,1588,34.1,38,10.599999999999966,5670.6585155336725,L,0
299.6,310.2,1333,51.2,40,10.599999999999966,7147.081399014733,L,0
299.6,310.1,1487,42.9,42,10.5,6680.314034519873,L,0
299.5,310.1,1659,31.5,44,10.600000000000023,5472.49732292074,M,0
299.4,310.0,1512,43.2,47,10.600000000000023,6840.126852807985,M,0
299.5,310.1,1585,35.2,50,10.600000000000023,5842.524577636058,L,0
299.5,310.0,1502,38.5,52,10.5,6055.629279304565,L,0
299.5,310.0,1594,35.1,54,10.5,5859.007467091893,L,0
299.5,310.0,1412,48.9,56,10.5,7230.563987796125,L,0
299.5,309.9,1402,51.7,58,10.399999999999977,7590.443898240348,L,0
299.6,310.1,2057,20.4,60,10.5,4394.334140135259,L,0
299.6,310.1,1531,36.8,62,10.5,5899.994779245727,H,0
299.5,310.1,1359,61.1,67,10.600000000000023,8695.394394385437,M,0
299.6,310.2,1620,30.0,70,10.599999999999966,5089.380098815464,M,0
299.6,310.1,1646,29.6,73,10.5,5102.114021038016,M,0
299.6,310.1,1455,46.1,76,10.5,7024.129934528739,M,0
299.6,310.2,1512,44.0,79,10.599999999999966,6966.795868600726,L,0
299.6,310.2,1473,42.7,81,10.599999999999966,6586.568909736753,L,0
299.6,310.1,1553,38.0,83,10.5,6179.931628631602,L,0
299.5,310.0,1379,50.4,85,10.5,7278.190532424545,L,0
299.4,309.9,1567,40.6,87,10.5,6662.291764663779,M,0
299.5,310.0,1481,43.1,90,10.5,6684.377161018516,L,0
299.5,310.0,1349,52.7,92,10.5,7444.768246893388,L,0
299.5,310.0,1388,52.4,94,10.5,7616.393453558999,L,0
299.6,310.1,1357,48.7,96,10.5,6920.499264862324,M,0
299.6,310.2,1743,24.8,99,10.599999999999966,4526.6580227044615,L,0
299.7,310.3,1495,43.1,101,10.600000000000023,6747.565061257717,L,0
299.8,310.4,1698,28.3,103,10.599999999999966,5032.1402806670585,L,0
299.7,310.4,1410,44.5,105,10.699999999999989,6570.641034983053,M,0
299.7,310.4,1614,36.2,108,10.699999999999989,6118.440188425338,L,0
299.8,310.5,1375,53.9,110,10.699999999999989,7761.042851305783,M,0
299.8,310.6,1574,31.8,113,10.800000000000011,5241.558846955354,M,0
299.8,310.6,1423,44.6,116,10.800000000000011,6646.123034473303,H,0
299.8,310.6,1694,31.3,121,10.800000000000011,5552.471799905625,M,0
299.8,310.6,1707,32.5,124,10.800000000000011,5809.590214650925,L,0
299.7,310.5,1490,41.2,126,10.800000000000011,6428.536327285675,M,0
299.7,310.6,1675,31.3,129,10.900000000000034,5490.194961535963,L,0
299.7,310.5,1492,39.3,131,10.800000000000011,6140.305673294322,M,0
299.7,310.5,1594,35.4,134,10.800000000000011,5909.084453990114,M,0
299.7,310.6,1479,38.0,137,10.900000000000034,5885.459677235119,L,0
299.7,310.6,1572,38.0,139,10.900000000000034,6255.539291827996,M,0
299.7,310.6,1616,35.1,142,10.900000000000034,5939.872061995294,L,0
299.7,310.6,1737,26.1,144,10.900000000000034,4747.543402178359,L,0
299.7,310.7,1498,37.8,146,11.0,5929.693301797663,M,0
299.6,310.6,1642,35.1,149,11.0,6035.439310517495,L,0
299.6,310.6,1633,34.2,151,11.0,5848.451715775832,M,0
299.8,310.8,1409,51.9,154,11.0,7657.8520046108715,L,0
299.8,310.8,1463,43.5,156,11.0,6664.417575692709,M,0
299.8,310.8,1376,48.6,159,11.0,7002.9870159700795,L,0
299.8,310.8,1553,32.2,161,11.0,5236.678906366778,L,0
299.8,310.8,1530,35.2,163,11.0,5639.787131724397,M,0
299.8,310.9,1545,40.7,166,11.099999999999966,6584.935281556887,L,0
299.8,310.9,1427,47.2,168,11.099999999999966,7053.336274231613,H,0
299.9,310.9,1292,51.1,173,11.0,6913.723896706082,L,0
299.8,310.9,2084,17.6,175,11.099999999999966,3840.9530661809295,L,0
299.9,311.0,1747,27.6,177,11.100000000000023,5049.293376555659,L,0
300.0,311.1,1425,47.8,179,11.100000000000023,7132.986119975623,L,0
300.0,311.0,1637,33.6,181,11.0,5759.92163479767,L,0
300.1,311.1,1616,35.2,183,11.0,5956.794774422631,M,0
300.1,311.1,1619,33.4,186,11.0,5662.678870193554,L,0
300.1,311.2,1489,39.1,188,11.099999999999966,6096.773671091079,L,0
300.1,311.2,1452,42.4,190,11.099999999999966,6447.05077999083,M,0
300.1,311.3,1495,41.0,193,11.199999999999989,6418.797390059545,M,0
300.2,311.4,1427,39.7,196,11.199999999999989,5932.573095063454,M,0
300.1,311.4,1572,36.2,199,11.299999999999955,5959.224272741407,L,0
300.1,311.3,1547,40.0,201,11.199999999999989,6480.058446804546,L,0
300.1,311.4,1342,48.5,203,11.299999999999955,6815.894701473296,M,0
300.0,311.2,1351,44.1,206,11.199999999999989,6239.108762249722,L,0
300.0,311.3,1407,47.3,208,11.300000000000011,6969.214894943989,L,0
300.1,311.4,1575,29.8,210,11.299999999999955,4915.021706541232,M,0
300.0,311.4,1791,24.1,213,11.399999999999977,4520.029262205387,M,0
300.0,311.4,1692,29.0,216,11.399999999999977,5138.388944211465,M,1
300.0,311.4,1634,31.9,0,11.399999999999977,5458.475347710218,L,0
300.0,311.4,1864,23.3,2,11.399999999999977,4548.104628552967,M,0
300.0,311.4,1590,33.6,5,11.399999999999977,5594.548197512703,L,0
300.0,311.4,1384,46.1,7,11.399999999999977,6681.371704046581,M,0
300.0,311.4,1352,61.8,10,11.399999999999977,8749.712531366005,M,0
300.1,311.4,1484,43.1,13,11.299999999999955,6697.917425355487,L,0
300.1,311.4,1913,21.9,15,11.299999999999955,4387.20272481161,M,0
300.0,311.4,1508,38.2,18,11.399999999999977,6032.444325521073,L,0
299.9,311.3,1504,40.7,20,11.400000000000034,6410.18942618871,L,0
300.0,311.4,1487,41.2,22,11.399999999999977,6415.592965552885,L,0
299.8,311.3,1727,30.0,24,11.5,5425.530512749573,L,0
299.9,311.3,1647,27.5,26,11.400000000000034,4743.019508757191,L,0
300.0,311.3,1493,41.4,28,11.300000000000011,6472.749007897195,L,0
300.0,311.4,1655,29.6,30,11.399999999999977,5130.011363801893,L,0
299.9,311.4,1337,54.8,32,11.5,7672.565130205183,M,0
300.0,311.5,1601,36.9,35,11.5,6186.518501228628,L,0
300.1,311.6,1589,37.9,37,11.5,6306.548284546783,H,0
300.2,311.7,1286,55.1,42,11.5,7420.295240121924,L,0
300.2,311.7,1553,41.3,44,11.5,6716.609901644345,L,0
300.2,311.8,1379,51.0,46,11.600000000000023,7364.835657810552,L,0
300.3,311.9,1677,30.8,48,11.599999999999966,5408.942903538619,M,0
300.3,311.8,1488,38.4,51,11.5,5983.603031733263,L,0
300.3,311.8,1418,45.9,53,11.5,6815.8109256692005,L,0
300.3,311.8,1451,41.0,55,11.5,6229.882951823679,L,0
300.3,311.8,1508,43.1,57,11.5,6806.239540051262,L,0
300.3,311.7,1579,33.6,59,11.399999999999977,5555.843776020477,L,0
300.3,311.7,1432,47.7,61,11.399999999999977,7153.029481105528,H,0
300.2,311.6,1446,47.3,66,11.400000000000034,7162.391427213225,L,0
300.2,311.7,1597,39.5,68,11.5,6605.879232580817,M,0
300.2,311.7,1397,50.2,71,11.5,7343.933594688668,M,0
300.1,311.6,1530,36.6,74,11.5,5864.096847190708,L,0
300.1,311.6,1433,51.4,76,11.5,7713.259227044683,M,0
300.0,311.5,1591,32.0,79,11.5,5331.492172652118,L,0
300.0,311.5,1445,41.6,81,11.5,6294.913919752988,L,0
300.0,311.5,1749,28.3,83,11.5,5183.2823032312635,L,0
300.0,311.3,1703,30.4,85,11.300000000000011,5421.46738625093,L,0
300.1,311.4,1518,46.9,87,11.299999999999955,7455.4391899400825,H,0
300.1,311.3,1535,42.3,92,11.199999999999989,6799.506059797068,L,0
300.1,311.4,1390,52.1,94,11.299999999999955,7583.699946010641,M,0
300.3,311.6,1801,23.6,97,11.300000000000011,4450.966583703971,H,0
300.3,311.6,1463,41.6,102,11.300000000000011,6373.328072386591,H,0
300.3,311.6,1560,37.7,107,11.300000000000011,6158.77823809743,L,0
300.3,311.6,1607,33.5,109,11.300000000000011,5637.535656989324,L,0
300.4,311.6,1332,54.6,111,11.200000000000045,7615.97457453852,L,0
300.3,311.7,1365,53.3,113,11.399999999999977,7618.833423853286,L,0
300.3,311.6,1617,32.5,115,11.300000000000011,5503.28493092592,M,0
300.3,311.6,1304,62.8,118,11.300000000000011,8575.626410455083,M,0
300.3,311.7,1989,22.3,121,11.399999999999977,4644.813322405973,L,0
300.3,311.6,1339,53.4,123,11.300000000000011,7487.734762418985,H,0
300.2,311.5,1492,41.8,128,11.300000000000011,6530.910359890653,L,0
300.1,311.3,1518,40.2,130,11.199999999999989,6390.376448520071,M,0
300.1,311.3,1479,39.5,133,11.199999999999989,6117.780453968084,L,0
300.1,311.3,1523,34.1,135,11.199999999999989,5438.547178310947,M,0
300.2,311.4,1570,35.3,138,11.199999999999989,5803.673548486664,M,0
300.2,311.4,1506,36.1,141,11.199999999999989,5693.257038688495,H,0
300.2,311.6,1510,47.5,146,11.400000000000034,7511.024435957596,M,0
300.2,311.6,1671,28.8,149,11.400000000000034,5039.617271182603,L,0
300.3,311.6,1312,53.4,151,11.300000000000011,7336.749819487458,M,0
300.3,311.6,1595,38.8,154,11.300000000000011,6480.686765335265,L,0
300.3,311.7,1635,31.8,156,11.399999999999977,5444.69422793647,L,0
300.3,311.7,1707,33.6,158,11.399999999999977,6006.222498839111,L,0
300.3,311.7,1545,43.5,160,11.399999999999977,7037.952942204535,L,0
300.2,311.6,1751,28.0,162,11.400000000000034,5134.200154006679,M,0
300.4,311.8,1707,30.0,165,11.400000000000034,5362.698659677777,M,0
300.4,311.8,1320,57.9,168,11.400000000000034,8003.521444285356,L,0
300.3,311.7,1319,51.4,170,11.399999999999977,7099.643349945525,M,0
300.2,311.7,1448,54.2,173,11.5,8218.573933399091,L,0
300.2,311.8,1436,48.2,175,11.600000000000023,7248.198794558275,L,0
300.3,311.9,1609,34.0,177,11.599999999999966,5728.798923576106,L,0
300.2,311.8,1464,44.5,179,11.600000000000023,6822.282606535594,L,0
300.3,311.8,1483,45.1,181,11.5,7004.00279759474,M,0
300.2,311.8,1748,28.5,184,11.600000000000023,5216.928760551211,M,0
300.3,311.8,1746,26.3,187,11.5,4808.710211143753,L,0
300.2,311.8,1410,51.4,189,11.600000000000023,7589.459532542222,L,0
300.2,311.7,1640,30.8,191,11.5,5289.604270604254,L,0
300.3,311.7,1655,29.9,193,11.399999999999977,5182.004722218804,H,0
300.3,311.7,1646,28.9,198,11.399999999999977,4981.455919189143,M,0
300.4,311.8,1589,42.0,201,11.400000000000034,6988.787017175854,L,0
300.5,311.9,1546,39.4,203,11.399999999999977,6378.731611750763,L,0
300.5,311.9,1511,41.8,205,11.399999999999977,6614.078789406687,L,0
300.5,311.9,1750,28.3,207,11.399999999999977,5186.24587230115,L,0
300.5,311.9,1730,27.5,209,11.399999999999977,4982.042349817813,M,0
300.6,311.9,1372,60.1,212,11.299999999999955,8634.89779185281,L,1
300.5,311.8,1524,38.9,214,11.300000000000011,6208.164074611862,L,1
300.4,311.8,1601,36.1,0,11.400000000000034,6052.393438871368,L,0
300.5,311.8,1636,34.4,2,11.300000000000011,5893.46026652626,M,0
300.4,311.8,2261,14.9,5,11.400000000000034,3527.8933582507066,L,0
300.4,311.8,1636,32.3,7,11.400000000000034,5533.685075837157,L,0
300.4,311.9,1335,58.3,9,11.5,8150.39090084068,M,0
300.3,311.7,1236,57.5,12,11.399999999999977,7442.4329963542195,M,0
300.3,311.7,1445,47.3,15,11.399999999999977,7157.438182796065,L,0
300.2,311.5,1500,40.8,17,11.300000000000011,6408.849013323178,L,0
300.2,311.6,1999,21.0,19,11.400000000000034,4396.030600168197,L,0
300.2,311.6,1529,35.5,21,11.400000000000034,5684.135948017572,L,0
300.2,311.6,1467,40.7,23,11.400000000000034,6252.491946954015,M,0
300.1,311.5,1334,54.0,26,11.399999999999977,7543.592279799811,L,0
300.1,311.5,1343,46.2,28,11.399999999999977,6497.5047580074815,M,0
300.2,311.5,1639,31.1,31,11.300000000000011,5337.869605738906,L,0
300.1,311.5,1383,49.1,33,11.399999999999977,7111.026387327033,H,0
300.1,311.4,1660,31.4,38,11.299999999999955,5458.412515857145,L,0
300.1,311.3,1470,45.2,40,11.199999999999989,6957.999409170674,L,0
300.1,311.3,1748,26.6,42,11.199999999999989,4869.133509847797,M,0
300.1,311.4,1467,35.7,45,11.299999999999955,5484.37254315131,L,0
300.1,311.4,1617,39.3,47,11.299999999999955,6654.741470319651,M,0
300.1,311.4,1377,56.7,50,11.299999999999955,8176.089128747045,H,0
300.0,311.3,1629,32.1,55,11.300000000000011,5475.890242986617,M,0
300.0,311.2,1504,37.9,58,11.199999999999989,5969.1935934287985,L,0
300.0,311.2,1418,47.3,60,11.199999999999989,7023.700583532749,L,0
300.0,311.2,1629,31.7,62,11.199999999999989,5407.654850550646,L,0
300.1,311.3,2579,12.5,64,11.199999999999989,3375.9031056700314,L,1
300.1,311.3,1305,64.7,66,11.199999999999989,8841.855443895793,L,0
300.2,311.4,1450,38.5,68,11.199999999999989,5845.980329555007,M,0
300.2,311.3,1487,36.9,71,11.100000000000023,5746.004379342267,L,0
300.2,311.3,1587,31.2,73,11.100000000000023,5185.1358428968815,M,0
300.3,311.5,1528,40.9,76,11.199999999999989,6544.482040154161,M,0
300.4,311.6,1401,49.9,79,11.200000000000045,7320.947608439902,M,0
300.3,311.5,1446,45.0,82,11.199999999999989,6814.114465636261,L,0
300.2,311.4,1425,44.2,84,11.199999999999989,6595.77377621177,L,0
300.2,311.4,1891,22.6,86,11.199999999999989,4475.366286646852,L,0
300.2,311.5,1454,42.8,88,11.300000000000011,6516.836024802571,H,0
300.1,311.4,1430,40.9,93,11.299999999999955,6124.744317683541,L,0
300.2,311.4,1495,43.6,95,11.199999999999989,6825.843078209663,L,0
300.3,311.4,1544,41.6,97,11.099999999999966,6726.191759237795,L,0
300.3,311.4,1554,34.3,99,11.099999999999966,5581.793331339128,M,0
300.2,311.3,1491,37.3,102,11.100000000000023,5823.915877151294,M,0
300.3,311.3,1525,40.7,105,11.0,6499.693400889483,L,0
300.3,311.3,1505,39.6,107,11.0,6241.087965621483,L,0
300.3,311.4,1371,50.2,109,11.099999999999966,7207.253370306488,M,0
300.3,311.3,1332,60.5,112,11.0,8438.946186072902,L,0
300.3,311.4,1471,37.0,114,11.099999999999966,5699.582111897723,L,0
300.4,311.5,1750,27.3,116,11.100000000000023,5002.986300841745,M,0
300.3,311.4,1386,48.1,119,11.099999999999966,6981.3100266603105,M,0
300.4,311.4,1355,56.2,122,11.0,7974.514072117213,M,0
300.3,311.3,1377,53.8,125,11.0,7757.911730627707,M,0
300.3,311.1,1388,49.4,128,10.800000000000011,7180.3403932407355,L,0
300.3,311.1,1350,58.7,130,10.800000000000011,8298.516994457439,M,0
300.4,311.2,1831,23.4,133,10.800000000000011,4486.759796003871,M,0
300.3,311.2,1381,65.2,136,10.899999999999977,9429.092414680308,M,1
300.3,311.2,1783,25.6,139,10.899999999999977,4779.912278485846,M,0
300.3,311.0,1613,34.7,142,10.699999999999989,5861.27988577799,L,0
300.2,311.0,2370,14.7,144,10.800000000000011,3648.3315486138267,M,0
300.2,311.0,1627,33.7,147,10.800000000000011,5741.773701235434,L,0
300.2,311.0,1255,71.8,149,10.800000000000011,9436.19241407742,L,1
300.2,311.0,1777,27.5,151,10.800000000000011,5117.3926333099735,H,0
300.3,311.1,1606,30.9,156,10.800000000000011,5196.759735715164,L,0
300.3,311.1,1676,28.6,158,10.800000000000011,5019.594854003723,L,0
300.3,311.1,1605,37.1,160,10.800000000000011,6235.590178477701,L,0
300.4,311.1,1487,37.4,162,10.700000000000045,5823.863517273735,L,0
300.4,311.2,1471,46.5,164,10.800000000000011,7162.988329817408,L,0
300.3,311.1,1477,44.2,166,10.800000000000011,6836.461661378797,M,0
300.4,311.2,1530,32.0,169,10.800000000000011,5127.079210658542,L,0
300.4,311.2,1673,28.9,171,10.800000000000011,5063.1687441090135,L,0
300.4,311.2,1436,56.8,173,10.800000000000011,8541.445882384025,L,0
300.4,311.3,1495,51.2,175,10.900000000000034,8015.668935879237,L,0
300.4,311.2,1366,56.1,177,10.800000000000011,8024.94710618284,M,0
300.4,311.2,1489,45.3,180,10.800000000000011,7063.525506404754,H,0
300.3,311.1,1480,46.6,185,10.800000000000011,7222.312071092695,L,0
300.4,311.2,1472,37.3,187,10.800000000000011,5749.700986697991,L,0
300.4,311.1,1397,50.8,189,10.700000000000045,7431.709693429966,L,0
300.4,311.1,1589,35.5,191,10.700000000000045,5907.1890264224485,L,0
300.4,311.1,1405,54.1,193,10.700000000000045,7959.800946522901,L,0
300.4,311.1,2013,20.1,195,10.700000000000045,4237.097427823091,L,0
300.4,311.0,1802,26.0,197,10.600000000000023,4906.329966866299,L,0
300.4,311.0,1433,46.1,199,10.600000000000023,6917.9231588863795,M,0
300.5,311.1,1296,61.3,202,10.600000000000023,8319.440001530345,M,1
300.5,311.2,1551,36.6,205,10.699999999999989,5944.58445097568,M,0
300.5,311.2,1270,67.5,208,10.699999999999989,8977.101007632833,L,1
300.6,311.3,1531,38.5,0,10.699999999999989,6172.548885895666,L,0
300.5,311.2,1397,45.2,2,10.699999999999989,6612.466105177844,H,0
300.5,311.1,1547,37.2,7,10.600000000000023,6026.454355528229,L,0
300.5,311.0,2074,18.9,9,10.5,4104.867793033495,L,0
300.5,311.1,1491,42.6,11,10.600000000000023,6651.442798033381,L,0
300.5,311.0,1759,28.3,13,10.5,5212.9179939301275,L,0
300.4,311.0,1595,35.4,15,10.600000000000023,5912.7915333213505,M,0
300.4,311.2,1351,62.0,18,10.800000000000011,8771.53612833294,L,0
300.4,311.2,1705,28.7,20,10.800000000000011,5124.304137147871,L,0
300.4,311.2,1406,43.6,22,10.800000000000011,6419.488540443334,L,0
300.4,311.3,1639,34.6,24,10.900000000000034,5938.594480982834,L,0
300.4,311.3,2026,20.3,26,10.900000000000034,4306.893144610343,H,0
300.4,311.3,1350,56.5,31,10.900000000000034,7987.49932175205,M,0
300.5,311.3,1468,41.1,34,10.800000000000011,6318.2454811936495,M,0
300.5,311.4,1642,27.1,37,10.899999999999977,4659.840607265644,L,0
300.5,311.3,1490,41.8,39,10.800000000000011,6522.155788362649,L,0
300.5,311.3,1507,43.4,41,10.800000000000011,6849.069919895204,M,0
300.5,311.4,1611,32.7,44,10.899999999999977,5516.605283777141,L,0
300.5,311.4,1743,27.6,46,10.899999999999977,5037.732315590449,M,0
300.5,311.3,1475,46.3,49,10.800000000000011,7151.573876509365,L,0
300.5,311.4,1432,47.5,51,10.899999999999977,7123.037743239257,L,0
300.5,311.4,1442,47.0,53,10.899999999999977,7097.276683479821,L,0
300.6,311.4,1468,40.4,55,10.799999999999955,6210.6354608326865,M,0
300.5,311.4,1556,45.3,58,10.899999999999977,7381.360435168434,L,0
300.5,311.4,1312,51.4,60,10.899999999999977,7061.965182053471,M,0
300.6,311.5,1459,47.0,63,10.899999999999977,7180.947767820429,L,0
300.5,311.5,1651,36.9,65,11.0,6379.7264494244,L,0
300.5,311.5,1490,38.4,67,11.0,5991.645508926454,L,0
300.6,311.6,1473,31.5,69,11.0,4858.944277674654,M,0
300.6,311.7,1734,29.9,72,11.099999999999966,5429.363255786952,L,0
300.6,311.7,1507,45.5,74,11.099999999999966,7180.476528922392,L,0
300.6,311.7,1556,34.9,76,11.099999999999966,5686.743469920052,L,0
300.5,311.6,1351,53.5,78,11.100000000000023,7568.986820416329,H,0
300.5,311.7,1445,44.8,83,11.199999999999989,6779.138067426294,L,0
300.5,311.7,1619,32.7,85,11.199999999999989,5543.999971716445,L,0
300.5,311.7,1269,64.0,87,11.199999999999989,8504.919631798288,M,0
300.5,311.6,1534,37.7,90,11.100000000000023,6056.13193412914,L,0
300.5,311.6,1444,49.3,92,11.100000000000023,7454.915591164482,L,0
300.5,311.6,1744,26.8,94,11.100000000000023,4894.5175784888015,L,0
300.4,311.5,1441,44.6,96,11.100000000000023,6730.1920538833665,L,0
300.3,311.3,1506,40.7,98,11.0,6418.713614255451,M,0
300.3,311.4,1526,38.5,101,11.099999999999966,6152.390333035132,L,0
300.4,311.5,1704,29.7,103,11.100000000000023,5299.7411428998375,L,0
300.4,311.4,1445,52.4,105,11.0,7929.170418150397,H,0
300.5,311.5,1661,35.9,110,11.0,6244.4285258098,L,0
300.5,311.4,1466,41.8,112,10.899999999999977,6417.100930026606,L,0
300.4,311.3,1608,35.1,114,10.900000000000034,5910.466754757694,L,0
300.4,311.4,1352,57.3,116,11.0,8112.597541217994,M,0
300.4,311.4,1604,31.7,119,11.0,5324.664444618315,M,0
300.4,311.4,1427,50.7,122,11.0,7576.359091176753,H,0
300.4,311.4,1424,44.6,127,11.0,6650.793535551641,L,0
300.4,311.4,1662,29.3,129,11.0,5099.496027160024,L,0
300.4,311.4,1936,23.9,131,11.0,4845.424957288706,L,0
300.4,311.4,1728,31.7,133,11.0,5736.296858042675,L,0
300.4,311.4,1552,28.8,135,11.0,4680.7217264365045,L,0
300.4,311.5,1662,29.0,137,11.100000000000023,5047.2827572573615,H,0
300.3,311.4,1343,57.7,142,11.099999999999966,8114.849015953067,L,0
300.4,311.5,1476,32.6,144,11.100000000000023,5038.863288945741,M,0
300.3,311.4,1346,51.1,147,11.099999999999966,7202.687588983271,L,0
300.4,311.5,1492,44.6,149,11.100000000000023,6968.387608878545,L,0
300.3,311.5,1540,41.5,151,11.199999999999989,6692.6395496974565,M,0
300.4,311.5,1596,32.5,154,11.100000000000023,5431.813698056752,L,0
300.5,311.6,1541,47.8,156,11.100000000000023,7713.636218163114,L,0
300.5,311.6,1661,30.0,158,11.100000000000023,5218.185397612647,L,0
300.4,311.6,1359,55.4,160,11.200000000000045,7884.203755302016,M,0
300.5,311.6,1528,42.4,163,11.100000000000023,6784.499718888421,L,0
300.5,311.6,1246,52.9,165,11.100000000000023,6902.435107104182,M,0
300.5,311.6,1575,32.5,168,11.100000000000023,5360.342465187585,L,0
300.5,311.6,1658,30.4,170,11.100000000000023,5278.2107612472355,M,0
300.5,311.6,1385,54.8,173,11.100000000000023,7948.019974071937,L,0
300.5,311.7,1454,50.3,175,11.199999999999989,7658.804954382461,H,0
300.5,311.6,1497,40.5,180,11.100000000000023,6349.0016732722925,L,0
300.6,311.7,1424,50.8,182,11.099999999999966,7575.343309552092,M,0
300.6,311.7,1528,43.9,185,11.099999999999966,7024.5173976226815,L,0
300.6,311.8,1539,37.0,187,11.199999999999989,5963.057015778787,L,0
300.7,311.8,1336,58.4,189,11.100000000000023,8170.486621848144,L,1
300.5,311.6,1525,37.6,191,11.100000000000023,6004.630758561292,L,0
300.5,311.6,1456,51.1,193,11.100000000000023,7791.317332510879,M,0
300.5,311.7,2141,17.2,196,11.199999999999989,3856.325926232495,M,0
300.5,311.6,1476,39.1,199,11.100000000000023,6043.544619563757,M,0
300.5,311.6,1509,47.2,202,11.100000000000023,7458.643614446743,L,0
300.5,311.6,1447,45.4,204,11.100000000000023,6879.438648879905,L,0
300.6,311.7,1448,49.1,206,11.099999999999966,7445.239485791427,L,0
300.6,311.7,1428,52.6,208,11.099999999999966,7865.79402235198,L,0
300.6,311.7,1389,52.1,210,11.099999999999966,7578.244046768906,M,0
300.7,311.7,1635,32.4,213,11.0,5547.424307708856,L,0
300.7,311.7,1395,43.7,215,11.0,6383.873351727139,L,0
300.7,311.8,1443,43.7,217,11.100000000000023,6603.533510066139,L,0
300.7,311.7,1412,49.1,219,11.0,7260.136846641917,M,0
300.7,311.7,1524,43.5,222,11.0,6942.291445902724,L,0
300.7,311.8,1407,42.4,224,11.100000000000023,6247.245487222519,M,0
300.8,311.7,1397,43.5,227,10.899999999999977,6363.767158744164,L,0
300.7,311.7,1504,36.9,229,11.0,5811.69508172883,M,0
300.7,311.7,2097,18.9,232,11.0,4150.389470584011,M,1
300.6,311.7,1553,39.8,0,11.099999999999966,6472.665232093098,L,0
300.6,311.7,1432,39.2,2,11.099999999999966,5878.38062178903,L,0
300.5,311.6,1577,36.5,4,11.100000000000023,6027.721464565177,M,0
300.5,311.5,1370,56.1,7,11.0,8048.4462192316905,M,0
300.5,311.6,1506,36.2,10,11.100000000000023,5709.027833809517,H,0
300.6,311.6,1964,21.4,15,11.0,4401.329419777253,L,0
300.6,311.7,1500,36.7,17,11.099999999999966,5764.822519337271,H,0
300.6,311.7,1488,47.7,22,11.099999999999966,7432.756890981163,L,0
300.6,311.5,1282,60.2,24,10.899999999999977,8081.893709016912,H,0
300.5,311.4,1400,45.1,29,10.899999999999977,6612.005338255317,L,0
300.6,311.5,1419,38.6,31,10.899999999999977,5735.8570350711725,L,0
300.7,311.5,1441,40.6,33,10.800000000000011,6126.5873853736475,M,0
300.7,311.6,1348,62.5,36,10.900000000000034,8822.639368831336,M,0
300.8,311.7,1468,38.7,39,10.899999999999977,5949.296839956064,H,0
300.7,311.7,1701,30.8,44,11.0,5486.351746523072,M,0
300.7,311.7,1864,23.6,47,11.0,4606.663915615882,H,0
300.6,311.6,1630,31.8,52,11.0,5428.043786872445,M,0
300.5,311.5,1316,49.7,55,11.0,6849.216527552372,L,0
300.5,311.5,1708,31.2,57,11.0,5580.473862424622,L,0
300.5,311.4,1679,27.5,59,10.899999999999977,4835.17289326249,H,0
300.5,311.4,1709,32.3,64,10.899999999999977,5780.603786433802,L,0
300.5,311.4,1445,41.5,66,10.899999999999977,6279.781915138196,L,0
300.5,311.4,1390,51.9,68,10.899999999999977,7554.5878540873755,M,0
300.4,311.4,1309,55.5,71,11.0,7607.8378495657225,L,0
300.5,311.5,1499,37.6,73,11.0,5902.256725956312,L,0
300.5,311.4,2072,18.8,75,10.899999999999977,4079.211453029179,M,0
300.5,311.5,1487,43.0,78,11.0,6695.885862106166,L,0
300.5,311.5,1302,49.6,80,11.0,6762.718009823533,L,0
300.5,311.5,1378,48.2,82,11.0,6955.444247145754,M,0
300.5,311.6,1365,53.0,85,11.100000000000023,7575.950684131786,L,0
300.6,311.7,1427,44.6,87,11.099999999999966,6664.805038786651,H,0
300.6,311.7,1535,33.3,92,11.099999999999966,5352.802642818968,H,0
300.5,311.6,1476,41.7,97,11.100000000000023,6445.417151810963,H,0
300.5,311.6,1425,42.4,102,11.100000000000023,6327.167604329842,L,0
300.5,311.7,1409,54.7,104,11.199999999999989,8070.992382508954,L,0
300.5,311.6,1730,30.2,106,11.100000000000023,5471.188325981744,L,0
300.5,311.6,1454,41.4,108,11.100000000000023,6303.6684912809915,M,0
300.6,311.7,1744,26.9,111,11.099999999999966,4912.78070378167,L,0
300.8,311.9,1761,29.0,113,11.099999999999966,5347.933174205905,M,0
300.7,311.9,1657,30.9,116,11.199999999999989,5361.787597808236,M,0
300.7,311.8,1420,47.0,119,11.100000000000023,6988.996456686093,L,0
300.7,311.9,1329,59.2,121,11.199999999999989,8239.015229598448,H,0
300.6,311.9,1472,44.2,126,11.299999999999955,6813.318595497351,L,0
300.6,312.0,1566,30.1,128,11.399999999999977,4936.133209173355,L,0
300.6,312.0,1430,42.7,130,11.399999999999977,6394.292967361546,L,0
300.6,312.0,1481,40.9,132,11.399999999999977,6343.179254887639,L,0
300.6,312.0,1670,29.4,134,11.399999999999977,5141.530536865055,L,0
300.6,312.0,1406,55.1,136,11.399999999999977,8112.702260973113,L,0
300.6,312.1,1354,46.9,138,11.5,6649.976721461707,H,0
300.5,312.0,1985,19.3,143,11.5,4011.8661785117256,M,0
300.5,312.0,1263,60.8,146,11.5,8041.471883540721,M,0
300.5,311.9,1576,31.1,149,11.399999999999977,5132.692189532956,L,0
300.5,312.0,1453,45.1,151,11.5,6862.31696891784,L,0
300.5,312.0,1478,39.0,153,11.5,6036.256124607428,L,0
300.5,311.9,1323,57.9,155,11.399999999999977,8021.711265749642,M,0
300.5,311.9,1710,28.4,158,11.399999999999977,5085.610187631158,L,0
300.4,311.7,1314,59.5,160,11.300000000000011,8187.304614520361,L,0
300.4,311.7,1460,39.6,162,11.300000000000011,6054.47736199825,L,0
300.4,311.7,1508,45.4,164,11.300000000000011,7169.44953870829,M,0
300.5,311.8,1331,55.3,167,11.300000000000011,7707.824271753972,M,0
300.4,311.7,1515,47.4,170,11.300000000000011,7520.030334897888,L,0
300.4,311.6,1674,33.0,172,11.200000000000045,5784.928712320245,L,0
300.4,311.7,1444,51.2,174,11.300000000000011,7742.224711310781,L,0
300.4,311.7,1398,42.6,176,11.300000000000011,6236.5640722003145,M,0
300.4,311.7,1832,24.2,179,11.300000000000011,4642.687511377044,M,0
300.5,311.8,1591,42.0,182,11.300000000000011,6997.583476605905,M,0
300.4,311.7,1478,39.9,185,11.300000000000011,6175.554342867599,M,0
300.4,311.8,1362,47.6,188,11.400000000000034,6789.107388113686,M,0
300.5,311.8,1368,57.9,191,11.300000000000011,8294.558587713915,L,1
300.3,311.7,1723,28.3,193,11.399999999999977,5106.2295074142185,M,0
300.4,311.8,1689,30.8,196,11.400000000000034,5447.6473250308445,L,0
300.4,311.8,1272,59.2,198,11.400000000000034,7885.648887922669,L,1
300.4,311.7,1511,33.0,200,11.300000000000011,5221.641149531595,M,0
300.4,311.6,1715,30.8,203,11.200000000000045,5531.5069049306685,H,0
300.3,311.5,1400,43.8,0,11.199999999999989,6421.415383937536,M,0
300.4,311.6,1200,76.6,3,11.200000000000045,9625.839890599125,L,1
300.4,311.7,1555,38.7,5,11.300000000000011,6301.877783468446,M,0
300.3,311.6,1427,56.2,8,11.300000000000011,8398.252089233403,H,0
300.3,311.4,1318,52.7,13,11.099999999999966,7273.6875829544,L,0
300.2,311.4,1319,54.6,15,11.199999999999989,7541.644492354586,H,0
300.2,311.4,1960,20.9,20,11.199999999999989,4289.740048721743,M,0
300.3,311.5,1552,38.9,23,11.199999999999989,6322.224831888195,L,0
300.3,311.5,1548,32.2,25,11.199999999999989,5219.8190257925135,L,0
300.3,311.6,1709,29.5,27,11.300000000000011,5279.498814235208,L,0
300.3,311.5,1464,41.0,29,11.199999999999989,6285.698581302458,H,0
300.3,311.4,1759,24.8,34,11.099999999999966,4568.210821535942,L,0
300.3,311.5,1634,31.9,36,11.199999999999989,5458.475347710218,L,0
300.3,311.5,1663,33.6,38,11.199999999999989,5851.404812870205,L,0
300.3,311.5,1445,47.3,40,11.199999999999989,7157.438182796065,M,0
300.3,311.5,1695,25.6,43,11.199999999999989,4543.999614152277,L,0
300.4,311.6,1517,39.0,45,11.200000000000045,6195.534872144432,L,0
300.5,311.7,1811,26.8,47,11.199999999999989,5082.552370781664,L,0
300.4,311.6,1815,23.5,49,11.200000000000045,4466.559355241288,L,0
300.4,311.7,1513,40.0,51,11.300000000000011,6337.639579841809,L,0
300.4,311.6,1518,36.4,53,11.200000000000045,5786.311013087825,M,0
300.3,311.5,1667,28.8,56,11.199999999999989,5027.5535553928175,L,0
300.3,311.5,1403,60.1,58,11.199999999999989,8830.001167616247,L,0
300.2,311.5,1383,42.1,60,11.300000000000011,6097.234438013607,L,0
300.3,311.5,1466,46.2,62,11.199999999999989,7092.585238450461,L,0
300.3,311.5,1378,47.5,64,11.199999999999989,6854.43157135733,L,0
300.2,311.5,1547,40.9,66,11.300000000000011,6625.859761857649,M,0
300.2,311.5,1495,38.5,69,11.300000000000011,6027.4073052998165,L,0
300.1,311.4,1729,29.3,71,11.299999999999955,5305.071378435428,L,0
300.1,311.4,1418,47.7,73,11.299999999999955,7083.09762863662,L,0
300.1,311.4,1485,40.4,75,11.299999999999955,6282.556988648868,H,0
300.1,311.5,1434,40.8,80,11.399999999999977,6126.859656736958,L,0
300.2,311.6,1415,55.8,82,11.400000000000034,8268.357704982976,M,0
300.1,311.6,1674,29.6,85,11.5,5188.90575408119,H,0
300.1,311.5,1454,52.4,90,11.399999999999977,7978.556254664831,L,0
300.0,311.4,1476,39.0,92,11.399999999999977,6028.087983708095,L,0
300.0,311.5,1812,28.3,94,11.5,5369.9871546341055,L,0
300.0,311.4,1374,41.9,96,11.399999999999977,6028.779134091886,L,0
300.1,311.4,1524,40.6,98,11.299999999999955,6479.472016175877,M,0
300.0,311.4,1383,49.6,101,11.399999999999977,7183.440097992278,L,0
299.9,311.3,1429,58.2,103,11.400000000000034,8709.31164984084,L,0
299.8,311.3,1517,41.2,105,11.5,6545.026582880784,M,0
299.9,311.4,1480,44.9,108,11.5,6958.837167211631,M,0
299.9,311.4,1706,28.8,111,11.5,5145.1747843432195,L,0
300.0,311.5,1349,48.6,113,11.5,6865.573753302062,L,0
300.0,311.5,1451,49.0,115,11.5,7445.46986925269,M,0
299.9,311.4,1627,36.7,118,11.5,6252.9108259744935,L,0
300.0,311.4,1537,35.4,120,11.399999999999977,5697.780932109665,M,0
300.1,311.5,2218,17.0,123,11.399999999999977,3948.5630865418916,L,0
300.0,311.4,1466,39.0,125,11.399999999999977,5987.247279211428,M,0
300.0,311.5,1666,32.0,128,11.5,5582.819584939302,L,0
300.0,311.5,1455,41.7,130,11.5,6353.714062252678,L,0
300.0,311.4,1927,24.6,132,11.399999999999977,4964.156215643376,L,0
299.9,311.3,1703,28.4,134,11.400000000000034,5064.791900313368,M,0
299.8,311.2,1533,35.9,137,11.399999999999977,5763.220307083939,L,0
299.8,311.3,1785,25.4,139,11.5,4747.888977370255,H,0
299.8,311.2,2142,16.6,144,11.399999999999977,3723.541276740767,L,0
299.8,311.2,1369,46.2,146,11.399999999999977,6623.294127857218,L,0
299.8,311.2,1706,29.2,148,11.399999999999977,5216.635545236875,M,0
299.9,311.3,1802,24.4,151,11.400000000000034,4604.401968905296,L,0
299.9,311.3,1413,41.8,153,11.400000000000034,6185.104784534512,H,0
300.0,311.3,1484,53.2,158,11.300000000000011,8267.499002990995,L,0
299.9,311.3,1535,38.1,160,11.400000000000034,6124.377798540622,L,0
299.9,311.2,1579,35.5,162,11.300000000000011,5870.013513354968,M,0
299.8,311.1,1300,64.2,165,11.300000000000011,8739.910762286805,L,0
299.8,311.1,1452,44.3,167,11.300000000000011,6735.951640414947,M,0
299.8,311.1,1562,35.7,170,11.300000000000011,5839.529592639637,M,0
299.8,311.2,1664,28.3,173,11.399999999999977,4931.378932290922,L,0
299.9,311.2,1495,35.8,175,11.300000000000011,5604.70601375931,H,0
300.0,311.4,1533,42.6,180,11.399999999999977,6838.807383893477,M,0
300.0,311.4,1484,37.0,183,11.399999999999977,5749.952314110278,L,0
300.0,311.4,1604,38.7,185,11.399999999999977,6500.457855101856,L,0
300.0,311.4,1483,45.6,187,11.399999999999977,7081.652496015968,L,0
300.1,311.5,1549,34.7,189,11.399999999999977,5628.718253608249,L,0
300.1,311.4,1604,35.0,191,11.299999999999955,5878.967052417699,L,0
300.2,311.5,1685,31.0,193,11.300000000000011,5470.036408675429,L,0
300.2,311.6,1372,49.2,195,11.400000000000034,7068.834797989323,L,0
300.3,311.6,1374,47.4,197,11.300000000000011,6820.146323531154,L,0
300.2,311.6,1606,31.0,199,11.400000000000034,5213.577728387381,L,0
300.1,311.5,1471,47.2,201,11.399999999999977,7270.8182616641225,L,0
300.1,311.5,1659,31.1,203,11.399999999999977,5403.0052934233345,L,0
300.1,311.7,1400,48.5,205,11.599999999999966,7110.471372624897,M,0
300.1,311.7,1503,42.6,208,11.599999999999966,6704.975536850552,L,0
300.2,311.8,1798,23.2,210,11.600000000000023,4368.23797715944,L,0
300.2,311.6,1608,35.0,212,11.400000000000034,5893.627818134452,M,0
300.2,311.6,1322,50.9,215,11.400000000000034,7046.571378050882,L,0
300.2,311.6,1547,37.7,217,11.400000000000034,6107.455086113286,H,0
300.3,311.7,1374,47.9,222,11.399999999999977,6892.08879529836,M,1
300.3,311.7,1447,36.8,0,11.399999999999977,5576.285072219835,M,0
300.4,311.7,1373,47.2,3,11.300000000000011,6786.426562382624,L,0
300.3,311.7,1515,37.5,5,11.399999999999977,5949.391087735671,L,0
300.3,311.7,1317,56.5,7,11.399999999999977,7792.249338331445,L,0
300.3,311.8,1551,37.2,9,11.5,6042.036655090035,L,0
300.3,311.8,1592,32.1,11,11.5,5351.5145898309975,M,0
300.4,311.8,1433,42.2,14,11.400000000000034,6332.675863449137,L,0
300.5,311.9,1432,43.1,16,11.399999999999977,6463.219510181305,L,0
300.5,311.9,1350,51.7,18,11.399999999999977,7308.915308576654,L,0
300.5,311.9,1370,44.8,20,11.399999999999977,6427.279690224237,M,0
300.5,312.0,1415,44.6,23,11.5,6608.759025846609,L,0
300.5,312.0,1498,42.9,25,11.5,6729.7312869608395,L,0
300.5,312.0,1382,54.1,27,11.5,7829.498155227506,M,0
300.5,311.9,1511,44.5,30,11.399999999999977,7041.303974368363,M,0
300.5,311.9,1330,59.5,33,11.399999999999977,8286.997821394276,L,0
300.5,311.9,1383,50.5,35,11.399999999999977,7313.784777189719,L,0
300.5,311.9,1431,49.4,37,11.399999999999977,7402.786097065917,L,0
300.5,312.0,1461,38.1,39,11.5,5829.130920956253,L,0
300.4,311.9,1438,46.7,41,11.5,7032.413267158704,H,0
300.5,312.0,1779,27.7,46,11.5,5160.41150871313,M,0
300.6,312.1,1293,52.3,49,11.5,7081.558248236361,M,0
300.6,312.2,1308,54.7,52,11.599999999999966,7492.44715139937,L,0
300.6,312.3,1532,37.2,54,11.699999999999989,5968.020732171459,L,0
300.7,312.4,1470,38.6,56,11.699999999999989,5942.008344999735,L,0
300.7,312.3,1548,37.9,58,11.600000000000023,6143.824257066343,L,0
300.7,312.3,1898,24.0,60,11.600000000000023,4770.194285210741,L,0
300.7,312.2,1335,49.0,62,11.5,6850.242781152544,H,0
300.7,312.3,1420,53.8,67,11.600000000000023,8000.170412121527,L,0
300.7,312.3,1418,49.0,69,11.600000000000023,7276.138025224201,L,0
300.8,312.3,1535,40.3,71,11.5,6478.016411579712,M,0
300.7,312.4,1457,47.2,74,11.699999999999989,7201.619447481051,H,0
300.8,312.4,1493,39.1,79,11.599999999999966,6113.151840791796,L,0
300.7,312.3,1670,27.3,81,11.600000000000023,4774.278355660408,H,0
300.7,312.3,1446,45.4,86,11.600000000000023,6874.684371997472,H,0
300.8,312.4,1465,59.1,91,11.599999999999966,9066.793477892823,L,1
300.7,312.3,1590,36.3,93,11.600000000000023,6044.110106241402,L,0
300.6,312.2,2174,18.5,95,11.599999999999966,4211.723831157596,M,0
300.7,312.4,1590,37.9,98,11.699999999999989,6310.517163265817,L,0
300.7,312.3,1577,33.2,100,11.600000000000023,5482.749386946955,L,0
300.7,312.4,1371,61.7,102,11.699999999999989,8858.317389400605,M,0
300.8,312.4,1767,25.6,105,11.599999999999966,4737.019066788834,L,0
300.8,312.5,1517,39.2,107,11.699999999999989,6227.306845847736,L,0
300.9,312.6,1555,40.6,109,11.700000000000045,6611.272299969481,M,0
300.9,312.7,1416,43.8,112,11.800000000000011,6494.802988325395,L,0
300.8,312.6,1588,35.6,114,11.800000000000011,5920.100972228703,M,0
300.8,312.6,1422,50.0,117,11.800000000000011,7445.574589007809,L,0
300.8,312.6,1376,53.6,119,11.800000000000011,7723.458931193339,L,0
300.8,312.5,1434,50.7,121,11.699999999999989,7613.524132268721,L,0
300.8,312.5,1423,47.3,123,11.699999999999989,7048.466805618547,L,0
300.9,312.4,1364,52.5,125,11.5,7498.981664118835,L,0
300.8,312.4,1825,23.8,127,11.599999999999966,4548.502563622422,L,0
300.8,312.4,1365,44.5,129,11.599999999999966,6360.939725355934,L,0
300.7,312.3,1430,47.2,131,11.600000000000023,7068.164591556558,M,0
300.8,312.3,1435,44.8,134,11.5,6732.223617132688,L,0
300.8,312.4,1811,25.1,136,11.599999999999966,4760.151660694767,M,0
300.8,312.4,1465,43.7,139,11.599999999999966,6704.211082638179,M,0
300.9,312.4,1372,51.0,142,11.5,7327.4507052328345,L,0
300.8,312.3,1858,26.3,144,11.5,5117.172721824222,L,0
300.7,312.3,1715,26.8,146,11.600000000000023,4813.129384809803,L,0
300.7,312.2,1590,38.5,148,11.5,6410.419809649972,L,0
300.8,312.2,1664,25.7,150,11.399999999999977,4478.319383741226,M,0
300.7,312.1,1512,36.9,153,11.400000000000034,5842.608353440154,L,0
300.7,312.1,1498,44.0,155,11.400000000000034,6902.288499447015,L,0
300.7,312.1,1395,41.9,157,11.400000000000034,6120.922046621673,L,0
300.7,312.1,1490,43.1,159,11.400000000000034,6724.997954029431,H,0
300.8,312.1,1527,35.1,164,11.300000000000011,5612.738018976988,H,0
300.8,312.1,1512,37.1,169,11.300000000000011,5874.275607388339,L,0
300.9,312.1,1474,42.4,171,11.200000000000045,6544.7333675664495,L,0
300.8,312.1,1505,41.3,173,11.300000000000011,6509.013459095132,L,0
300.8,312.0,1496,40.0,175,11.199999999999989,6266.430146360441,L,0
300.8,312.0,1382,49.3,177,11.199999999999989,7134.82918766573,L,0
300.7,311.9,1419,47.7,179,11.199999999999989,7088.0927609558275,L,0
300.7,311.9,1462,39.7,181,11.199999999999989,6078.081194802222,L,0
300.8,312.0,1450,45.0,183,11.199999999999989,6832.9640215578,M,0
300.7,311.9,1389,46.5,186,11.199999999999989,6763.691903546144,H,0
300.7,311.9,1697,28.2,191,11.199999999999989,5011.405769153367,M,0
300.7,311.9,1335,57.1,194,11.199999999999989,7982.629853138986,L,1
300.7,311.9,1476,42.0,196,11.199999999999989,6491.787059377948,L,0
300.6,311.7,1497,43.6,198,11.099999999999966,6834.974640856098,L,0
300.6,311.6,1669,29.2,200,11.0,5103.4963218055955,M,0
300.6,311.6,1455,48.0,203,11.0,7313.627697557038,L,0
300.7,311.7,1499,38.4,205,11.0,6027.836656295807,L,0
300.7,311.8,1478,41.9,207,11.100000000000023,6485.105939001313,L,0
300.8,311.8,1928,21.8,209,11.0,4401.413195581348,L,0
300.8,311.9,1621,28.3,211,11.099999999999966,4803.945462285808,M,0
300.8,311.9,1356,44.3,214,11.099999999999966,6290.599465842057,M,0
300.8,311.7,1490,46.4,217,10.899999999999977,7239.904989952798,L,0
300.8,311.7,1578,31.4,219,10.899999999999977,5188.780090375046,L,0
300.8,311.7,1681,31.3,221,10.899999999999977,5509.861331547434,L,0
300.8,311.8,1417,43.4,223,11.0,6440.034556397813,L,0
300.7,311.7,1532,40.0,0,11.0,6417.22659373275,M,0
300.7,311.7,1499,38.9,3,11.0,6106.324112757992,M,0
300.8,311.7,1432,45.8,6,10.899999999999977,6868.107971375957,L,0
300.8,311.7,1753,29.0,8,10.899999999999977,5323.6381910181435,L,0
300.8,311.7,1414,49.0,10,10.899999999999977,7255.612953220746,L,0
300.8,311.7,1655,32.2,12,10.899999999999977,5580.620470081789,L,0
300.8,311.6,1516,35.6,14,10.800000000000011,5651.683295905989,L,0
300.8,311.7,1426,45.5,16,10.899999999999977,6794.531871428884,L,0
300.8,311.7,1479,39.4,18,10.899999999999977,6102.292402185886,L,0
300.7,311.5,1569,36.4,20,10.800000000000011,5980.712766491961,M,0
300.8,311.6,1568,36.0,23,10.800000000000011,5911.2207369945545,L,0
300.9,311.8,1843,24.5,25,10.900000000000034,4728.4634627955575,M,0
300.9,311.9,1480,40.9,28,11.0,6338.896216903245,M,0
301.0,312.0,1447,36.8,31,11.0,5576.285072219835,L,0
301.0,311.9,1454,41.9,33,10.899999999999977,6379.799753252984,L,0
300.9,311.9,1310,56.1,35,11.0,7695.9595234989165,M,0
300.9,311.9,1513,38.0,38,11.0,6020.757600849719,H,0
300.9,311.9,2140,16.5,43,11.0,3697.6545532751866,H,0
301.0,312.1,1377,49.9,48,11.100000000000023,7195.535229708598,L,0
301.0,312.1,1585,32.3,50,11.100000000000023,5361.180223228541,L,0
301.1,312.2,1491,42.6,52,11.099999999999966,6651.442798033381,H,0
301.0,312.2,1264,59.0,57,11.199999999999989,7809.580457803748,L,0
301.0,312.2,1372,47.0,59,11.199999999999989,6752.748689136141,L,0
301.0,312.2,1510,39.9,61,11.199999999999989,6309.260526204381,L,0
300.9,312.1,1423,40.2,63,11.200000000000045,5990.451703718089,L,0
301.1,312.3,1464,35.3,65,11.199999999999989,5411.83316877992,L,0
301.0,312.2,1602,35.9,67,11.199999999999989,6022.621612490849,L,0
301.0,312.2,1629,32.6,69,11.199999999999989,5561.18448353158,M,0
300.9,312.2,1811,23.2,72,11.300000000000011,4399.82145530353,L,0
300.9,312.1,1711,28.8,74,11.200000000000045,5160.25442908045,L,0
300.9,312.1,1297,48.6,76,11.200000000000045,6600.925988163659,M,0
301.0,312.1,1405,46.1,79,11.100000000000023,6782.750898977924,L,0
301.1,312.2,1397,54.9,81,11.099999999999966,8031.513034828841,L,0
301.1,312.3,1682,29.7,83,11.199999999999989,5231.317254904651,L,0
301.2,312.3,1528,38.4,85,11.100000000000023,6144.452575597061,L,0
301.2,312.3,1548,38.3,87,11.100000000000023,6208.666729436436,M,0
301.2,312.4,1395,47.8,90,11.199999999999989,6982.817991134032,H,0
301.2,312.4,1378,59.0,95,11.199999999999989,8513.925530738577,L,0
301.2,312.4,1480,53.5,97,11.199999999999989,8291.71021037466,L,0
301.2,312.4,1428,36.6,99,11.199999999999989,5473.157057377994,M,0
301.2,312.4,1505,39.6,102,11.199999999999989,6241.087965621483,M,0
301.0,312.3,1445,36.4,105,11.300000000000011,5508.049679783864,L,0
301.0,312.3,1488,42.6,107,11.300000000000011,6638.059613329089,L,0
301.0,312.2,1601,33.0,109,11.199999999999989,5532.658822236985,L,0
301.0,312.3,1550,34.9,111,11.300000000000011,5664.815153197996,L,0
301.0,312.2,1540,34.1,113,11.199999999999989,5499.253220353813,L,0
301.1,312.3,1587,34.5,115,11.199999999999989,5733.563672434051,L,0
301.0,312.2,1489,40.3,117,11.199999999999989,6283.886929538887,H,0
301.1,312.3,1486,34.9,122,11.199999999999989,5430.913108162723,L,0
301.1,312.4,1430,37.9,124,11.299999999999955,5675.496568220201,L,0
301.1,312.4,1809,25.1,126,11.299999999999955,4754.89472898776,M,0
301.1,312.3,1534,39.0,129,11.199999999999989,6264.964069788765,L,0
301.1,312.3,1852,25.9,131,11.199999999999989,5023.071549873695,M,0
301.1,312.3,1595,31.9,134,11.199999999999989,5328.193500365849,L,0
301.0,312.3,1424,43.5,136,11.300000000000011,6486.7605111322055,L,0
301.0,312.2,1776,28.8,138,11.199999999999989,5356.289810664453,L,0
301.0,312.2,1499,41.5,140,11.199999999999989,6514.458886361354,M,0
301.0,312.2,2710,9.7,143,11.199999999999989,2752.7682028304966,M,1
300.9,312.1,1359,51.7,146,11.200000000000045,7357.641410633832,L,0
300.9,312.1,1617,31.0,148,11.200000000000045,5249.287164883185,M,0
300.8,312.0,1443,53.3,151,11.199999999999989,8054.19533378776,M,0
300.8,312.0,1374,50.2,154,11.199999999999989,7223.02416542751,L,0
300.9,312.1,1851,23.0,156,11.200000000000045,4458.234134709275,M,0
300.8,312.0,1274,67.3,159,11.199999999999989,8978.69274791065,M,0
300.9,312.0,1533,44.0,162,11.100000000000023,7063.5569223312905,L,0
300.8,312.0,1477,37.3,164,11.199999999999989,5769.231221027807,L,0
300.9,312.1,1462,46.0,166,11.200000000000045,7042.61297130736,L,0
301.0,312.1,1664,28.4,168,11.100000000000023,4948.804299542834,M,0
300.8,311.9,1414,41.1,171,11.099999999999966,6085.830456681075,L,0
300.9,312.0,2129,17.8,173,11.100000000000023,3968.480783965651,H,0
300.8,311.8,1323,61.1,178,11.0,8465.052821024234,L,0
300.8,311.8,1427,43.3,180,11.0,6470.53942106417,L,0
300.9,312.0,1375,56.1,182,11.100000000000023,8077.820110542754,M,0
300.9,312.0,1402,50.7,185,11.100000000000023,7443.626801562585,M,0
300.9,312.0,1500,44.2,188,11.100000000000023,6942.919764433444,L,0
301.0,312.0,1558,37.5,190,11.0,6118.2516928661225,M,0
300.9,312.0,1447,41.4,193,11.100000000000023,6273.320706247314,M,0
301.0,312.0,1518,39.3,196,11.0,6247.308319075591,L,0
301.0,311.9,1889,23.5,198,10.899999999999977,4648.667009394377,L,0
301.0,312.1,1675,30.7,200,11.100000000000023,5384.951607640704,L,0
300.9,312.0,1720,27.9,202,11.100000000000023,5025.291608682232,H,0
301.0,312.0,1499,34.6,207,11.0,5431.331987183202,M,0
300.9,312.0,1441,43.8,210,11.100000000000023,6609.4711201814225,L,0
300.9,312.0,1397,42.7,212,11.100000000000023,6246.732360422433,H,0
300.9,312.0,1493,38.7,217,11.100000000000023,6050.613203034335,L,0
300.8,312.0,1422,50.7,219,11.199999999999989,7549.812633253919,M,0
300.7,311.9,1399,50.2,222,11.199999999999989,7354.447458102683,L,1
300.6,311.9,1425,44.9,224,11.299999999999955,6700.23173194363,L,0
300.6,311.8,1501,44.8,226,11.199999999999989,7041.858989070498,L,0
300.6,311.9,1629,35.3,0,11.299999999999955,6021.773382474378,M,0
300.6,312.0,1490,42.2,3,11.399999999999977,6584.568762413967,L,0
300.7,312.0,1550,32.4,5,11.300000000000011,5259.026102109314,L,0
300.8,312.0,1416,46.5,7,11.199999999999989,6895.167556098879,L,0
300.7,311.9,1485,38.8,9,11.199999999999989,6033.742850484557,L,0
300.7,311.8,1564,36.8,11,11.100000000000023,6027.1664498630425,L,0
300.7,311.7,1910,19.7,13,11.0,3940.290225887438,L,0
300.7,311.7,1460,46.1,15,11.0,7048.2678380838215,L,0
300.7,311.8,1603,34.1,17,11.100000000000023,5724.222670277379,L,0
300.7,311.8,1486,47.3,19,11.100000000000023,7360.5212038996215,L,0
300.8,311.9,1560,31.8,21,11.099999999999966,5194.937611976082,L,0
300.8,311.9,1498,39.3,23,11.099999999999966,6164.998591551538,L,0
300.8,311.9,1431,48.5,25,11.099999999999966,7267.917524447307,H,0
300.8,311.9,1486,45.1,30,11.099999999999966,7018.1713804624305,L,0
300.7,311.9,1486,35.8,32,11.199999999999989,5570.9653086597555,L,0
300.7,311.8,1441,38.1,34,11.100000000000023,5749.334467555073,L,0
300.7,311.9,1366,55.1,36,11.199999999999989,7881.899920689385,M,0
300.6,311.8,1471,41.4,39,11.199999999999989,6377.370254934208,L,0
300.6,311.9,1463,38.2,41,11.299999999999955,5852.431066470379,L,0
300.6,311.9,1413,41.3,43,11.299999999999955,6111.120277542473,L,0
300.6,311.9,1604,30.5,45,11.299999999999955,5123.099859963995,H,0
300.7,312.0,1401,51.1,50,11.300000000000011,7497.002460747074,L,0
300.6,311.8,1652,27.2,52,11.199999999999989,4705.51936444884,L,0
300.5,311.9,1403,45.7,54,11.399999999999977,6714.327010982737,L,0
300.5,311.9,1887,21.7,56,11.399999999999977,4288.054060664316,L,0
300.4,311.8,1405,47.9,58,11.400000000000034,7047.587159675543,L,0
300.2,311.6,1496,41.1,60,11.400000000000034,6438.756975385353,H,0
300.1,311.5,1499,43.4,65,11.399999999999977,6812.711220917658,L,0
300.2,311.5,1549,37.2,67,11.300000000000011,6034.245505309132,L,0
300.3,311.6,1515,44.9,69,11.300000000000011,7123.404262382176,L,0
300.2,311.6,1540,37.7,71,11.400000000000034,6079.8195427372075,L,0
300.2,311.5,1426,44.3,73,11.300000000000011,6615.335426468122,H,0
300.2,311.6,1465,41.4,78,11.400000000000034,6351.357867762485,M,0
300.3,311.6,1359,54.1,81,11.300000000000011,7699.195363932114,M,0
300.3,311.7,1551,36.4,84,11.399999999999977,5912.10038293756,M,0
300.5,311.8,1596,34.8,87,11.300000000000011,5816.218975149999,L,0
300.5,311.9,1670,26.3,89,11.399999999999977,4599.396364610577,M,0
300.4,311.9,1868,21.3,92,11.5,4166.631504603071,L,0
300.6,312.0,1490,39.8,94,11.399999999999977,6210.090918106063,M,0
300.5,311.9,1676,35.2,97,11.399999999999977,6177.962897235352,M,0
300.5,311.9,1875,22.1,100,11.399999999999977,4339.324852770902,M,0
300.5,312.0,1867,23.0,103,11.5,4496.771004593311,M,0
300.5,312.0,1646,29.5,106,11.5,5084.87714934532,L,0
300.5,312.0,1375,43.2,108,11.5,6220.35345410779,H,0
300.5,312.0,1558,36.7,113,11.5,5987.728990084979,L,0
300.4,312.0,1631,34.9,115,11.600000000000023,5960.847428945761,L,0
300.4,312.0,1366,43.0,117,11.600000000000023,6151.028976218576,L,0
300.3,311.8,1360,48.0,119,11.5,6836.10561421139,L,0
300.3,311.8,1547,39.7,121,11.5,6431.458008453513,L,0
300.3,311.7,1571,31.2,123,11.399999999999977,5132.8597411411465,L,0
300.2,311.5,1528,36.1,125,11.300000000000011,5776.425468204528,L,0
300.2,311.5,1432,43.6,127,11.300000000000011,6538.198854846982,H,0
300.2,311.6,1356,53.5,132,11.400000000000034,7596.999354910837,L,0
300.1,311.5,1422,46.2,134,11.399999999999977,6879.710920243216,H,0
300.1,311.4,1438,42.2,139,11.299999999999955,6354.771731779386,L,0
300.2,311.4,1483,44.4,141,11.199999999999989,6895.29321980502,L,0
300.2,311.4,1331,49.8,143,11.199999999999989,6941.2233044005025,L,0
300.2,311.4,1463,37.5,145,11.199999999999989,5745.187565252335,L,0
300.1,311.4,1446,40.6,147,11.299999999999955,6147.845495662938,L,0
300.1,311.4,1356,45.7,149,11.299999999999955,6489.39944896122,L,0
300.1,311.3,1676,30.3,151,11.199999999999989,5317.962380290658,L,0
300.1,311.4,1910,23.0,153,11.299999999999955,4600.338842406653,L,0
300.2,311.6,1375,56.9,155,11.400000000000034,8193.01184117438,L,0
300.2,311.6,1513,40.8,157,11.400000000000034,6464.392371438645,M,0
300.2,311.6,1511,35.7,160,11.400000000000034,5648.866334493271,L,0
300.2,311.6,1662,28.8,162,11.400000000000034,5012.473910655586,H,0
300.2,311.7,1493,48.3,167,11.5,7551.540509213394,L,0
300.2,311.7,1555,37.4,169,11.5,6090.186798494053,M,0
300.3,311.7,1452,41.5,172,11.399999999999977,6310.203004000458,L,0
300.2,311.6,1500,39.0,174,11.400000000000034,6126.105674500097,L,0
300.2,311.7,1603,30.5,176,11.5,5119.905907432845,L,0
300.3,311.7,1682,27.8,178,11.399999999999977,4896.653861493243,L,0
300.3,311.8,1567,37.7,180,11.5,6186.4137814735095,L,0
300.3,311.8,1413,46.0,182,11.5,6806.574643267646,L,0
300.3,311.9,1429,41.6,184,11.599999999999966,6225.212450745343,M,0
300.3,311.9,1692,31.5,187,11.599999999999966,5581.353508367626,L,0
300.4,311.9,1476,48.7,189,11.5,7527.381661707288,L,0
300.4,312.0,1596,30.4,191,11.600000000000023,5080.834966797701,M,0
300.3,311.9,1390,49.0,194,11.599999999999966,7132.4625212000265,H,0
300.3,311.8,1607,33.7,199,11.5,5671.192586284783,M,0
300.3,311.7,1821,26.3,202,11.399999999999977,5015.269928117282,L,0
300.3,311.8,2141,18.5,204,11.5,4147.792420657044,H,0
300.4,311.8,1553,33.1,209,11.400000000000034,5383.045708097527,M,1
300.4,311.8,1442,45.1,0,11.400000000000034,6810.365498402978,M,0
300.4,311.7,1459,45.6,3,11.300000000000011,6967.047196013013,L,0
300.4,311.8,2496,13.5,5,11.400000000000034,3528.6368685120556,H,0
300.4,311.8,1367,57.2,10,11.400000000000034,8188.288980218485,L,0
300.3,311.8,2004,19.6,12,11.5,4113.224429492045,L,0
300.3,311.7,1406,47.5,14,11.399999999999977,6993.708845666477,L,0
300.3,311.8,1548,33.0,16,11.5,5349.5039705327,L,0
300.3,311.7,1333,55.2,18,11.399999999999977,7705.4471333127585,L,0
300.2,311.6,1767,26.4,20,11.400000000000034,4885.050912625985,L,0
300.2,311.6,1827,27.0,22,11.400000000000034,5165.720800297697,L,0
300.2,311.6,1533,46.4,24,11.400000000000034,7448.841845367542,M,0
300.2,311.5,1515,36.8,27,11.300000000000011,5838.3357874312715,H,0
300.2,311.4,1568,41.0,32,11.199999999999989,6732.223617132687,L,0
300.2,311.4,1452,47.8,34,11.199999999999989,7268.137435933058,L,0
300.2,311.4,1433,37.9,36,11.199999999999989,5687.403204377305,L,0
300.1,311.3,1650,33.8,38,11.199999999999989,5840.220743023426,M,0
300.1,311.4,1629,31.3,41,11.299999999999955,5339.419458114676,L,0
300.0,311.3,1520,39.2,43,11.300000000000011,6239.621889049809,L,0
300.0,311.2,1393,43.1,45,11.199999999999989,6287.19607380067,H,0
299.9,311.2,1364,49.6,50,11.300000000000011,7084.75220076751,H,0
299.9,311.3,1389,50.0,55,11.400000000000034,7272.78699306037,M,0
299.8,311.1,1466,46.1,58,11.300000000000011,7077.233322349918,L,0
299.7,311.1,1650,32.4,60,11.400000000000034,5598.318108697012,L,0
299.6,311.0,1554,36.3,62,11.399999999999977,5907.26233025103,L,0
299.6,310.9,1474,39.7,64,11.299999999999955,6127.969686141228,M,0
299.5,310.8,1600,32.4,67,11.300000000000011,5428.672105403162,H,0
299.5,310.8,1356,54.9,72,11.300000000000011,7795.799338029999,L,0
299.5,310.8,1571,38.2,74,11.300000000000011,6284.462888192045,L,0
299.6,310.9,1658,28.0,76,11.299999999999955,4861.509911675085,L,0
299.6,310.8,1393,49.9,78,11.199999999999989,7279.143482196135,L,0
299.7,311.0,1448,49.8,80,11.300000000000011,7551.383429580714,M,0
299.7,310.9,1477,40.4,83,11.199999999999989,6248.711563794193,L,0
299.7,311.0,1506,42.7,85,11.300000000000011,6734.129516675866,M,0
299.7,310.9,1685,32.1,88,11.199999999999989,5664.134474789718,M,0
299.6,310.9,1533,31.8,91,11.299999999999955,5105.025230230342,L,0
299.5,310.8,1447,41.0,93,11.300000000000011,6212.708911984055,L,0
299.5,310.7,1488,39.5,95,11.199999999999989,6155.008326913123,M,0
299.6,310.8,1427,50.4,98,11.199999999999989,7531.5285640100265,M,0
299.5,310.7,1424,41.3,101,11.199999999999989,6158.694462293335,M,0
299.5,310.7,1472,40.9,104,11.199999999999989,6304.631913028092,L,0
299.5,310.7,1438,45.7,106,11.199999999999989,6881.826259296634,L,0
299.6,310.8,1507,42.4,108,11.199999999999989,6691.257248929877,L,0
299.6,310.7,1393,52.1,110,11.099999999999966,7600.067643735844,L,0
299.5,310.8,1283,52.4,112,11.300000000000011,7040.225360890631,L,0
299.6,310.8,1644,30.9,114,11.199999999999989,5319.721672176668,L,0
299.6,310.8,1498,46.9,116,11.199999999999989,7357.212059637841,L,0
299.6,310.8,1400,40.8,118,11.199999999999989,5981.592412434965,L,0
299.6,310.9,1679,31.2,120,11.299999999999955,5485.723427992352,H,0
299.7,311.1,1618,30.3,125,11.400000000000034,5133.927882643368,M,0
299.6,311.0,1714,30.2,128,11.399999999999977,5420.587740307925,H,0
299.6,311.0,1574,35.0,133,11.399999999999977,5769.011309542057,L,0
299.7,311.1,1574,36.4,135,11.400000000000034,5999.771761923738,L,0
299.6,310.9,1472,40.9,137,11.299999999999955,6304.631913028092,L,0
299.6,311.0,1552,33.2,139,11.399999999999977,5395.831990197637,L,0
299.7,311.1,1603,31.4,141,11.400000000000034,5270.985098143979,L,0
299.7,311.1,1353,47.1,143,11.400000000000034,6673.402530681974,H,0
299.7,311.1,1690,30.6,148,11.400000000000034,5415.477416258086,L,0
299.8,311.2,1745,26.3,150,11.399999999999977,4805.956081584106,M,0
299.9,311.3,1522,45.7,153,11.400000000000034,7283.824455249984,L,0
300.0,311.4,1641,34.5,155,11.399999999999977,5928.656576221978,H,0
299.9,311.4,1596,28.9,160,11.5,4830.135873041235,L,0
299.9,311.4,1497,37.0,162,11.5,5800.322516322834,H,0
299.9,311.3,1371,52.3,167,11.400000000000034,7508.7520172715,L,0
299.9,311.3,1445,41.2,169,11.400000000000034,6234.385901293825,M,0
299.8,311.2,1564,40.0,172,11.399999999999977,6551.267880285915,L,0
299.7,311.1,1439,44.9,174,11.400000000000034,6766.058570011848,L,0
299.7,311.2,1352,52.1,176,11.5,7376.375774824739,L,0
299.8,311.3,1560,35.4,178,11.5,5783.043756728091,L,0
299.7,311.2,1616,42.3,180,11.5,7158.307356763558,M,0
299.7,311.2,1835,23.7,183,11.5,4554.2097902764435,L,0
299.7,311.1,1649,32.7,185,11.400000000000034,5646.73005148883,M,0
299.8,311.1,1452,47.3,188,11.300000000000011,7192.110893716185,L,0
299.8,311.1,2144,17.7,190,11.300000000000011,3973.9890430849446,L,0
299.7,311.1,1554,41.0,192,11.400000000000034,6672.114477694002,L,0
299.7,311.0,1827,25.4,194,11.300000000000011,4859.6040121319065,L,0
299.6,310.9,1448,46.3,196,11.299999999999955,7020.663710634278,L,0
299.6,310.9,1530,38.8,198,11.299999999999955,6216.583542923482,M,0
299.7,311.0,1983,21.0,201,11.300000000000011,4360.844762447992,L,0
299.7,310.9,1620,37.2,203,11.199999999999989,6310.831322531177,M,0
299.6,310.9,1630,29.8,206,11.299999999999955,5086.657385182354,M,0
299.6,310.9,1229,65.2,209,11.299999999999955,8391.277753542434,L,1
299.5,310.8,1873,22.3,211,11.300000000000011,4373.924259862438,L,0
299.4,310.7,1426,45.7,213,11.300000000000011,6824.397945589012,L,0
299.4,310.8,1376,53.9,215,11.400000000000034,7766.687246106733,L,1
299.4,310.8,1622,33.6,217,11.400000000000034,5707.142878217362,L,0
299.4,310.7,1492,45.7,219,11.300000000000011,7140.25367098093,M,0
299.3,310.7,1374,48.9,222,11.399999999999977,7035.973738832773,M,0
299.2,310.7,1737,27.0,225,11.5,4911.251795356923,L,1
299.3,310.8,1426,42.4,0,11.5,6331.607721946916,L,0
299.3,310.9,1826,25.1,2,11.599999999999966,4799.578648497319,M,0
299.3,310.9,1669,32.4,5,11.599999999999966,5662.783589948674,L,0
299.4,310.9,1473,40.1,7,11.5,6185.51319157948,M,0
299.4,310.9,1751,27.8,10,11.5,5097.527295763774,L,0
299.4,310.9,1446,47.3,12,11.5,7162.391427213225,M,0
299.3,310.8,1483,43.5,15,11.5,6755.523762646811,L,0
299.2,310.7,1535,42.6,17,11.5,6847.729507029671,L,0
299.2,310.7,1477,44.0,19,11.5,6805.527445716449,L,0
299.3,310.8,1391,46.9,21,11.5,6831.6969125208525,L,0
299.2,310.7,1636,29.4,23,11.5,5036.852669647444,H,0
299.2,310.6,1675,33.3,28,11.400000000000034,5841.006141186823,L,0
299.2,310.5,1329,48.9,30,11.300000000000011,6805.537917691961,H,0
299.2,310.5,1548,33.5,35,11.300000000000011,5430.5570609953165,M,0
299.2,310.5,1391,45.8,38,11.300000000000011,6671.465215212261,L,0
299.1,310.5,1437,43.1,40,11.399999999999977,6485.7866174095925,L,0
299.2,310.6,1370,61.9,42,11.400000000000034,8880.549393412506,L,0
299.1,310.6,1577,37.1,44,11.5,6126.807296859399,L,0
299.1,310.5,1485,37.8,46,11.399999999999977,5878.234014131862,L,0
299.0,310.4,1504,34.3,48,11.399999999999977,5402.198951308912,L,0
298.9,310.3,1551,35.2,50,11.400000000000034,5717.19597470885,M,0
299.1,310.5,1428,43.0,53,11.399999999999977,6430.211843367588,M,0
299.0,310.5,1755,27.9,56,11.5,5127.55044955658,L,0
299.1,310.5,1329,54.9,58,11.399999999999977,7640.573245016129,L,0
299.1,310.5,1496,35.2,60,11.399999999999977,5514.458528797189,L,0
299.1,310.5,1532,36.6,62,11.399999999999977,5871.762333265467,L,0
299.1,310.5,1389,61.4,64,11.399999999999977,8930.982427478135,L,0
299.1,310.4,1524,51.4,66,11.299999999999955,8203.07540964138,M,0
299.1,310.4,1422,49.3,69,11.299999999999955,7341.3365447617,M,0
299.1,310.5,1739,27.4,72,11.399999999999977,4989.74972379462,L,0
299.1,310.5,1736,26.9,74,11.399999999999977,4890.245012479919,L,0
299.1,310.5,1419,48.8,76,11.399999999999977,7251.549826722104,L,0
299.1,310.6,1326,49.7,78,11.5,6901.262245846842,L,0
299.1,310.6,1449,43.2,80,11.5,6555.12156727432,M,0
299.2,310.6,1534,39.7,83,11.400000000000034,6377.412142836257,L,0
299.2,310.6,1443,50.9,85,11.400000000000034,7691.529877857355,M,0
299.2,310.6,1498,41.1,88,11.400000000000034,6447.364939256189,L,0
299.1,310.6,1796,26.0,90,11.5,4889.993685067633,L,0
299.1,310.4,1519,45.3,92,11.299999999999955,7205.839653612372,L,0
299.0,310.4,1339,49.6,94,11.399999999999977,6954.899704419133,L,0
299.0,310.4,1483,41.5,96,11.399999999999977,6444.9249689619,L,0
298.9,310.2,2099,20.0,98,11.300000000000011,4396.135319923316,M,0
299.0,310.3,1689,29.7,101,11.300000000000011,5253.088491994029,M,0
299.1,310.4,1369,54.5,104,11.299999999999955,7813.193289355376,H,0
299.0,310.4,1512,38.8,109,11.399999999999977,6143.4472659479125,L,0
299.0,310.3,1303,68.6,111,11.300000000000011,9360.459087174882,M,1
299.0,310.3,1552,39.9,114,11.300000000000011,6484.749891833906,L,0
299.0,310.4,1713,28.0,116,11.399999999999977,5022.778334559362,L,0
298.9,310.3,1456,44.1,118,11.400000000000034,6724.013588331307,L,0
299.0,310.4,1524,39.8,120,11.399999999999977,6351.797690733986,L,0
299.0,310.4,1394,45.2,122,11.399999999999977,6598.266106383619,M,0
299.0,310.4,1981,21.2,125,11.399999999999977,4397.936499711375,L,0
299.0,310.4,1565,36.1,127,11.399999999999977,5916.299645117858,L,0
299.1,310.4,1657,31.0,129,11.299999999999955,5379.139661231564,L,0
299.0,310.4,1625,37.1,131,11.399999999999977,6313.292236776489,M,0
299.0,310.4,1606,31.1,134,11.399999999999977,5230.395721059599,L,0
299.0,310.5,1336,56.8,136,11.5,7946.637673304359,H,0
299.0,310.6,1587,34.2,141,11.600000000000023,5683.706597021582,M,0
299.1,310.6,1602,39.7,144,11.5,6660.113593757291,L,0
299.1,310.5,1471,38.4,146,11.399999999999977,5915.24197559115,L,0
299.1,310.6,1332,48.0,148,11.5,6695.362263330567,H,0
299.2,310.6,1434,48.4,153,11.400000000000034,7268.1374359330575,H,0
299.1,310.6,1921,23.9,158,11.5,4807.8829250783065,L,0
299.2,310.6,1704,30.6,160,11.400000000000034,5460.339359351348,H,0
299.1,310.6,1397,49.5,165,11.5,7241.528146157152,M,0
299.1,310.6,1791,28.0,168,11.5,5251.486279740698,H,0
299.1,310.6,1818,24.1,173,11.5,4588.17040686175,L,0
299.2,310.7,1540,36.3,175,11.5,5854.04375069922,L,0
299.2,310.8,1502,39.8,177,11.600000000000023,6260.105073151212,M,0
299.2,310.8,1761,30.4,180,11.600000000000023,5606.1092584779135,H,0
299.1,310.8,1517,38.4,185,11.699999999999989,6100.218951034517,M,0
299.1,310.7,1309,51.1,188,11.599999999999966,7004.69394797853,L,0
298.9,310.6,1363,52.6,190,11.700000000000045,7507.757179597864,L,0
299.0,310.6,1787,22.2,192,11.600000000000023,4154.37929325407,M,0
298.9,310.5,1640,29.2,195,11.600000000000023,5014.8196331702675,L,0
298.9,310.6,1720,25.3,197,11.700000000000045,4556.984863787115,M,0
298.8,310.5,1384,52.8,200,11.699999999999989,7652.417049320161,L,0
298.8,310.5,1294,55.8,202,11.699999999999989,7561.310862366057,H,0
298.8,310.5,1464,46.4,207,11.699999999999989,7113.5710773764395,L,0
298.8,310.6,1803,25.4,209,11.800000000000011,4795.766849410963,L,0
298.8,310.6,1602,39.1,211,11.800000000000011,6559.4569651362735,L,0
298.9,310.6,1519,38.8,213,11.700000000000045,6171.889151438411,H,0
298.9,310.7,1638,33.6,218,11.800000000000011,5763.440218569691,M,0
298.9,310.6,1615,33.0,221,11.700000000000045,5581.039349102268,H,0
298.8,310.6,1651,33.3,0,11.800000000000011,5757.31411289519,L,0
298.9,310.6,1387,52.7,2,11.700000000000045,7654.480028496018,L,0
298.8,310.5,1678,32.8,4,11.699999999999989,5763.607770177882,M,0
298.9,310.6,1585,38.1,7,11.700000000000045,6323.868932043574,L,0
298.8,310.6,1640,33.8,9,11.800000000000011,5804.82546579298,M,0
298.9,310.6,1406,43.8,12,11.700000000000045,6448.9357355829825,L,0
298.9,310.6,1679,35.8,14,11.700000000000045,6294.515984683532,M,0
298.9,310.5,1717,26.9,17,11.600000000000023,4836.722745638261,L,0
298.9,310.5,1429,39.9,19,11.600000000000023,5970.816749633153,H,0
298.9,310.4,1533,44.4,24,11.5,7127.771076170665,M,0
298.9,310.5,1525,38.5,27,11.600000000000023,6148.358622463024,M,0
298.9,310.4,1739,26.3,30,11.5,4789.431304226223,L,0
298.9,310.3,1436,39.0,32,11.400000000000034,5864.725165721426,L,0
298.8,310.2,1595,33.1,34,11.399999999999977,5528.627111664879,M,0
298.7,310.1,1435,45.6,37,11.400000000000034,6852.4418960100575,H,0
298.7,310.0,1637,31.8,42,11.300000000000011,5451.3544043620805,L,0
298.7,310.1,1558,37.6,44,11.400000000000034,6134.567030713766,L,0
298.7,310.1,1644,34.1,46,11.400000000000034,5870.631359910175,M,0
298.7,310.1,1641,31.1,49,11.400000000000034,5344.3831745073485,L,0
298.8,310.2,1504,41.0,51,11.399999999999977,6457.438979698701,L,0
298.7,310.1,1506,50.7,53,11.400000000000034,7995.793126357527,M,0
298.8,310.1,1380,44.0,56,11.300000000000011,6358.583530865742,H,0
298.7,310.1,1549,42.5,61,11.400000000000034,6893.963278915002,M,0
298.7,310.1,1402,69.7,64,11.400000000000034,10233.151638440082,M,1
298.7,310.1,1401,45.3,67,11.400000000000034,6646.070674595742,L,0
298.7,310.0,1459,40.2,69,11.300000000000011,6142.002133327262,M,0
298.7,309.9,1465,39.7,72,11.199999999999989,6090.553317636973,L,0
298.8,310.0,1295,52.7,74,11.199999999999989,7146.75676777386,M,0
298.8,310.0,1529,38.5,77,11.199999999999989,6164.485464751452,M,0
298.8,310.0,1484,44.9,80,11.199999999999989,6977.644835231122,M,0
298.8,309.9,1739,30.6,83,11.099999999999966,5572.494217084503,L,0
298.7,309.8,1422,40.7,85,11.100000000000023,6060.697715452357,H,0
298.8,309.8,1463,40.0,90,11.0,6128.200069602491,L,0
298.7,309.7,1667,30.4,92,11.0,5306.862086247973,L,0
298.7,309.7,1565,39.3,94,11.0,6440.736178757113,H,0
298.7,309.7,1393,45.7,99,11.0,6666.4700828930545,L,0
298.8,309.7,1453,47.7,101,10.899999999999977,7257.927259808892,M,0
298.8,309.6,1442,50.0,104,10.800000000000011,7550.294344127469,L,0
298.7,309.6,1364,44.9,106,10.900000000000034,6413.4147946463945,L,0
298.7,309.5,1453,40.4,108,10.800000000000011,6147.175289230172,H,0
298.7,309.5,1394,46.0,113,10.800000000000011,6715.0495772930635,M,0
298.7,309.5,1500,38.8,116,10.800000000000011,6094.689747964198,M,0
298.6,309.5,1523,34.2,119,10.899999999999977,5454.4959970156715,H,0
298.7,309.6,1254,57.1,124,10.900000000000034,7498.290513735047,M,0
298.6,309.5,1325,52.2,127,10.899999999999977,7242.9418628512685,L,0
298.8,309.7,1424,49.6,129,10.899999999999977,7396.3981920036185,L,0
298.8,309.7,1505,39.0,131,10.899999999999977,6146.52602674843,L,0
298.8,309.7,1392,48.7,133,10.899999999999977,7098.994087463784,M,0
298.8,309.7,1529,44.0,136,10.899999999999977,7045.126245430231,L,0
298.8,309.7,1477,48.5,138,10.899999999999977,7501.547298119267,M,0
298.8,309.7,1459,47.3,141,10.899999999999977,7226.783604636304,M,0
299.0,309.8,2240,15.9,144,10.800000000000011,3729.698798341802,M,0
298.9,309.7,1449,48.8,147,10.800000000000011,7404.859548217287,L,0
298.8,309.7,1589,35.3,149,10.899999999999977,5873.90908824542,M,0
298.8,309.7,1740,28.5,152,10.899999999999977,5193.0526563839285,L,0
298.8,309.7,1499,40.3,154,10.899999999999977,6326.08899085211,M,0
298.8,309.7,1480,38.1,157,10.899999999999977,5904.937551687375,M,0
298.8,309.7,1751,29.6,160,10.899999999999977,5427.583019949919,L,0
298.7,309.7,1510,40.6,162,11.0,6419.949307365861,L,0
298.8,309.8,1437,48.2,164,11.0,7253.246286755044,H,0
298.8,309.7,1609,40.4,169,10.899999999999977,6807.1610738963145,L,0
298.8,309.8,1490,35.9,171,11.0,5601.564421105721,H,0
298.7,309.7,1601,35.7,176,11.0,5985.330907692738,L,0
298.7,309.6,1665,31.1,178,10.900000000000034,5422.5459997286625,L,0
298.7,309.6,1452,42.7,180,10.900000000000034,6492.666705320954,M,0
298.7,309.5,1487,33.6,183,10.800000000000011,5232.1340689945855,M,0
298.7,309.6,1382,48.1,186,10.900000000000034,6961.161945775288,M,0
298.7,309.6,1686,26.2,189,10.900000000000034,4625.806686851755,M,0
298.6,309.6,1491,36.9,192,11.0,5761.461015197929,L,0
298.7,309.6,1442,55.6,194,10.900000000000034,8395.927310669746,L,0
298.6,309.6,1390,50.3,196,11.0,7321.691118701252,L,0
298.7,309.6,1502,46.7,198,10.900000000000034,7345.399671260343,L,0
298.6,309.6,1344,59.4,200,11.0,8360.15504232087,M,0
298.5,309.5,1385,46.3,203,11.0,6715.206656925743,L,1
298.7,309.7,1547,37.4,0,11.0,6058.85464776225,L,0
298.6,309.6,1525,42.4,2,11.0,6771.1793660372,M,0
298.6,309.6,1540,35.8,5,11.0,5773.4095392570825,L,0
298.6,309.5,1450,44.3,7,10.899999999999977,6726.6734701113455,L,0
298.6,309.6,1353,62.5,9,11.0,8855.364292306229,L,0
298.8,309.7,1582,45.0,11,10.899999999999977,7454.999366968579,L,0
298.9,309.8,1396,49.0,13,10.900000000000034,7163.2501292052075,L,0
298.8,309.8,1551,36.6,15,11.0,5944.58445097568,M,0
298.9,309.8,1836,22.8,18,10.900000000000034,4383.652725113054,M,0
298.9,309.8,1390,49.9,21,10.900000000000034,7263.466934854721,L,0
298.9,309.8,1534,42.1,23,10.900000000000034,6762.948393284796,L,0
298.8,309.7,1953,20.6,25,10.899999999999977,4213.064244023129,L,0
298.8,309.8,1634,33.6,27,11.0,5749.365883481609,L,0
298.7,309.7,1881,21.7,29,11.0,4274.419548547737,L,0
298.8,309.7,1448,44.8,31,10.899999999999977,6793.212402514377,M,0
298.7,309.7,1362,50.5,34,11.0,7202.729476885318,M,0
298.8,309.7,1225,63.4,37,10.899999999999977,8133.059781368376,L,0
298.8,309.6,1384,48.2,39,10.800000000000011,6985.72920032636,M,0
298.8,309.8,1334,49.3,42,11.0,6887.020359150568,L,0
298.8,309.7,1336,50.3,44,10.899999999999977,7037.251319845233,L,0
298.8,309.9,1331,61.6,46,11.099999999999966,8585.930834358856,M,0
298.8,309.9,1629,31.9,49,11.099999999999966,5441.772546768631,L,0
298.9,310.0,1776,25.7,51,11.100000000000023,4779.744726877655,L,0
298.8,310.0,1530,38.3,53,11.199999999999989,6136.472930256942,H,0
298.9,310.0,1719,27.3,58,11.100000000000023,4914.361972083978,L,0
298.8,309.9,1495,35.2,60,11.099999999999966,5510.772393416976,M,0
298.8,309.7,1450,43.1,63,10.899999999999977,6544.4610962031375,L,0
298.8,309.8,1563,38.8,65,11.0,6350.666717378695,H,0
298.9,309.9,1501,37.1,70,11.0,5831.539475324007,M,0
298.8,309.9,1351,47.2,73,11.099999999999966,6677.685568666368,L,0
298.9,309.9,1365,46.5,75,11.0,6646.824656832605,L,0
298.8,309.9,1525,39.7,77,11.099999999999966,6339.995774332003,L,0
298.8,309.8,1288,61.9,79,11.0,8349.012860376139,M,0
298.6,309.6,1423,42.7,82,11.0,6362.992232556279,L,0
298.5,309.6,1502,39.4,84,11.100000000000023,6197.189444275321,M,0
298.5,309.5,1428,43.5,87,11.0,6504.981748523025,L,0
298.6,309.5,1566,38.1,89,10.899999999999977,6248.062301312452,M,0
298.5,309.5,1483,44.8,92,11.0,6957.412978542003,M,0
298.6,309.6,1593,33.3,95,11.0,5555.058377857079,H,0
298.5,309.6,1724,26.4,100,11.100000000000023,4766.173046614146,L,0
298.5,309.7,2617,12.1,102,11.199999999999989,3316.0243496926105,L,1
298.6,309.7,1294,59.4,104,11.099999999999966,8049.137369615481,L,0
298.6,309.6,1533,40.7,106,11.0,6533.790153156444,L,0
298.5,309.4,1671,31.8,108,10.899999999999977,5564.577403597457,H,0
298.5,309.5,1370,52.4,113,11.0,7517.621780530135,L,0
298.5,309.6,1462,45.1,115,11.100000000000023,6904.822717520911,L,0
298.4,309.5,1545,36.6,117,11.100000000000023,5921.5879927514015,L,0
298.4,309.5,1484,41.7,119,11.100000000000023,6480.351662118882,M,0
298.4,309.5,1344,45.3,122,11.100000000000023,6375.6737949012695,M,0
298.4,309.5,1357,50.1,125,11.100000000000023,7119.4458556386535,L,0
298.5,309.6,1572,33.0,127,11.100000000000023,5432.44201658747,M,0
298.5,309.6,1861,26.9,130,11.100000000000023,5242.365189069776,L,0
298.5,309.5,1548,44.5,132,11.0,7213.7250511728835,L,0
298.6,309.8,1496,37.7,134,11.199999999999989,5906.110412944716,L,0
298.6,309.7,1314,49.7,136,11.099999999999966,6838.807383893478,M,0
298.6,309.7,1422,49.7,139,11.099999999999966,7400.901141473762,M,0
298.6,309.8,1842,20.1,142,11.199999999999989,3877.165157501308,L,0
298.7,309.9,1434,53.0,144,11.199999999999989,7958.910828604382,M,0
298.8,310.1,1585,31.3,147,11.300000000000011,5195.199411363881,M,0
298.8,310.1,1704,30.7,150,11.300000000000011,5478.183605623738,H,0
298.9,310.2,1971,23.2,155,11.300000000000011,4788.541186307706,L,0
299.0,310.3,1431,39.9,157,11.300000000000011,5979.173386091702,L,0
298.9,310.4,1546,37.7,159,11.5,6103.507151345274,L,0
298.9,310.3,1496,36.3,161,11.400000000000034,5686.785357822099,L,0
298.9,310.3,1243,63.0,163,11.400000000000034,8200.499303665438,H,0
299.0,310.4,1452,46.2,168,11.399999999999977,7024.852500839065,L,0
299.1,310.6,1380,44.7,170,11.5,6459.742814311334,L,0
299.2,310.6,1567,38.4,172,11.400000000000034,6301.280880864263,L,0
299.1,310.5,1628,35.9,174,11.399999999999977,6120.36703191954,L,0
299.1,310.4,1505,46.1,176,11.299999999999955,7265.508970079555,L,0
299.0,310.3,1827,28.0,178,11.300000000000011,5357.043792901315,M,0
299.0,310.3,1577,40.0,181,11.300000000000011,6605.7221529481385,L,0
298.9,310.2,1304,57.2,183,11.300000000000011,7810.92087066928,L,0
298.9,310.1,1324,54.6,185,11.200000000000045,7570.232985502253,H,0
298.8,310.0,1537,39.9,190,11.199999999999989,6422.075118394791,L,0
298.8,310.1,1501,48.7,192,11.300000000000011,7654.8779635654755,M,0
298.7,309.9,1654,29.1,195,11.199999999999989,5040.308421566392,M,0
298.7,310.0,1519,38.1,198,11.300000000000011,6060.540635819678,M,0
298.7,309.9,1371,51.3,201,11.199999999999989,7365.181233002447,L,0
298.7,309.8,1181,65.9,203,11.100000000000023,8150.11862947737,L,1
298.6,309.8,1469,42.8,205,11.199999999999989,6584.066107589392,L,0
298.6,309.8,1637,34.6,207,11.199999999999989,5931.347873928553,L,0
298.6,309.8,1370,56.0,0,11.199999999999989,8034.099612780297,L,0
298.6,309.9,1630,30.6,2,11.299999999999955,5223.21194585839,L,0
298.6,310.0,1517,39.0,4,11.399999999999977,6195.534872144432,L,0
298.6,309.9,1668,32.3,6,11.299999999999955,5641.923414728837,M,0
298.6,309.9,1818,24.9,9,11.299999999999955,4740.474818707783,M,0
298.6,310.0,1541,36.9,12,11.399999999999977,5954.668963393701,M,0
298.5,309.9,1482,42.1,15,11.399999999999977,6533.695905376838,L,0
298.6,310.1,1439,49.9,17,11.5,7519.517208097801,L,0
298.5,310.0,1492,41.2,19,11.5,6437.1652351075345,L,0
298.4,309.9,1725,27.8,21,11.5,5021.835856763284,L,0
298.4,310.0,1559,44.2,23,11.600000000000023,7216.007941834492,L,0
298.5,310.0,1435,42.5,25,11.5,6386.596065360251,L,0
298.6,310.0,1512,37.5,27,11.399999999999977,5937.6101152847095,M,0
298.6,309.9,1564,37.1,30,11.299999999999955,6076.300958965187,L,0
298.6,310.0,1522,40.3,32,11.399999999999977,6423.153731872522,L,0
298.6,309.9,1356,59.5,34,11.299999999999955,8448.999282564388,L,0
298.6,309.9,1556,38.6,36,11.299999999999955,6289.636044094958,L,0
298.6,309.9,1393,45.5,38,11.299999999999955,6637.295159116717,L,0
298.7,309.9,1753,26.8,40,11.199999999999989,4919.775983423664,L,0
298.7,309.9,1651,29.5,42,11.199999999999989,5100.323313225469,L,0
298.7,309.9,1372,54.7,44,11.199999999999989,7859.050070122275,L,0
298.7,309.9,1446,43.3,46,11.199999999999989,6556.692363601113,L,0
298.7,309.8,1501,44.7,48,11.100000000000023,7026.140553827038,M,0
298.7,309.9,1411,45.1,51,11.199999999999989,6663.956808770181,M,0
298.6,309.7,1672,27.5,54,11.099999999999966,4815.014340401957,H,0
298.7,309.8,1475,40.5,59,11.100000000000023,6255.696371460675,M,0
298.7,309.8,1469,38.4,62,11.100000000000023,5907.199498397959,L,0
298.6,309.8,1704,28.3,64,11.199999999999989,5049.921695086377,L,0
298.6,309.7,1463,39.1,66,11.099999999999966,5990.315568036435,H,0
298.6,309.7,1280,64.1,71,11.099999999999966,8592.046468057844,M,0
298.7,309.9,1464,38.0,74,11.199999999999989,5825.769416816912,L,0
298.6,309.8,1332,46.4,76,11.199999999999989,6472.183521219547,L,0
298.5,309.7,1634,37.8,78,11.199999999999989,6468.036618916809,L,0
298.6,309.8,1430,43.1,80,11.199999999999989,6454.192667289992,M,0
298.5,309.7,1523,44.6,83,11.199999999999989,7113.173142306986,M,0
298.5,309.7,1557,37.7,86,11.199999999999989,6146.934433793397,M,0
298.5,309.6,1585,32.2,89,11.100000000000023,5344.582142042076,L,0
298.5,309.6,1579,33.5,91,11.100000000000023,5539.308526687082,H,0
298.5,309.7,1354,60.8,96,11.199999999999989,8620.865344666776,M,0
298.6,309.7,1627,33.4,99,11.099999999999966,5690.6599887615275,L,0
298.4,309.6,1477,35.6,101,11.200000000000045,5506.290387897854,L,0
298.3,309.4,1595,29.0,103,11.099999999999966,4843.812273059863,M,0
298.4,309.5,1520,38.1,106,11.100000000000023,6064.530458489738,L,0
298.3,309.4,1618,31.5,108,11.099999999999966,5337.2517591836995,L,0
298.4,309.5,1397,50.3,110,11.100000000000023,7358.562944478884,L,0
298.4,309.5,1450,47.9,112,11.100000000000023,7273.31059183597,L,0
298.5,309.5,1501,40.2,114,11.0,6318.810967871295,M,0
298.4,309.4,1392,50.1,117,11.0,7303.071946240977,L,0
298.4,309.4,1385,43.2,119,11.0,6265.592388319485,L,0
298.4,309.4,1461,46.3,121,11.0,7083.694531240801,L,0
298.5,309.6,1364,58.7,123,11.100000000000023,8384.575689214775,M,0
298.5,309.5,1579,38.6,126,11.0,6382.606242690191,L,0
298.4,309.5,1514,38.8,128,11.100000000000023,6151.573518945197,M,0
298.3,309.5,1560,36.9,131,11.199999999999989,6028.087983708095,M,0
298.3,309.5,1542,36.7,134,11.199999999999989,5926.237549878714,L,0
298.3,309.4,1668,27.1,136,11.099999999999966,4733.626146722957,L,0
298.3,309.4,1816,22.6,138,11.099999999999966,4297.866301719028,M,0
298.3,309.4,1509,34.2,141,11.099999999999966,5404.356178264378,M,0
298.4,309.6,1479,37.8,144,11.200000000000045,5854.483573670723,L,0
298.4,309.6,1655,30.2,146,11.200000000000045,5233.998080635715,L,0
298.3,309.5,1711,30.3,148,11.199999999999989,5429.017680595057,L,0
298.4,309.7,1581,34.6,150,11.300000000000011,5728.4428764087015,L,0
298.6,309.8,1279,55.9,152,11.199999999999989,7487.054084010707,H,0
298.5,309.8,1468,40.9,157,11.300000000000011,6287.499761090517,L,0
298.4,309.7,1419,41.3,159,11.300000000000011,6137.069832861124,L,0
298.4,309.7,1530,38.6,161,11.300000000000011,6184.539297856867,L,0
298.4,309.6,1710,27.3,163,11.200000000000045,4888.6323282510775,L,1
298.4,309.7,1518,39.8,165,11.300000000000011,6326.790613211413,L,0
298.4,309.7,1679,33.3,167,11.300000000000011,5854.954812568761,M,0
298.4,309.7,1870,22.5,170,11.300000000000011,4406.083696659684,M,0
298.3,309.7,1484,44.3,173,11.399999999999977,6884.402365272576,L,0
298.4,309.7,1457,44.2,175,11.300000000000011,6743.889397853018,L,0
298.3,309.6,1546,36.2,177,11.300000000000011,5860.662039222782,H,0
298.2,309.5,1478,36.5,182,11.300000000000011,5649.316629440285,M,0
298.2,309.4,1447,47.1,185,11.199999999999989,7137.038774498756,L,0
298.2,309.4,1443,45.4,187,11.199999999999989,6860.421541350175,L,0
298.3,309.6,1527,30.9,189,11.300000000000011,4941.128341492562,L,0
298.3,309.6,1469,54.8,191,11.300000000000011,8430.065950838754,M,0
298.3,309.6,1681,27.1,194,11.300000000000011,4770.518916451612,M,0
298.3,309.6,1420,44.1,197,11.300000000000011,6557.760505103334,L,0
298.3,309.5,1543,49.9,199,11.199999999999989,8062.970849266787,M,0
298.4,309.5,1376,50.4,202,11.100000000000023,7262.356905450452,L,0
298.3,309.4,1631,29.8,0,11.099999999999966,5089.778033884919,H,0
298.3,309.3,1529,41.7,5,11.0,6676.858282600924,H,0
298.3,309.4,1468,46.2,10,11.099999999999966,7102.2613438235185,L,0
298.3,309.4,1378,52.3,12,11.099999999999966,7547.089919620807,L,0
298.3,309.3,1401,51.9,14,11.0,7614.3723622851885,L,0
298.4,309.3,1531,37.4,16,10.900000000000034,5996.190346298647,L,0
298.4,309.3,1512,35.8,18,10.900000000000034,5668.438456725135,L,0
298.5,309.4,1522,47.4,20,10.899999999999977,7554.7763496465905,M,0
298.5,309.3,1615,31.8,23,10.800000000000011,5378.0924636803675,M,0
298.6,309.3,1449,46.5,26,10.699999999999989,7055.860020329997,L,0
298.6,309.4,1315,55.5,28,10.799999999999955,7642.709528020569,L,0
298.6,309.4,1465,41.1,30,10.799999999999955,6305.3335353873945,M,0
298.6,309.5,1404,43.3,33,10.899999999999977,6366.2490169405,M,0
298.6,309.5,1547,44.8,36,10.899999999999977,7257.665460421092,L,0
298.6,309.5,1426,45.4,38,10.899999999999977,6779.598834348821,M,0
298.6,309.5,1730,30.2,41,10.899999999999977,5471.188325981744,L,0
298.5,309.4,1548,37.7,43,10.899999999999977,6111.403020881297,L,0
298.5,309.4,1517,40.2,45,10.899999999999977,6386.16671436426,L,0
298.6,309.5,1687,29.3,47,10.899999999999977,5176.203247785174,L,0
298.5,309.5,1738,25.2,49,11.0,4586.473946828811,L,0
298.4,309.4,1512,35.3,51,11.0,5589.270321854673,H,0
298.5,309.4,1365,48.7,56,10.899999999999977,6961.298081456944,M,0
298.5,309.4,2011,21.0,59,10.899999999999977,4422.419978458352,H,0
298.4,309.3,1806,27.6,64,10.900000000000034,5219.8190257925135,L,0
298.4,309.3,1716,28.4,66,10.900000000000034,5103.454433903547,L,0
298.4,309.4,1666,24.3,68,11.0,4239.453622313283,M,0
298.5,309.4,1578,36.3,71,10.899999999999977,5998.494180911279,L,0
298.3,309.3,1558,37.2,73,11.0,6069.305679323194,L,0
298.3,309.2,1456,45.5,75,10.899999999999977,6937.474337167221,L,0
298.2,309.1,1457,49.0,77,10.900000000000034,7476.25747725787,M,0
298.2,309.1,1467,44.5,80,10.900000000000034,6836.262693844069,L,0
298.1,309.0,1661,38.2,82,10.899999999999977,6644.489406293437,M,0
298.1,309.0,1592,33.9,85,10.899999999999977,5651.599520101894,L,0
298.2,309.0,1596,37.2,87,10.800000000000011,6217.337525160345,L,0
298.2,309.0,1489,40.6,89,10.800000000000011,6330.6652441508395,L,0
298.3,309.0,1471,48.3,91,10.699999999999989,7440.265297423242,L,0
298.3,309.0,1505,41.3,93,10.699999999999989,6509.013459095132,M,0
298.3,309.0,1519,40.0,96,10.699999999999989,6362.772321070528,L,0
298.3,309.0,1408,45.4,98,10.699999999999989,6694.021850465035,L,0
298.2,308.9,1332,44.4,100,10.699999999999989,6193.210093580774,L,0
298.1,308.9,1351,52.4,102,10.799999999999955,7413.362792333001,L,0
298.0,308.9,1500,36.7,104,10.899999999999977,5764.822519337271,L,0
298.0,308.7,1614,30.7,106,10.699999999999989,5188.842922228118,M,0
298.0,308.8,1489,36.5,109,10.800000000000011,5691.3616111208285,L,0
297.9,308.7,1751,26.6,111,10.800000000000011,4877.490146306345,M,0
298.0,308.7,1511,45.8,114,10.699999999999989,7247.00498934991,L,0
297.9,308.6,1691,29.6,116,10.700000000000045,5241.600734857403,L,0
297.9,308.6,1757,27.5,118,10.700000000000045,5059.796767994161,L,0
297.9,308.7,1545,35.9,120,10.800000000000011,5808.333577589489,H,0
297.9,308.6,2262,15.7,125,10.700000000000045,3718.954551466525,L,0
297.7,308.5,1559,35.2,127,10.800000000000011,5746.685057750546,M,0
297.6,308.4,1626,32.4,130,10.799999999999955,5516.888027115963,L,0
297.6,308.3,1424,53.9,132,10.699999999999989,8037.618196552319,L,0
297.6,308.3,1648,29.1,134,10.699999999999989,5022.024352322499,M,0
297.6,308.3,1523,39.5,137,10.699999999999989,6299.783388366052,L,0
297.6,308.3,1502,43.2,139,10.699999999999989,6794.8879185962915,L,0
297.5,308.2,1489,40.7,141,10.699999999999989,6346.258015688157,L,0
297.4,308.1,1620,31.2,143,10.700000000000045,5292.955302768083,M,0
297.5,308.1,1631,30.6,146,10.600000000000023,5226.416370365051,L,0
297.5,308.0,1429,45.8,148,10.5,6853.719477022517,M,0
297.5,308.1,1334,72.0,151,10.600000000000023,10058.123039733082,M,1
297.4,308.0,1423,38.0,154,10.600000000000023,5662.616038340482,L,0
297.4,307.9,1390,47.7,156,10.5,6943.233923698802,L,0
297.4,307.9,1338,48.5,158,10.5,6795.5790689800815,M,0
297.3,307.9,1461,37.5,161,10.599999999999966,5737.33358361836,H,0
297.4,307.9,1627,34.3,166,10.5,5844.001126183245,M,0
297.3,307.8,1385,44.4,169,10.5,6439.636621328358,L,0
297.3,307.8,1538,48.0,171,10.5,7730.8312019537625,M,0
297.4,307.9,1557,35.5,174,10.5,5788.2273846065145,L,0
297.4,307.9,1606,33.4,176,10.5,5617.209552520598,L,0
297.5,308.0,1430,44.5,178,10.5,6663.84161703955,M,0
297.4,308.0,1601,34.6,181,10.600000000000023,5800.908946951506,M,0
297.4,308.0,1356,51.9,184,10.600000000000023,7369.799374203222,L,0
297.5,308.2,1624,30.9,186,10.699999999999989,5255.004863512719,M,0
297.5,308.2,1327,56.5,189,10.699999999999989,7851.415999974051,L,0
297.6,308.3,1410,47.0,191,10.699999999999989,6939.778171779853,L,0
297.6,308.3,1478,42.3,193,10.699999999999989,6547.016258228056,L,0
297.6,308.4,1460,40.3,195,10.799999999999955,6161.500951730542,L,0
297.5,308.3,1435,40.3,197,10.800000000000011,6055.995798447484,L,0
297.4,308.2,1359,46.9,199,10.800000000000011,6674.5335040372665,H,0
297.4,308.1,1729,31.7,204,10.700000000000045,5739.616474279968,L,0
297.3,308.0,1384,49.1,206,10.699999999999989,7116.168127303408,H,0
297.4,308.2,1297,52.1,211,10.800000000000011,7076.301316529354,L,0
297.5,308.4,1633,33.3,213,10.899999999999977,5694.545091676467,L,0
297.5,308.4,1505,37.2,215,10.899999999999977,5862.840210129272,M,0
297.5,308.4,1433,50.0,218,10.899999999999977,7503.170454323622,L,0
297.4,308.4,1369,50.6,220,11.0,7254.084044796,L,1
297.4,308.3,1475,40.5,222,10.900000000000034,6255.696371460675,L,1
297.4,308.3,1561,38.3,0,10.900000000000034,6260.806695510514,L,0
297.4,308.3,1472,45.5,2,10.900000000000034,7013.710318894332,L,0
297.5,308.4,1441,44.5,4,10.899999999999977,6715.101937170623,L,0
297.5,308.5,1401,50.5,6,11.0,7408.975034593488,M,0
297.5,308.5,1691,33.1,9,11.0,5861.38460553311,L,0
297.6,308.6,1382,47.1,11,11.0,6816.439244199918,L,0
297.6,308.6,1355,46.4,13,11.0,6583.94044388325,L,0
297.6,308.6,1529,45.3,15,11.0,7253.277702681578,L,0
297.7,308.7,1829,24.9,17,11.0,4769.157559635058,L,0
297.6,308.6,1480,39.8,19,11.0,6168.412455568438,H,0
297.6,308.5,1475,42.4,24,10.899999999999977,6549.173485183522,L,0
297.6,308.5,1431,52.6,26,10.899999999999977,7882.318799709863,M,0
297.5,308.3,1437,42.3,29,10.800000000000011,6365.400786924031,L,0
297.5,308.3,1476,45.6,31,10.800000000000011,7048.2259501817725,M,0
297.5,308.4,1490,39.7,34,10.899999999999977,6194.487674593235,H,0
297.4,308.3,1632,33.5,39,10.900000000000034,5725.238451902039,L,0
297.4,308.2,1402,49.7,41,10.800000000000011,7296.809704884822,L,0
297.4,308.3,1347,45.8,43,10.900000000000034,6460.433964695123,L,0
297.5,308.4,1747,31.0,45,10.899999999999977,5671.307778015414,L,0
297.5,308.5,1557,39.1,47,11.0,6375.202556003232,H,0
297.4,308.4,1371,57.4,52,11.0,8240.963017043674,L,0
297.3,308.3,1506,37.0,54,11.0,5835.194194777682,H,0
297.3,308.3,1590,35.5,59,11.0,5910.906577729195,L,0
297.4,308.3,1336,53.7,61,10.900000000000034,7512.930335500777,L,0
297.3,308.3,1411,43.2,63,11.0,6383.213617269886,L,0
297.4,308.3,1704,27.3,65,10.900000000000034,4871.479232362477,L,0
297.5,308.4,1723,27.3,67,10.899999999999977,4925.797369343045,L,0
297.5,308.5,1459,39.7,69,11.0,6065.609071967469,L,0
297.6,308.5,1572,35.9,71,10.899999999999977,5909.838436226974,L,0
297.5,308.4,1384,56.0,73,10.899999999999977,8116.19990079411,L,0
297.6,308.6,1383,47.5,75,11.0,6879.3025131982495,L,0
297.6,308.5,1360,48.6,77,10.899999999999977,6921.556934389033,M,0
297.5,308.4,1596,36.6,80,10.899999999999977,6117.057887657758,M,0
297.5,308.5,1448,54.3,83,11.0,8233.737353940416,L,0
297.6,308.5,1443,38.2,85,10.899999999999977,5772.425173558959,M,0
297.6,308.6,1492,35.5,88,11.0,5546.5865496679,M,0
297.5,308.6,1497,43.9,91,11.100000000000023,6882.004282880336,L,0
297.5,308.5,1530,38.5,93,11.0,6168.517175323559,L,0
297.4,308.4,1478,46.2,95,11.0,7150.6418706888,M,0
297.4,308.4,1328,61.8,98,11.0,8594.392190572526,L,0
297.4,308.3,1771,27.4,100,10.900000000000034,5081.568005083538,H,0
297.4,308.4,1564,35.0,105,11.0,5732.359395250176,M,0
297.3,308.3,1461,41.5,108,11.0,6349.315832537652,H,0
297.4,308.3,1335,57.9,113,10.900000000000034,8094.470551606782,M,0
297.4,308.4,1441,46.8,116,11.0,7062.174621563711,M,0
297.3,308.3,1268,60.6,119,11.0,8046.749759198753,L,0
297.3,308.3,1697,27.4,121,11.0,4869.238229602916,M,0
297.4,308.4,1421,46.0,124,11.0,6845.111513151681,L,0
297.4,308.5,1496,36.4,126,11.100000000000023,5702.451433188001,L,0
297.5,308.5,1375,55.6,128,11.0,8005.825278897988,L,0
297.4,308.5,1295,52.1,130,11.100000000000023,7065.389518045884,L,0
297.4,308.5,1643,33.8,132,11.100000000000023,5815.444048962113,L,0
297.5,308.6,1514,36.9,134,11.100000000000023,5850.336671367983,L,0
297.5,308.6,1671,29.4,136,11.100000000000023,5144.609297665574,L,0
297.5,308.6,1355,58.9,138,11.100000000000023,8357.631296222487,H,0
297.6,308.7,1365,50.6,143,11.099999999999966,7232.888766359781,L,0
297.5,308.7,1407,42.5,145,11.199999999999989,6261.979556767855,L,0
297.5,308.8,1455,46.1,147,11.300000000000011,7024.129934528739,M,0
297.5,308.8,1502,45.9,150,11.300000000000011,7219.5684135085585,L,0
297.5,308.8,1471,52.3,152,11.300000000000011,8056.436336547321,M,0
297.5,308.9,1581,30.4,155,11.399999999999977,5033.082758463136,L,0
297.5,308.8,1530,37.8,157,11.300000000000011,6056.362317590402,L,0
297.5,308.8,1312,50.3,159,11.300000000000011,6910.833631464778,L,0
297.4,308.6,1494,42.6,161,11.200000000000045,6664.825982737675,L,0
297.4,308.6,1528,29.1,163,11.200000000000045,4656.342967444648,M,0
297.3,308.6,1688,29.4,166,11.300000000000011,5196.948231274379,H,0
297.3,308.5,1520,42.4,171,11.199999999999989,6748.978777951834,M,0
297.3,308.5,1664,28.9,174,11.199999999999989,5035.931135802391,M,0
297.3,308.5,1514,44.5,177,11.199999999999989,7055.284061676837,L,0
297.3,308.5,1456,54.2,179,11.199999999999989,8263.980419218975,L,0
297.2,308.5,1494,39.6,181,11.300000000000011,6195.47204029136,L,0
297.2,308.4,1605,30.0,183,11.199999999999989,5042.256209011618,L,0
297.2,308.5,1353,46.5,185,11.300000000000011,6588.391033475834,M,0
297.2,308.5,1447,47.9,188,11.300000000000011,7258.262363025274,L,0
297.2,308.5,1588,40.4,190,11.300000000000011,6718.316833652796,L,0
297.2,308.5,1524,41.4,192,11.300000000000011,6607.146341617765,H,0
297.2,308.5,1611,31.6,197,11.300000000000011,5331.031405729592,M,0
297.2,308.5,1604,34.9,200,11.300000000000011,5862.170003696505,M,0
297.1,308.5,1483,46.9,203,11.399999999999977,7283.541711911159,L,0
297.1,308.4,1543,39.6,205,11.299999999999955,6398.670253125547,L,0
297.1,308.5,1323,44.4,207,11.399999999999977,6151.3640794349585,L,1
297.1,308.5,1555,36.2,0,11.399999999999977,5894.7797354407685,L,0
297.1,308.4,1583,31.9,2,11.299999999999955,5288.106778106044,L,0
297.2,308.5,1584,40.0,4,11.300000000000011,6635.043684381643,M,0
297.2,308.5,1766,25.8,7,11.300000000000011,4771.325258566034,L,0
297.2,308.6,1498,44.4,9,11.400000000000034,6965.036576714715,M,0
297.2,308.6,1413,49.8,12,11.400000000000034,7368.856896407146,L,0
297.3,308.6,1505,33.5,14,11.300000000000011,5279.708253745446,L,0
297.3,308.7,1438,46.2,16,11.399999999999977,6957.119763227669,H,0
297.3,308.7,1655,34.1,21,11.399999999999977,5909.911740055559,M,0
297.3,308.7,1451,43.8,24,11.399999999999977,6655.338372923832,M,0
297.3,308.7,1466,38.4,27,11.399999999999977,5895.135782608174,M,0
297.2,308.6,1774,23.0,30,11.400000000000034,4272.775448392358,L,0
297.2,308.6,1284,51.3,32,11.400000000000034,6897.806493927893,M,0
297.1,308.5,1425,40.0,35,11.399999999999977,5969.026041820606,L,0
297.2,308.6,1437,52.4,37,11.400000000000034,7885.271896804237,L,0
297.2,308.6,1335,53.0,39,11.400000000000034,7409.446273491528,L,0
297.2,308.5,1471,41.7,41,11.300000000000011,6423.583082868515,L,0
297.2,308.5,1364,54.0,43,11.300000000000011,7713.238283093659,M,0
297.1,308.5,1578,35.6,46,11.399999999999977,5882.820739406103,L,0
297.1,308.5,1712,32.1,48,11.399999999999977,5754.895086551926,L,0
297.1,308.5,1733,28.7,50,11.399999999999977,5208.45693236203,L,0
297.2,308.6,1652,32.1,52,11.400000000000034,5553.204838191463,L,0
297.2,308.6,1917,24.1,54,11.400000000000034,4838.021270601746,L,0
297.2,308.6,1444,41.1,56,11.400000000000034,6214.949914743615,M,0
297.1,308.6,1442,37.1,59,11.5,5602.318403342582,L,0
297.1,308.6,1717,31.3,61,11.5,5627.859551616267,M,0
297.1,308.7,1474,42.3,64,11.599999999999966,6529.297675661811,L,0
297.2,308.7,1509,39.3,66,11.5,6210.2689416897665,L,0
297.2,308.8,1451,43.1,68,11.600000000000023,6548.974517648795,L,0
297.3,308.8,1554,36.1,70,11.5,5874.715430359841,L,0
297.2,308.7,1669,30.7,72,11.5,5365.662228747663,L,0
297.2,308.6,1366,50.4,74,11.400000000000034,7209.578148870145,L,0
297.2,308.6,1578,34.4,76,11.400000000000034,5684.523411111515,L,0
297.2,308.6,1513,39.0,78,11.400000000000034,6179.198590345764,M,0
297.1,308.5,1515,42.1,81,11.399999999999977,6679.18306116458,M,0
297.2,308.6,1562,33.0,84,11.400000000000034,5397.884497397983,L,0
297.2,308.7,1501,38.5,86,11.5,6051.59756873246,L,0
297.2,308.7,1398,38.1,88,11.5,5577.772092742534,M,0
297.3,308.7,1352,53.8,91,11.399999999999977,7617.063659991764,L,0
297.3,308.7,1569,33.9,93,11.399999999999977,5569.949527035095,H,0
297.2,308.6,1486,46.6,98,11.400000000000034,7251.591714624152,H,0
297.2,308.6,1864,23.6,103,11.400000000000034,4606.663915615882,L,0
297.3,308.7,1447,44.5,105,11.399999999999977,6743.062111787572,M,0
297.2,308.6,1392,41.5,108,11.400000000000034,6049.450813752505,L,0
297.3,308.6,1358,47.6,110,11.300000000000011,6769.168746738904,L,0
297.3,308.7,1491,40.2,112,11.399999999999977,6276.7136263131915,L,0
297.3,308.7,1556,36.7,114,11.399999999999977,5980.042560059196,L,0
297.3,308.7,1531,36.7,116,11.399999999999977,5883.962184736908,L,0
297.4,308.7,1429,37.6,118,11.300000000000011,5626.634330481368,H,0
297.4,308.8,1573,33.9,123,11.400000000000034,5584.149525829322,M,0
297.4,308.8,1538,41.2,126,11.400000000000034,6635.630115010314,L,0
297.4,308.8,1467,39.0,128,11.400000000000034,5991.3313496610945,L,0
297.4,308.7,1323,51.1,130,11.300000000000011,7079.610460791135,H,0
297.4,308.7,1798,23.0,135,11.300000000000011,4330.580753218411,M,0
297.4,308.6,1411,46.3,138,11.200000000000045,6841.268298138789,L,0
297.3,308.5,1528,44.5,140,11.199999999999989,7120.524469116385,L,0
297.3,308.5,1504,42.0,142,11.199999999999989,6614.9374913986685,L,0
297.3,308.5,1384,39.6,144,11.199999999999989,5739.312786990121,L,0
297.2,308.4,1677,26.4,146,11.199999999999989,4636.236774461673,L,0
297.3,308.5,1764,30.8,148,11.199999999999989,5689.549959357259,L,0
297.4,308.5,1472,42.0,150,11.100000000000023,6474.194140517845,M,0
297.4,308.5,1465,55.9,153,11.100000000000023,8575.867265891857,M,0
297.4,308.6,1657,33.1,156,11.200000000000045,5743.532993121444,M,0
297.4,308.6,1635,30.5,159,11.200000000000045,5222.112388429633,L,0
297.4,308.7,1582,31.9,161,11.300000000000011,5284.766217917726,M,0
297.5,308.7,1761,26.2,164,11.199999999999989,4831.581005661887,L,0
297.5,308.8,1587,34.9,166,11.300000000000011,5800.0397729840115,L,0
297.5,308.7,1446,53.0,168,11.199999999999989,8025.512592860486,M,0
297.5,308.7,1352,53.0,171,11.199999999999989,7503.798772854341,M,0
297.4,308.7,1392,46.4,174,11.300000000000011,6763.7233194726805,M,0
297.5,308.8,1417,49.8,177,11.300000000000011,7389.717071626983,L,0
297.5,308.8,1824,24.0,179,11.300000000000011,4584.212000118227,H,0
297.5,308.8,1603,36.7,184,11.300000000000011,6160.673665665096,L,0
297.4,308.8,1620,33.4,186,11.400000000000034,5666.17651001455,L,0
297.4,308.8,1353,49.4,188,11.400000000000034,6999.279936638843,L,0
297.5,308.8,1360,50.7,190,11.300000000000011,7220.636555010781,L,0
297.5,308.6,1380,53.5,192,11.100000000000023,7731.459520484482,L,0
297.5,308.7,1363,53.6,194,11.199999999999989,7650.49020582596,M,0
297.4,308.6,1452,41.2,197,11.200000000000045,6264.587078670335,M,0
297.4,308.6,1680,32.8,200,11.200000000000045,5770.477386113732,L,0
297.5,308.6,1536,39.0,202,11.100000000000023,6273.132210688099,L,0
297.5,308.6,1621,28.9,0,11.100000000000023,4905.795896115189,L,0
297.5,308.6,1585,37.6,2,11.100000000000023,6240.878526111243,L,0
297.6,308.7,1408,51.5,4,11.099999999999966,7593.438883236769,M,0
297.5,308.6,1536,38.7,7,11.100000000000023,6224.87734752896,H,0
297.5,308.6,1352,52.6,12,11.100000000000023,7447.166329285629,L,0
297.5,308.6,1481,38.8,14,11.100000000000023,6017.490344489986,H,0
297.5,308.7,1454,45.0,19,11.199999999999989,6851.813577479339,L,0
297.5,308.6,1349,51.5,21,11.100000000000023,7275.247907305683,M,0
297.5,308.6,1327,52.1,24,11.100000000000023,7239.9782937813825,M,0
297.6,308.7,1552,42.3,27,11.099999999999966,6874.810035703615,L,0
297.5,308.7,1456,44.7,29,11.199999999999989,6815.496766403841,L,0
297.6,308.6,1254,45.8,31,11.0,6014.3906397384435,M,0
297.5,308.6,1437,43.3,34,11.100000000000023,6515.883075030983,L,0
297.5,308.6,1694,27.1,36,11.100000000000023,4807.4116861802695,L,0
297.5,308.5,1306,50.7,38,11.0,6933.934809444177,L,0
297.5,308.5,1699,30.1,40,11.0,5355.3578048438885,M,0
297.4,308.5,1369,53.2,43,11.100000000000023,7626.8235411689175,L,0
297.4,308.5,1471,43.9,45,11.100000000000023,6762.477154386757,L,0
297.4,308.5,1410,43.9,47,11.100000000000023,6482.04812215182,L,0
297.4,308.5,1412,45.5,49,11.100000000000023,6727.825387417663,M,0
297.4,308.5,1418,51.2,52,11.100000000000023,7602.821773295492,L,0
297.4,308.5,1782,25.9,54,11.100000000000023,4833.214633841753,L,0
297.4,308.5,1497,36.4,56,11.100000000000023,5706.263232274356,M,0
297.3,308.4,1459,39.4,59,11.099999999999966,6019.773235151593,L,0
297.2,308.3,1796,23.8,61,11.100000000000023,4476.224988638834,L,0
297.2,308.3,1569,31.2,63,11.100000000000023,5126.325228421681,L,0
297.3,308.4,1469,46.7,65,11.099999999999966,7184.016056645436,L,0
297.3,308.4,1472,41.3,67,11.099999999999966,6366.290904842547,L,0
297.4,308.5,1475,47.2,69,11.100000000000023,7290.589351430714,L,0
297.4,308.6,1488,36.4,71,11.200000000000045,5671.9570404971555,L,0
297.4,308.6,1524,43.1,73,11.200000000000045,6878.45428318178,L,0
297.4,308.5,1486,48.6,75,11.100000000000023,7562.818826839781,L,0
297.5,308.6,1255,60.7,77,11.100000000000023,7977.393865383002,M,0
297.4,308.6,1469,42.6,80,11.200000000000045,6553.299443535237,M,0
297.4,308.5,1692,34.3,83,11.100000000000023,6077.473820222525,L,0
297.4,308.6,1604,32.8,85,11.200000000000045,5509.431980551443,M,0
297.4,308.6,1446,48.1,88,11.200000000000045,7283.531239935649,L,0
297.3,308.5,1503,43.3,90,11.199999999999989,6815.151191211945,L,0
297.3,308.5,1625,32.8,92,11.199999999999989,5581.562947877866,M,0
297.2,308.5,1574,35.8,95,11.300000000000011,5900.874425188732,L,0
297.2,308.4,1378,41.9,97,11.199999999999989,6046.330165049939,M,0
297.1,308.4,1693,29.5,100,11.299999999999955,5230.071089818727,L,0
297.2,308.4,1462,51.2,102,11.199999999999989,7838.734437629061,L,0
297.3,308.5,1435,55.0,104,11.199999999999989,8265.006672819149,H,0
297.2,308.5,1425,45.8,109,11.300000000000011,6834.534817884593,M,0
297.3,308.6,1376,53.5,112,11.300000000000011,7709.049492888873,H,0
297.4,308.7,1481,48.0,117,11.300000000000011,7444.317951946374,M,0
297.4,308.7,1349,48.9,120,11.300000000000011,6907.953838198988,H,0
297.3,308.7,1551,40.0,125,11.399999999999977,6496.813607623693,L,0
297.4,308.7,1623,33.8,127,11.300000000000011,5744.653494501223,H,0
297.4,308.8,1462,49.7,132,11.400000000000034,7609.0840146516475,L,0
297.3,308.8,1447,57.4,134,11.5,8697.792476777677,M,0
297.3,308.9,1799,24.5,137,11.599999999999966,4615.575566776564,M,0
297.3,308.8,1548,41.3,140,11.5,6694.985272212136,M,0
297.2,308.8,1485,47.9,143,11.600000000000023,7448.873261294079,M,0
297.2,308.7,1463,49.9,146,11.5,7644.929586829107,L,0
297.3,308.7,1587,35.8,148,11.399999999999977,5949.6109992214215,L,0
297.3,308.8,1469,44.1,150,11.5,6784.049423941407,M,0
297.3,308.7,1430,42.8,153,11.399999999999977,6409.267892343657,H,0
297.4,308.7,1726,26.8,158,11.300000000000011,4844.000768619078,H,0
297.4,308.8,1651,34.1,163,11.400000000000034,5895.627965457237,L,0
297.4,308.8,1529,41.3,165,11.400000000000034,6612.811680369739,L,0
297.4,308.8,1473,46.2,167,11.400000000000034,7126.451607256159,L,0
297.4,308.8,1324,53.5,169,11.400000000000034,7417.719134145979,H,0
297.4,308.9,1708,28.8,174,11.5,5151.206642238112,L,0
297.5,309.1,1540,38.5,176,11.600000000000023,6208.8342810446275,M,0
297.5,309.0,1320,54.7,179,11.5,7561.185198659914,L,0
297.4,308.9,1376,39.0,181,11.5,5619.680938741421,M,0
297.3,308.7,1542,37.0,184,11.399999999999977,5974.680908597069,M,0
297.3,308.7,1506,39.3,187,11.399999999999977,6197.922482561159,L,0
297.3,308.7,1492,43.6,189,11.399999999999977,6812.145734240012,L,0
297.3,308.8,1564,38.0,191,11.5,6223.70448627162,H,0
297.4,308.9,1645,30.8,196,11.5,5305.731112892682,H,0
297.4,308.9,1348,59.1,201,11.5,8342.687787166911,M,0
297.4,308.8,1325,62.4,204,11.400000000000034,8658.22935329347,M,1
297.5,308.9,1443,43.5,0,11.399999999999977,6573.311388738604,L,0
297.5,308.9,1436,44.8,2,11.399999999999977,6736.915062162047,M,0
297.5,308.9,1596,30.7,5,11.399999999999977,5130.974785548994,L,0
297.6,309.0,1491,43.2,7,11.399999999999977,6745.125090963429,L,0
297.7,308.9,1573,35.1,9,11.199999999999989,5781.818535593192,M,0
297.7,308.9,1575,39.9,12,11.199999999999989,6580.85121110722,L,0
297.7,308.9,1458,41.1,14,11.199999999999989,6275.205661839467,L,0
297.7,309.0,1433,41.8,16,11.300000000000011,6272.650499814547,M,0
297.7,308.9,1662,28.1,19,11.199999999999989,4890.642947549374,L,0
297.7,308.9,1327,63.7,21,11.199999999999989,8851.950428289329,M,0
297.7,308.9,1742,26.3,24,11.199999999999989,4797.693692905164,L,0
297.8,308.9,1506,33.5,26,11.099999999999966,5283.216365541955,L,0
297.9,309.1,1457,44.4,28,11.200000000000045,6774.404734494886,L,0
297.9,309.1,1488,37.3,30,11.200000000000045,5812.197736553404,M,0
297.9,309.1,1619,34.7,33,11.200000000000045,5883.082538793903,L,0
298.0,309.2,1558,41.7,35,11.199999999999989,6803.4958824671285,M,0
298.0,309.2,1731,28.7,38,11.199999999999989,5202.446018418161,L,0
298.0,309.1,1574,34.8,40,11.100000000000023,5736.0455306303875,M,0
297.9,309.0,1290,49.8,43,11.100000000000023,6727.406508397183,L,0
297.9,308.9,1416,39.6,45,11.0,5872.013660677755,H,0
297.9,308.9,1566,41.9,50,11.0,6871.228620078523,L,0
297.9,309.0,1456,46.5,52,11.100000000000023,7089.9463006214455,L,0
297.9,309.0,1528,37.5,54,11.100000000000023,6000.441968356505,L,0
297.9,309.1,1338,49.6,56,11.200000000000045,6949.705604565197,M,0
297.9,309.1,1558,39.2,59,11.200000000000045,6395.612436276054,M,0
297.9,309.1,1614,38.1,62,11.200000000000045,6439.573789475287,M,0
298.0,309.1,1557,36.4,65,11.100000000000023,5934.971177455694,H,0
298.1,309.3,1443,45.3,70,11.199999999999989,6845.3104806864085,L,0
298.1,309.3,1332,51.0,72,11.199999999999989,7113.822404788727,H,0
298.1,309.3,1752,25.2,77,11.199999999999989,4623.419076435027,M,0
298.1,309.2,1460,45.8,80,11.099999999999966,7002.40058534141,M,0
298.1,309.2,1802,26.9,83,11.099999999999966,5076.164465719363,L,0
298.0,309.2,1527,39.5,85,11.199999999999989,6316.329109674958,L,0
298.0,309.2,1458,39.8,87,11.199999999999989,6076.719837985664,L,0
298.0,309.2,1520,37.9,89,11.199999999999989,6032.69565293336,H,0
298.0,309.2,1378,49.7,94,11.199999999999989,7171.899980978091,L,0
297.9,309.2,1529,38.1,96,11.300000000000011,6100.438862520268,M,0
298.0,309.2,1527,32.4,99,11.199999999999989,5180.988940594142,L,0
298.0,309.2,1438,42.9,101,11.199999999999989,6460.182637282835,M,0
297.9,309.0,1583,36.7,104,11.100000000000023,6083.809365407267,L,0
297.8,308.9,1530,37.6,106,11.099999999999966,6024.318072523787,L,0
297.7,308.9,1530,39.1,108,11.199999999999989,6264.649910523406,M,0
297.7,308.8,2089,19.1,111,11.100000000000023,4178.307757298913,M,0
297.7,308.8,1616,34.2,114,11.100000000000023,5787.567650149261,L,0
297.7,308.9,1681,28.3,116,11.199999999999989,4981.7596064789905,M,0
297.6,308.8,1475,43.0,119,11.199999999999989,6641.850468464421,L,0
297.5,308.7,1371,46.5,121,11.199999999999989,6676.04146851099,L,0
297.5,308.7,1546,38.0,123,11.199999999999989,6152.076173769771,M,0
297.4,308.6,1461,40.1,126,11.200000000000045,6135.122045415899,H,0
297.4,308.7,1638,31.9,131,11.300000000000011,5471.837588463486,L,0
297.3,308.7,1577,35.6,133,11.399999999999977,5879.092716123843,M,0
297.4,308.6,1532,38.7,136,11.200000000000045,6208.666729436437,L,0
297.3,308.5,1710,27.7,138,11.199999999999989,4960.260640752925,M,0
297.3,308.6,1584,29.4,141,11.300000000000011,4876.757108020507,M,0
297.3,308.6,1446,50.1,144,11.300000000000011,7586.380771741705,L,0
297.4,308.7,1522,46.3,146,11.300000000000011,7379.454535625256,H,0
297.4,308.7,1382,49.9,151,11.300000000000011,7221.662808610953,M,0
297.4,308.7,1584,38.2,154,11.300000000000011,6336.466718584469,L,0
297.3,308.6,1385,55.2,156,11.300000000000011,8006.034718408229,L,0
297.3,308.7,1592,34.4,158,11.399999999999977,5734.956445177143,L,0
297.2,308.6,1404,43.7,160,11.400000000000034,6425.059631415702,M,0
297.2,308.5,1518,44.3,163,11.300000000000011,7042.131260433809,L,0
297.1,308.4,1529,40.4,165,11.299999999999955,6468.706825349575,L,0
297.1,308.4,1550,37.0,167,11.299999999999955,6005.677956112489,L,0
297.1,308.3,1773,23.8,169,11.199999999999989,4418.9013946863315,L,0
297.2,308.5,1446,43.7,171,11.300000000000011,6617.262269962325,L,0
297.2,308.5,1487,46.9,173,11.300000000000011,7303.1871379716085,M,0
297.3,308.5,1524,49.3,176,11.199999999999989,7867.930305356421,M,0
297.1,308.3,1403,54.1,179,11.199999999999989,7948.4702690189515,L,0
297.1,308.2,2267,15.7,181,11.099999999999966,3727.175052243418,L,0
297.1,308.2,1529,37.9,183,11.099999999999966,6068.415561404676,M,0
297.1,308.2,1402,51.2,186,11.099999999999966,7517.035349901466,L,0
297.2,308.3,1693,28.0,188,11.100000000000023,4964.135271692352,L,0
297.1,308.3,1496,45.8,190,11.199999999999989,7175.0625175827045,L,0
297.1,308.1,1633,33.3,192,11.0,5694.545091676467,L,0
297.1,308.2,1399,42.6,194,11.099999999999966,6241.025133768412,L,0
297.0,308.1,1363,45.3,196,11.100000000000023,6465.80608813276,M,0
297.1,308.2,1527,42.2,199,11.099999999999966,6748.078188057803,H,0
297.2,308.2,1405,42.5,204,11.0,6253.078377582685,M,0
297.3,308.3,1459,59.6,207,11.0,9106.052914087182,M,1
297.4,308.4,1789,25.0,210,11.0,4683.5910477267835,M,0
297.4,308.4,1531,41.5,213,11.0,6653.526721160263,L,0
297.4,308.4,1620,35.8,215,11.0,6073.326917919787,M,0
297.4,308.4,1571,39.4,0,11.0,6481.880570543628,L,0
297.4,308.4,1434,39.9,2,11.0,5991.708340779525,L,0
297.4,308.4,1474,43.6,4,11.0,6729.961670422103,L,0
297.3,308.3,1544,41.7,6,11.0,6742.360489428271,M,0
297.3,308.2,1601,35.7,9,10.899999999999977,5985.330907692738,L,0
297.4,308.3,1801,26.9,11,10.900000000000034,5073.347504306645,L,0
297.4,308.3,1465,42.0,13,10.900000000000034,6443.406532512666,L,0
297.4,308.4,1340,52.6,15,11.0,7381.0672198541,M,0
297.4,308.4,1517,41.0,18,11.0,6513.254609177478,M,0
297.3,308.4,1434,44.8,21,11.099999999999966,6727.532172103326,M,0
297.3,308.3,1935,19.3,24,11.0,3910.811614821254,H,0
297.3,308.3,1595,32.2,29,11.0,5378.301903190607,M,0
297.3,308.3,2188,17.0,32,11.0,3895.1560114308645,L,0
297.3,308.4,1449,44.4,34,11.099999999999966,6737.208277476384,M,0
297.3,308.3,1471,38.2,37,11.0,5884.433423634946,L,0
297.4,308.2,1639,33.8,39,10.800000000000011,5801.285938069936,L,0
297.3,308.2,1846,24.5,41,10.899999999999977,4736.160364796852,M,0
297.3,308.2,1452,38.2,44,10.899999999999977,5808.427825369097,M,0
297.4,308.3,1483,41.9,47,10.900000000000034,6507.044727698882,M,0
297.4,308.3,1284,60.3,50,10.900000000000034,8107.947984090681,L,0
297.4,308.2,1419,50.0,52,10.800000000000011,7429.866625739861,L,0
297.3,308.1,1763,28.4,54,10.800000000000011,5243.234363037269,L,0
297.2,308.0,1478,42.5,56,10.800000000000011,6577.971417841428,M,0
297.3,308.0,1518,36.0,59,10.699999999999989,5722.725177779168,L,0
297.3,308.0,1447,49.0,61,10.699999999999989,7424.944797249236,L,0
297.4,308.0,1355,55.1,63,10.600000000000023,7818.42927711136,M,0
297.4,308.1,1348,57.4,66,10.700000000000045,8102.711996334699,L,0
297.4,308.1,1348,53.7,68,10.700000000000045,7580.411745699884,L,0
297.4,308.1,1734,27.7,70,10.700000000000045,5029.878333956474,M,0
297.3,308.0,1420,46.5,73,10.699999999999989,6914.645430551134,L,0
297.3,307.9,1797,24.7,75,10.599999999999966,4648.080578765706,L,0
297.3,308.0,1403,45.0,77,10.699999999999989,6611.481739479719,M,0
297.3,307.9,1628,30.2,80,10.599999999999966,5148.609592311145,L,0
297.2,307.9,1687,30.4,82,10.699999999999989,5370.531697360727,M,0
297.2,307.9,1456,44.9,85,10.699999999999989,6845.991159094686,M,0
297.1,307.9,1496,44.7,88,10.799999999999955,7002.735688557793,L,0
297.1,307.8,1636,30.3,90,10.699999999999989,5191.042037085631,L,0
297.1,307.8,1536,40.4,92,10.699999999999989,6498.321572097415,L,0
297.1,307.8,1454,50.6,94,10.699999999999989,7704.483711565657,L,0
297.0,307.8,1396,50.0,96,10.800000000000011,7309.4389073522525,L,0
297.0,307.6,1575,37.4,98,10.600000000000023,6168.517175323559,L,0
296.9,307.6,1514,35.7,100,10.700000000000045,5660.081820266587,L,0
296.8,307.4,1455,49.9,102,10.599999999999966,7603.125460585337,M,0
296.8,307.4,1549,48.3,105,10.599999999999966,7834.786502861049,L,0
296.8,307.5,1474,42.4,107,10.699999999999989,6544.7333675664495,L,0
296.7,307.4,1661,34.2,109,10.699999999999989,5948.731353278417,H,0
296.7,307.4,1535,34.6,114,10.699999999999989,5561.77091416025,L,0
296.9,307.5,1556,31.2,116,10.600000000000023,5083.850895745147,M,0
296.9,307.6,1435,45.0,119,10.700000000000045,6762.278186852031,L,0
296.9,307.5,1332,51.1,121,10.600000000000023,7127.771076170666,M,0
297.0,307.6,1513,42.4,124,10.600000000000023,6717.897954632318,L,0
297.0,307.7,1502,39.4,126,10.699999999999989,6197.189444275321,L,0
297.0,307.7,1315,60.1,128,10.699999999999989,8276.159326739391,L,0
297.0,307.7,1261,51.1,130,10.699999999999989,6747.8373326210285,M,0
297.1,307.8,1406,60.4,133,10.699999999999989,8893.052932173794,L,0
297.1,307.8,1584,42.3,135,10.699999999999989,7016.558696233587,L,0
297.1,307.8,1443,43.9,137,10.699999999999989,6633.755631393672,M,0
297.2,307.9,1580,35.8,140,10.699999999999989,5923.368228588435,L,0
297.2,307.9,1825,24.6,142,10.699999999999989,4701.393406097125,L,0
297.2,307.9,1469,48.2,144,10.699999999999989,7414.766037051606,L,0
297.2,307.9,1493,38.4,146,10.699999999999989,6003.709224716239,L,0
297.3,308.0,1598,29.4,148,10.699999999999989,4919.859759227758,M,0
297.2,307.9,1450,37.2,151,10.699999999999989,5648.583591154449,H,0
297.2,307.9,1632,37.5,156,10.699999999999989,6408.849013323178,M,0
297.1,307.9,1980,20.3,159,10.799999999999955,4209.105837279605,M,0
297.2,308.0,1474,43.7,162,10.800000000000011,6745.397362326742,L,0
297.2,307.9,1540,37.1,164,10.699999999999989,5983.058489006642,L,0
297.1,307.9,1609,38.9,166,10.799999999999955,6554.419944915016,M,0
297.1,308.0,1467,42.8,169,10.899999999999977,6575.10209655115,L,0
297.1,307.9,1492,39.4,171,10.799999999999955,6155.929860758176,L,0
297.0,307.9,1493,46.1,173,10.899999999999977,7207.57800154736,L,0
297.0,307.8,1500,39.9,175,10.800000000000011,6267.477343911637,L,0
297.1,307.8,1477,36.6,177,10.699999999999989,5660.961466209591,L,0
297.1,307.9,1342,49.1,179,10.799999999999955,6900.215048295646,L,0
297.1,307.8,1538,34.3,181,10.699999999999989,5524.32312972946,M,0
297.2,307.9,1337,58.1,184,10.699999999999989,8134.599161768634,L,0
297.3,307.9,1417,41.8,186,10.599999999999966,6202.61392759052,L,0
297.4,308.0,1383,46.2,188,10.600000000000023,6691.026865468614,L,0
297.4,308.0,1440,42.4,190,10.600000000000023,6393.769368585947,M,0
297.3,307.9,1579,34.4,193,10.599999999999966,5688.12577068763,L,0
297.2,307.9,1441,40.0,195,10.699999999999989,6036.04668509719,L,0
297.2,307.9,1530,35.9,197,10.699999999999989,5751.941989457552,M,0
297.2,308.0,1705,26.0,200,10.800000000000011,4642.226744454518,L,0
297.2,308.0,1435,43.0,202,10.800000000000011,6461.732489658607,H,0
297.2,308.1,1340,61.3,207,10.900000000000034,8601.890125039092,M,1
297.2,308.1,1431,49.7,210,10.900000000000034,7447.742287938788,L,1
297.3,308.2,1396,52.7,212,10.899999999999977,7704.148608349275,L,1
297.3,308.1,1369,52.0,214,10.800000000000011,7454.78992745834,M,0
297.3,308.1,1615,35.4,217,10.800000000000011,5986.9331199460685,L,1
297.2,308.1,1662,31.3,0,10.900000000000034,5447.584493177773,L,0
297.3,308.2,1553,33.5,2,10.899999999999977,5448.097619977859,L,0
297.4,308.2,1536,34.6,4,10.800000000000011,5565.394217687391,M,0
297.4,308.3,1548,46.6,7,10.900000000000034,7554.148031115874,L,0
297.4,308.3,1706,30.9,9,10.900000000000034,5520.343779034912,L,0
297.4,308.3,1366,45.5,11,10.900000000000034,6508.646939952214,L,0
297.5,308.4,1440,35.9,13,10.899999999999977,5413.592460665931,L,0
297.5,308.4,1685,28.1,15,10.899999999999977,4958.3233252832115,M,0
297.4,308.3,1444,44.0,18,10.900000000000034,6653.474361282702,M,0
297.4,308.3,1395,48.7,21,10.900000000000034,7114.293643686766,L,0
297.4,308.3,1483,38.8,23,10.900000000000034,6025.61659748727,L,0
297.5,308.4,1403,44.3,25,10.899999999999977,6508.636467976701,M,0
297.5,308.4,1793,23.9,28,10.899999999999977,4487.524250216245,H,0
297.4,308.3,1723,28.8,33,10.900000000000034,5196.445576449805,L,0
297.4,308.2,1386,41.0,35,10.800000000000011,5950.804804429786,L,0
297.4,308.2,1585,46.2,37,10.800000000000011,7668.313508147326,H,0
297.3,308.1,1731,27.7,42,10.800000000000011,5021.17612230603,M,0
297.3,308.3,1519,37.7,45,11.0,5996.912912608973,L,0
297.3,308.2,1896,24.4,47,10.899999999999977,4844.587199247748,L,0
297.3,308.3,2358,14.9,49,11.0,3679.24482032515,L,0
297.3,308.3,1341,51.9,51,11.0,7288.2750448425695,M,0
297.3,308.3,1550,37.0,54,11.0,6005.677956112489,L,0
297.3,308.3,1309,61.5,56,11.0,8430.30680627553,L,0
297.3,308.4,1599,32.9,58,11.099999999999966,5509.0026295554535,M,0
297.4,308.4,1343,40.0,61,11.0,5625.545245028123,L,0
297.4,308.4,1378,39.9,63,11.0,5757.722519940157,L,0
297.4,308.4,1603,34.6,65,11.0,5808.155554005786,L,0
297.4,308.4,1664,28.1,67,11.0,4896.5281977871,L,0
297.3,308.4,1488,37.4,69,11.099999999999966,5827.780036115209,L,0
297.3,308.4,1370,50.5,71,11.099999999999966,7245.03625795366,M,0
297.3,308.5,1545,34.3,74,11.199999999999989,5549.466342933691,L,0
297.4,308.5,1566,31.4,76,11.100000000000023,5149.321686645958,M,0
297.4,308.6,1820,24.6,79,11.200000000000045,4688.512876217407,L,0
297.4,308.6,1901,22.1,81,11.200000000000045,4399.496824062658,M,0
297.4,308.5,1638,32.2,84,11.100000000000023,5523.296876129288,M,0
297.3,308.4,1521,38.2,87,11.099999999999966,6084.448155913496,M,0
297.3,308.4,1864,23.1,90,11.099999999999966,4509.065103844358,H,0
297.3,308.3,1430,41.9,95,11.0,6274.493567504655,L,0
297.3,308.4,1686,34.5,97,11.099999999999966,6091.23399604525,M,0
297.2,308.3,1326,57.2,100,11.100000000000023,7942.700210511858,M,0
297.2,308.3,1805,25.6,103,11.100000000000023,4838.890444569239,L,0
297.2,308.3,1453,45.8,105,11.100000000000023,6968.827431850046,H,0
297.2,308.4,1863,26.0,110,11.199999999999989,5072.41549848608,M,0
297.2,308.3,1576,35.3,113,11.100000000000023,5825.853192621007,L,0
297.2,308.3,1419,39.7,115,11.100000000000023,5899.31410083745,L,0
297.2,308.4,1833,25.2,117,11.199999999999989,4837.173040585276,L,0
297.2,308.4,2182,17.3,119,11.199999999999989,3953.024148109989,H,0
297.2,308.3,1656,30.3,124,11.100000000000023,5254.5022086881445,L,0
297.1,308.2,1351,56.6,126,11.099999999999966,8007.563626832975,L,0
297.1,308.2,1790,30.3,128,11.099999999999966,5679.6853584249875,H,0
297.2,308.2,1678,28.1,133,11.0,4937.724949451173,M,0
297.1,308.2,1427,45.2,136,11.099999999999966,6754.466093120104,L,0
297.0,308.1,1429,54.0,138,11.100000000000023,8080.804623563667,L,0
297.2,308.1,1770,27.2,140,10.900000000000034,5041.6278904809,H,0
297.2,308.1,1689,31.2,145,10.900000000000034,5518.395991589687,L,0
297.2,308.1,1554,41.3,147,10.900000000000034,6720.934827530787,M,0
297.3,308.1,1506,36.0,150,10.800000000000011,5677.486243567475,L,0
297.2,308.1,1474,44.3,152,10.900000000000034,6838.011513754568,L,0
297.3,308.1,1762,26.1,154,10.800000000000011,4815.873042393938,L,0
297.3,308.1,1566,35.7,156,10.800000000000011,5854.483573670723,L,0
297.3,308.1,1554,42.4,158,10.800000000000011,6899.942776932334,H,0
297.2,308.0,1869,25.4,163,10.800000000000011,4971.319046893561,L,0
297.3,308.0,1527,35.1,165,10.699999999999989,5612.738018976988,L,0
297.2,307.9,1309,49.6,167,10.699999999999989,6799.076708801078,L,0
297.2,307.9,1541,35.7,169,10.699999999999989,5761.021192226427,M,0
297.2,307.9,1326,75.4,172,10.699999999999989,10469.923004765631,L,1
297.1,307.9,1365,54.0,174,10.799999999999955,7718.893149870121,H,0
297.1,307.8,1428,43.7,179,10.699999999999989,6534.8897105852,L,0
297.1,307.8,1681,27.6,181,10.699999999999989,4858.5358706296865,L,0
297.1,307.9,1662,26.9,183,10.799999999999955,4681.7898679387245,M,0
297.2,307.9,1989,20.3,186,10.699999999999989,4228.238136539967,L,0
297.2,307.9,1747,29.0,188,10.699999999999989,5305.416953627323,M,0
297.2,308.0,1765,31.1,191,10.800000000000011,5748.224438150804,M,0
297.3,308.1,1568,34.4,194,10.800000000000011,5648.499815350352,L,0
297.3,308.1,1709,30.6,196,10.800000000000011,5476.361481884656,M,0
297.3,308.1,1370,58.8,199,10.800000000000011,8435.80459341931,M,0
297.3,308.1,1458,45.7,202,10.800000000000011,6977.540115476002,L,0
297.2,308.1,1712,30.9,204,10.900000000000034,5539.758821634097,L,0
297.3,308.1,1642,36.9,206,10.800000000000011,6344.94901874916,L,0
297.3,308.1,1468,49.8,0,10.800000000000011,7655.684305679895,L,0
297.3,308.1,1477,52.3,2,10.800000000000011,8089.2973957038685,H,0
297.3,308.2,1446,53.5,7,10.899999999999977,8101.224975812,L,0
297.3,308.2,1653,31.4,9,10.899999999999977,5435.395113681844,H,0
297.3,308.3,1494,38.2,14,11.0,5976.440200483079,L,0
297.3,308.2,1490,41.0,16,10.899999999999977,6397.329840260016,L,0
297.4,308.3,1550,47.8,18,10.900000000000034,7758.686656815592,M,0
297.3,308.2,1677,34.9,21,10.899999999999977,6128.964523814863,M,0
297.4,308.3,1854,21.8,24,10.900000000000034,4232.479286622312,L,0
297.5,308.5,1662,30.3,26,11.0,5273.540260168898,M,0
297.5,308.6,1440,38.8,29,11.100000000000023,5850.90215804563,M,0
297.5,308.6,1513,39.7,32,11.100000000000023,6290.107282992996,L,0
297.6,308.6,1389,49.0,34,11.0,7127.331253199163,M,0
297.6,308.6,1351,51.0,37,11.0,7215.295847499678,L,0
297.6,308.6,1482,38.3,39,11.0,5943.9561324449605,M,0
297.6,308.6,1744,28.5,42,11.0,5204.990708467569,L,0
297.6,308.7,1476,39.0,44,11.099999999999966,6028.087983708095,L,0
297.6,308.6,1444,48.2,46,11.0,7288.578732132415,M,0
297.6,308.7,1659,32.1,49,11.099999999999966,5576.73536716685,H,0
297.6,308.7,1475,46.6,54,11.099999999999966,7197.912368149815,M,0
297.6,308.6,1526,42.1,57,11.0,6727.678779760496,L,0
297.4,308.4,1675,29.5,59,11.0,5174.464899850189,M,0
297.4,308.4,1525,38.7,62,11.0,6180.298147774522,L,0
297.3,308.3,1396,45.9,64,11.0,6710.064916949367,L,0
297.4,308.4,1580,41.2,66,11.0,6816.837179269372,L,0
297.4,308.5,1462,42.8,68,11.100000000000023,6552.692068955543,L,0
297.4,308.4,1426,50.4,70,11.0,7526.2506883519945,L,0
297.4,308.5,1569,34.2,72,11.100000000000023,5619.24111576992,L,0
297.4,308.5,1477,40.7,74,11.100000000000023,6295.112887287715,L,0
297.4,308.5,1761,27.2,76,11.100000000000023,5015.992494427607,L,0
297.5,308.6,1486,45.9,78,11.100000000000023,7142.662225348681,M,0
297.6,308.6,1664,30.1,81,11.0,5245.035542825328,L,0
297.6,308.6,1576,32.7,83,11.0,5396.7535240426905,L,0
297.6,308.6,1463,46.7,85,11.0,7154.673581260909,H,0
297.6,308.6,1585,42.0,90,11.0,6971.19409831575,M,0
297.7,308.7,1479,45.7,93,11.0,7078.039664464341,L,0
297.7,308.7,1449,40.2,95,11.0,6099.904791769159,L,0
297.7,308.8,1404,50.3,97,11.100000000000023,7395.4347702565165,H,0
297.7,308.7,1694,29.1,102,11.0,5162.202216525677,L,0
297.7,308.7,1731,28.4,104,11.0,5148.065049584521,L,0
297.6,308.6,1522,37.0,106,11.0,5897.18828980852,L,0
297.5,308.5,1536,36.9,108,11.0,5935.348168574124,L,0
297.5,308.5,1373,39.9,110,11.0,5736.8309287937855,L,0
297.5,308.5,1597,36.4,112,11.0,6087.443140909918,L,0
297.6,308.5,1678,34.2,114,10.899999999999977,6009.615418904988,L,0
297.6,308.5,1452,42.6,116,10.899999999999977,6477.461396877579,L,0
297.5,308.5,1447,41.6,118,11.0,6303.626603378943,M,0
297.6,308.5,1574,37.1,121,10.899999999999977,6115.1519881145805,L,0
297.6,308.6,1528,40.0,123,11.0,6400.471432913605,L,0
297.7,308.7,1688,27.2,125,11.0,4808.060948662011,L,0
297.6,308.6,1393,40.4,127,11.0,5893.334602820118,L,0
297.5,308.6,1429,50.5,129,11.100000000000023,7557.048768332688,M,0
297.5,308.6,1347,57.0,132,11.100000000000023,8040.278078332359,M,0
297.6,308.6,1553,40.5,135,11.0,6586.5060778836805,L,0
297.5,308.6,1260,53.6,137,11.100000000000023,7072.3533817613425,L,0
297.5,308.6,1546,33.8,139,11.100000000000023,5472.109859826796,L,0
297.5,308.6,1596,36.0,141,11.100000000000023,6016.778250155172,L,0
297.5,308.5,1340,57.4,143,11.0,8054.62468478375,L,0
297.5,308.4,1369,54.8,145,10.899999999999977,7856.201692783019,M,0
297.5,308.5,1462,52.3,148,11.0,8007.144747812497,L,0
297.4,308.4,1487,46.2,150,11.0,7194.184344867555,H,0
297.5,308.6,1510,35.5,155,11.100000000000023,5613.502473189362,M,0
297.5,308.5,1671,28.0,158,11.0,4899.627902538641,H,0
297.5,308.5,1612,30.0,163,11.0,5064.247357586746,M,0
297.6,308.6,1509,39.7,166,11.0,6273.477785879994,M,0
297.6,308.6,1415,47.3,169,11.0,7008.840850281268,L,0
297.6,308.6,2384,14.4,171,11.0,3594.987305355872,L,0
297.6,308.6,1326,62.4,173,11.0,8664.763866012936,L,0
297.6,308.6,1390,53.4,175,11.0,7772.928543511865,M,0
297.6,308.7,1392,41.2,178,11.099999999999966,6005.719844014536,M,0
297.6,308.8,1385,44.4,181,11.199999999999989,6439.636621328358,H,0
297.7,308.8,1896,24.5,186,11.100000000000023,4864.442064818435,L,0
297.7,308.7,1474,46.8,188,11.0,7223.903811370515,L,0
297.7,308.8,1388,45.6,190,11.100000000000023,6628.006516837602,M,0
297.7,308.9,1715,27.2,193,11.199999999999989,4884.967136821889,L,0
297.8,308.9,1650,32.2,195,11.099999999999966,5563.760589507525,H,0
297.8,308.9,1871,25.6,200,11.099999999999966,5015.824942819416,L,1
297.8,309.0,1403,64.2,0,11.199999999999989,9432.380614991067,L,1
297.8,308.9,1518,40.4,2,11.099999999999966,6422.169366174399,L,0
297.9,309.1,1504,43.0,4,11.200000000000045,6772.436003098637,L,0
297.8,309.0,1340,56.9,6,11.199999999999989,7984.462448853578,L,0
297.9,309.1,1435,44.7,8,11.200000000000045,6717.196332273017,H,0
297.9,309.1,1507,36.9,13,11.200000000000045,5823.287558620577,L,0
297.9,309.1,1521,36.1,15,11.200000000000045,5749.96278608579,L,0
297.8,309.0,1576,45.0,17,11.199999999999989,7426.725033086271,M,0
297.9,309.1,1543,36.6,20,11.200000000000045,5913.922506676642,L,0
298.0,309.2,1665,36.6,22,11.199999999999989,6381.517157236947,L,0
297.9,309.1,1442,50.3,24,11.200000000000045,7595.596110192234,L,0
297.9,309.0,1629,29.0,26,11.100000000000023,4947.065951607847,L,0
297.9,309.0,1379,47.3,28,11.100000000000023,6830.524051263512,L,0
297.9,309.0,1502,40.2,30,11.100000000000023,6323.020702027105,L,0
297.9,309.1,1595,32.0,32,11.200000000000045,5344.896301307435,L,0
298.0,309.0,1439,38.5,34,11.0,5801.63151326183,M,0
297.9,309.0,1970,21.6,37,11.100000000000023,4456.035019851763,M,0
297.9,309.0,1562,35.8,40,11.100000000000023,5855.886818389326,L,0
297.9,309.0,1530,40.9,42,11.100000000000023,6553.048116122949,M,0
297.9,308.9,1393,40.6,45,11.0,5922.509526596455,L,0
297.9,309.0,1532,37.6,47,11.100000000000023,6032.192998108786,L,0
298.0,308.9,1607,37.7,49,10.899999999999977,6344.331172193956,L,0
297.9,308.8,1469,49.0,51,10.900000000000034,7537.83269326823,M,0
297.9,308.8,1538,37.6,54,10.900000000000034,6055.817774863781,M,0
297.9,308.8,1613,31.4,57,10.900000000000034,5303.8671012515515,L,0
297.9,308.8,1602,32.1,59,10.900000000000034,5385.1296312244085,M,0
297.8,308.7,1404,44.2,62,10.899999999999977,6498.572899509703,L,0
297.8,308.8,1548,36.9,64,11.0,5981.71807614111,L,0
297.8,308.8,1559,35.2,66,11.0,5746.685057750546,L,0
297.8,308.8,1621,36.1,68,11.0,6128.001102067763,L,0
297.8,308.8,1579,32.9,70,11.0,5440.097030686717,L,0
297.9,308.9,1547,44.0,72,11.0,7128.064291485001,M,0
297.9,308.8,1386,48.6,75,10.900000000000034,7053.880816958234,L,0
298.0,308.9,1406,40.9,77,10.899999999999977,6021.951406058082,L,0
298.0,309.0,1393,55.9,79,11.0,8154.3911954862515,M,0
297.9,309.0,2456,13.9,82,11.100000000000023,3574.9648881769936,M,0
298.0,309.0,1409,49.1,85,11.0,7244.71162671279,M,0
298.0,308.9,1390,53.9,88,10.899999999999977,7845.70877332003,L,0
298.0,309.0,1679,32.4,90,11.0,5696.712790607443,L,0
298.0,308.9,1508,37.1,92,10.899999999999977,5858.735195728581,L,0
297.9,308.8,1681,31.7,94,10.900000000000034,5580.274894889893,L,0
297.7,308.8,1469,43.7,96,11.100000000000023,6722.516095833095,H,0
297.8,308.8,1421,49.6,101,11.0,7380.815892441812,L,0
297.7,308.8,1354,50.2,103,11.100000000000023,7117.885531287371,L,0
297.7,308.8,1350,57.0,105,11.100000000000023,8058.185156457819,M,0
297.8,308.9,1282,58.1,108,11.099999999999966,7799.967184283763,L,0
297.8,309.0,1675,30.0,110,11.199999999999989,5262.167694762904,M,0
297.9,309.0,1525,38.5,113,11.100000000000023,6148.358622463024,M,0
297.9,309.0,1382,43.9,116,11.100000000000023,6353.326599158734,L,0
297.9,309.0,1450,46.8,118,11.100000000000023,7106.282582420112,L,0
298.0,309.1,1820,23.6,120,11.100000000000023,4497.922921899627,L,0
298.0,309.1,1822,23.5,122,11.100000000000023,4483.785754958472,L,0
298.0,309.1,1473,44.3,124,11.100000000000023,6833.372428602766,L,0
298.1,309.1,1572,37.5,126,11.0,6173.229564303943,M,0
298.1,309.0,2042,17.8,129,10.899999999999977,3806.3117711873456,M,0
298.2,309.2,1922,22.6,132,11.0,4548.732947083686,L,0
298.2,309.1,1539,36.5,134,10.900000000000034,5882.475164214209,L,0
298.2,309.1,1350,52.0,136,10.900000000000034,7351.326809400116,L,0
298.3,309.1,1403,45.1,138,10.800000000000011,6626.173921123008,L,0
298.3,309.1,1904,20.3,140,10.800000000000011,4047.5441990809936,L,0
298.2,308.9,1592,35.2,142,10.699999999999989,5868.327525297543,M,0
298.1,308.7,1556,31.6,145,10.599999999999966,5149.028471331623,L,0
298.1,308.8,1811,25.4,147,10.699999999999989,4817.0459036512775,M,0
298.2,308.8,1456,41.2,150,10.600000000000023,6281.844894314056,M,0
298.2,308.8,1436,51.9,153,10.600000000000023,7804.595797460051,H,0
298.1,308.7,1362,49.6,158,10.599999999999966,7074.364001059639,M,0
298.1,308.7,1683,29.1,161,10.599999999999966,5128.681422911874,L,0
298.2,308.7,1269,60.9,163,10.5,8092.962587133058,M,0
298.3,308.8,1454,49.0,166,10.5,7460.86367325528,L,0
298.3,308.8,1767,27.3,168,10.5,5051.58673919278,L,0
298.3,308.9,1708,27.3,170,10.599999999999966,4882.914629621544,L,0
298.3,308.9,1862,27.0,172,10.599999999999966,5264.680968885776,L,0
298.3,308.9,1695,30.7,174,10.599999999999966,5449.249537284175,L,0
298.3,309.1,1488,40.6,176,10.800000000000011,6326.413622092982,M,0
298.3,309.0,1657,32.2,179,10.699999999999989,5587.364422311495,L,0
298.3,309.0,1823,25.9,181,10.699999999999989,4944.41654180332,H,0
298.2,309.1,1651,28.8,186,10.900000000000034,4979.298692233679,M,0
298.1,309.0,1533,36.1,189,10.899999999999977,5795.327384003627,M,0
298.2,309.0,1508,40.5,192,10.800000000000011,6395.6543241781,M,0
298.3,309.1,1616,31.1,195,10.800000000000011,5262.963564901813,L,0
298.2,309.0,1651,31.5,197,10.800000000000011,5446.107944630586,L,0
298.2,309.1,1569,35.2,199,10.900000000000034,5783.5464115526665,L,0
298.3,309.1,1296,58.7,201,10.800000000000011,7966.576314679141,M,0
298.3,309.0,1379,43.2,0,10.699999999999989,6238.449027792468,H,0
298.2,309.0,1694,28.0,5,10.800000000000011,4967.067424835703,M,0
298.2,309.0,1377,57.8,8,10.800000000000011,8334.708141826794,L,0
298.3,309.0,1470,38.4,10,10.699999999999989,5911.2207369945545,H,0
298.3,309.1,1404,47.0,15,10.800000000000011,6910.247200836109,M,0
298.3,309.1,1593,40.1,18,10.800000000000011,6689.424653215282,L,0
298.3,309.0,1526,36.9,20,10.699999999999989,5896.706578934971,M,0
298.3,308.9,1390,49.7,23,10.599999999999966,7234.354842931456,M,0
298.2,308.9,1737,25.5,26,10.699999999999989,4638.404473392649,L,0
298.2,308.8,1362,57.3,28,10.600000000000023,8172.601960901558,L,0
298.2,308.8,1666,31.5,30,10.600000000000023,5495.588028924626,L,0
298.2,308.8,1354,60.9,32,10.600000000000023,8635.044399509978,L,0
298.2,308.8,1302,60.4,34,10.600000000000023,8235.24531841414,L,0
298.2,308.7,1991,20.5,36,10.5,4274.189165086474,L,0
298.2,308.6,1353,54.1,38,10.400000000000034,7665.203331420272,L,0
298.2,308.7,1520,35.7,40,10.5,5682.512791813219,H,0
298.2,308.7,1428,54.9,45,10.5,8209.73558606699,L,0
298.2,308.7,1605,29.4,47,10.5,4941.411084831385,L,0
298.1,308.7,1691,30.3,49,10.599999999999966,5365.557508992544,L,0
298.2,308.7,1447,48.4,51,10.5,7334.027105854348,L,0
298.2,308.8,1606,39.9,53,10.600000000000023,6710.379076214726,H,0
298.2,308.8,1645,28.2,58,10.600000000000023,4857.8447202458965,M,0
298.2,308.8,1470,43.3,61,10.600000000000023,6665.517133121463,H,0
298.2,308.9,1336,45.0,66,10.699999999999989,6295.751677793946,L,0
298.2,308.9,1414,44.3,68,10.699999999999989,6559.666404646511,M,0
298.3,309.0,1802,27.5,71,10.699999999999989,5189.38746495474,M,0
298.2,308.9,1683,31.7,74,10.699999999999989,5586.914127364481,L,0
298.2,309.0,1410,47.6,76,10.800000000000011,7028.371084611086,M,0
298.2,308.9,1605,32.0,79,10.699999999999989,5378.406622945726,L,0
298.2,308.9,1709,28.1,81,10.699999999999989,5028.946328135909,L,0
298.2,308.9,1444,53.1,83,10.699999999999989,8029.533831457079,L,0
298.2,308.9,1367,45.0,85,10.699999999999989,6441.835736185871,L,0
298.2,309.0,1418,44.2,87,10.800000000000011,6563.373483977749,L,0
298.2,309.0,1353,57.8,89,10.800000000000011,8189.4408975248,L,0
298.2,309.0,1643,34.1,91,10.800000000000011,5867.060416260594,L,0
298.3,309.1,1437,38.0,93,10.800000000000011,5718.326948064142,L,0
298.1,309.0,1437,36.2,95,10.899999999999977,5447.45882947163,L,0
298.2,309.0,1413,47.9,97,10.800000000000011,7087.715769837396,M,0
298.2,309.0,1524,39.1,100,10.800000000000011,6240.082655972335,H,0
298.1,308.9,1479,43.4,105,10.799999999999955,6721.814473473793,M,0
298.1,308.9,1313,50.6,108,10.799999999999955,6957.350146688932,L,0
298.1,308.9,1335,50.4,110,10.799999999999955,7045.964003471188,M,0
298.1,308.9,1367,41.9,113,10.799999999999955,5998.064829915288,L,0
298.1,308.9,1459,50.3,115,10.799999999999955,7685.141972795055,M,0
298.1,308.9,1804,25.1,118,10.799999999999955,4741.752399720243,M,0
298.2,309.0,1491,38.3,121,10.800000000000011,5980.053032034706,L,0
298.3,309.1,1537,43.0,123,10.800000000000011,6921.033335613434,L,0
298.3,309.1,1646,30.2,125,10.800000000000011,5205.535251194192,H,0
298.3,309.2,1783,28.3,130,10.899999999999977,5284.0436516074005,M,0
298.3,309.1,1395,49.8,133,10.800000000000011,7274.986107917883,L,0
298.4,309.1,1423,48.0,135,10.700000000000045,7152.778153693242,L,0
298.3,309.2,1562,37.6,137,10.899999999999977,6150.316881883763,L,0
298.4,309.3,1549,40.8,139,10.900000000000034,6618.204747758401,L,0
298.4,309.4,1540,43.2,141,11.0,6966.795868600726,L,0
298.5,309.4,1573,33.6,143,10.899999999999977,5534.732273388355,H,0
298.5,309.4,1418,45.1,148,10.899999999999977,6697.016835461459,L,0
298.5,309.4,1565,33.7,150,10.899999999999977,5522.972244888416,M,0
298.5,309.5,1569,41.0,153,11.0,6736.517127092594,L,0
298.5,309.4,1417,41.2,155,10.899999999999977,6113.581191787785,H,0
298.5,309.5,1480,38.1,160,11.0,5904.937551687375,L,0
298.5,309.4,1364,44.5,162,10.899999999999977,6356.279696253108,L,0
298.5,309.4,1911,21.5,164,10.899999999999977,4302.568218723902,L,0
298.4,309.3,1409,43.1,166,10.900000000000034,6359.410816931187,L,0
298.4,309.2,1335,53.5,168,10.800000000000011,7479.3467100339,L,0
298.5,309.3,1512,38.1,170,10.800000000000011,6032.611877129265,M,0
298.6,309.4,1447,40.2,173,10.799999999999955,6091.485323457537,L,0
298.6,309.3,1537,37.6,175,10.699999999999989,6051.880312071283,L,0
298.6,309.3,1510,40.8,177,10.699999999999989,6451.574673411998,M,0
298.6,309.3,1677,31.2,180,10.699999999999989,5479.188915272886,L,0
298.5,309.2,1504,33.7,182,10.699999999999989,5307.699844288933,L,0
298.5,309.1,2051,19.0,184,10.600000000000023,4080.824137258022,H,0
298.5,309.1,1474,41.3,189,10.600000000000023,6374.940756615432,L,0
298.4,309.0,1507,36.1,191,10.600000000000023,5697.037421848316,M,0
298.4,308.9,1496,37.9,194,10.5,5937.442563676517,L,0
298.5,309.0,1921,22.0,196,10.5,4425.6662908670605,M,0
298.5,309.0,1450,40.5,199,10.5,6149.66761940202,L,0
298.4,308.9,1402,44.8,201,10.5,6577.405931163782,L,0
298.4,308.9,1501,50.0,203,10.5,7859.217621730467,L,0
298.5,308.9,1725,31.9,205,10.399999999999977,5762.466324847077,L,0
298.5,308.9,1500,40.3,207,10.399999999999977,6330.309196983433,H,0
298.5,309.0,1531,30.8,212,10.5,4938.039108716533,H,0
298.5,309.0,1458,44.8,217,10.5,6840.126852807984,L,0
298.4,308.9,1577,37.1,0,10.5,6126.807296859399,H,0
298.3,308.9,1363,46.1,5,10.599999999999966,6579.992509115238,M,0
298.3,308.9,1706,31.8,8,10.599999999999966,5681.130491045638,H,0
298.3,308.8,1391,50.4,13,10.5,7341.525040320917,M,0
298.2,308.8,1616,33.7,16,10.600000000000023,5702.954088012575,L,0
298.2,308.8,1442,47.0,18,10.600000000000023,7097.276683479821,L,0
298.2,308.8,1626,40.4,20,10.600000000000023,6879.082601712498,M,0
298.2,308.7,1426,42.6,23,10.5,6361.473796107044,M,0
298.2,308.7,1436,49.1,26,10.5,7383.538606074923,L,0
298.2,308.7,1599,36.2,28,10.5,6061.5773613953625,M,0
298.2,308.7,2186,17.8,31,10.5,4074.729447510058,L,0
298.3,308.8,1645,30.4,33,10.5,5236.825514023945,L,0
298.2,308.7,1780,27.9,35,10.5,5200.592478752544,L,0
298.2,308.8,1345,44.3,37,10.600000000000023,6239.569529172247,L,0
298.2,308.8,1607,31.9,39,10.600000000000023,5368.2802226256545,M,0
298.3,308.9,1708,28.0,42,10.599999999999966,5008.117568842609,L,0
298.3,308.9,1270,52.7,44,10.599999999999966,7008.788490403708,L,0
298.3,308.9,1646,25.4,46,10.599999999999966,4378.165409944783,M,0
298.2,308.7,1407,45.1,49,10.5,6645.065364946595,L,0
298.1,308.7,1581,47.4,51,10.599999999999966,7847.635616814232,M,0
298.0,308.6,1532,42.6,54,10.600000000000023,6834.346322325379,L,0
298.0,308.6,1610,33.1,56,10.600000000000023,5580.620470081789,L,0
298.0,308.5,1682,33.0,58,10.5,5812.574727671836,M,0
297.9,308.5,1519,34.3,61,10.600000000000023,5456.077265317977,L,0
297.9,308.5,1683,28.5,63,10.600000000000023,5022.935414192041,L,0
298.0,308.6,1254,55.8,65,10.600000000000023,7327.576368938977,M,0
298.0,308.5,1461,48.0,68,10.5,7343.786987031501,L,0
297.9,308.5,1472,45.1,70,10.600000000000023,6952.0513270798765,L,0
297.7,308.4,1510,38.6,72,10.699999999999989,6103.695646904489,L,0
297.7,308.3,1547,36.8,74,10.600000000000023,5961.653771060182,M,0
297.7,308.4,1418,51.9,77,10.699999999999989,7706.766602227266,H,0
297.7,308.4,1289,51.3,82,10.699999999999989,6924.667111116085,L,0
297.7,308.4,1487,41.4,84,10.699999999999989,6446.736620725471,L,0
297.7,308.5,1453,45.5,86,10.800000000000011,6923.180090593387,L,0
297.8,308.5,1466,44.7,88,10.699999999999989,6862.3064969423285,M,0
297.7,308.4,1288,49.5,91,10.699999999999989,6676.512707409028,H,0
297.7,308.4,1738,27.7,96,10.699999999999989,5041.481282823733,H,0
297.7,308.3,1488,41.0,101,10.600000000000023,6388.742820340203,H,0
297.6,308.3,1816,28.8,106,10.699999999999989,5476.926968562302,L,0
297.5,308.2,1419,48.5,108,10.699999999999989,7206.970626967665,L,0
297.4,308.1,1435,45.7,110,10.700000000000045,6867.469180869729,L,0
297.5,308.1,1480,42.4,112,10.600000000000023,6571.374073268889,M,0
297.5,308.2,1610,33.6,115,10.699999999999989,5664.9198729531145,L,0
297.5,308.1,1548,38.2,117,10.600000000000023,6192.456111343914,H,0
297.6,308.1,1379,57.4,122,10.5,8289.050328594622,M,0
297.5,308.1,1907,23.5,125,10.600000000000023,4692.963465809993,M,0
297.5,308.0,2033,16.7,128,10.5,3555.3508780430807,M,0
297.4,307.9,1390,52.0,131,10.5,7569.143900049008,H,0
297.5,307.9,1544,37.9,136,10.399999999999977,6127.948742190202,M,0
297.6,308.0,1258,57.4,139,10.399999999999977,7561.729741386536,L,0
297.5,308.0,1560,39.0,141,10.5,6371.1499014801,M,0
297.6,308.2,2071,18.5,144,10.599999999999966,4012.180337777085,H,0
297.6,308.1,1437,46.3,149,10.5,6967.3299393518355,L,0
297.7,308.2,1489,43.0,151,10.5,6704.891761046456,H,0
297.7,308.2,1334,53.0,156,10.5,7403.896126470185,L,0
297.7,308.2,1500,39.9,158,10.5,6267.477343911637,L,0
297.8,308.3,1498,47.3,160,10.5,7419.960136905541,L,0
297.7,308.2,1370,53.4,162,10.5,7661.087845044069,M,0
297.7,308.2,1526,40.1,165,10.5,6408.074087135294,H,0
297.8,308.3,1477,44.8,170,10.5,6929.264308365838,L,0
297.7,308.2,1446,43.9,172,10.5,6647.54722314293,L,0
297.7,308.2,1720,25.6,174,10.5,4611.020257428859,M,0
297.7,308.1,1734,30.7,177,10.400000000000034,5574.630500088944,L,0
297.7,308.1,1697,29.1,179,10.400000000000034,5171.344251147623,L,0
297.7,308.2,2007,19.3,181,10.5,4056.3301865355334,L,0
297.7,308.1,1469,48.8,183,10.400000000000034,7507.066029214074,M,0
297.7,308.1,2189,15.6,186,10.400000000000034,3576.0120857281895,M,0
297.8,308.3,1435,50.1,189,10.5,7528.66971469526,L,0
297.9,308.4,1637,34.5,191,10.5,5914.205250015465,H,0
298.0,308.5,1664,28.3,196,10.5,4931.378932290922,L,0
298.0,308.5,1666,31.0,198,10.5,5408.356472909949,M,0
298.0,308.5,1404,46.6,201,10.5,6851.436586360908,L,0
298.0,308.5,1702,26.7,203,10.5,4758.821719804747,L,0
298.1,308.6,1439,44.9,205,10.5,6766.058570011848,L,0
298.1,308.6,1354,53.9,207,10.5,7642.510560485842,L,1
298.2,308.7,1361,44.2,0,10.5,6299.542532929278,M,0
298.1,308.5,1463,45.9,3,10.399999999999977,7032.109579868858,M,0
298.1,308.4,1515,43.8,6,10.299999999999955,6948.888790475263,H,0
298.0,308.4,1432,46.2,11,10.399999999999977,6928.091447108499,L,0
298.0,308.4,1911,22.0,13,10.399999999999977,4402.627944740736,L,0
298.0,308.4,1472,42.0,15,10.399999999999977,6474.194140517845,L,0
298.1,308.5,1382,54.5,17,10.399999999999977,7887.387235857654,M,0
298.1,308.5,1665,29.6,20,10.399999999999977,5161.0084113173125,L,0
298.1,308.5,1676,30.5,22,10.399999999999977,5353.064442206768,L,0
298.0,308.5,1585,33.0,24,10.5,5477.366791533804,M,0
298.1,308.6,1415,46.3,27,10.5,6860.66239678695,M,0
298.1,308.7,1341,55.7,30,10.599999999999966,7821.9059729813325,L,0
298.2,308.8,1540,34.8,32,10.600000000000023,5612.141116372806,L,0
298.2,308.8,1837,28.4,34,10.600000000000023,5463.313400396746,H,0
298.2,308.8,1498,36.0,39,10.600000000000023,5647.326954093012,L,0
298.1,308.7,1671,28.8,41,10.599999999999966,5039.617271182603,L,0
298.0,308.6,1430,57.0,43,10.600000000000023,8535.707239803469,L,0
298.0,308.7,1619,40.1,45,10.699999999999989,6798.60546990304,L,0
298.0,308.7,1430,51.9,47,10.699999999999989,7771.986065715791,M,0
298.0,308.6,1626,33.3,50,10.600000000000023,5670.134916758074,L,0
298.0,308.7,1443,49.3,52,10.699999999999989,7449.752907237084,L,0
298.0,308.6,1481,42.5,54,10.600000000000023,6591.323186619185,L,0
298.1,308.7,1527,43.0,56,10.599999999999966,6876.00384091198,M,0
298.1,308.7,1315,56.8,59,10.599999999999966,7821.727949397627,M,0
298.1,308.8,1433,48.2,62,10.699999999999989,7233.056317967972,M,0
298.1,308.8,1378,53.5,65,10.699999999999989,7720.254506686677,M,0
298.1,308.8,1432,43.4,68,10.699999999999989,6508.20711698071,L,0
298.1,308.8,1394,47.9,70,10.699999999999989,6992.410320702994,M,0
298.0,308.8,1411,53.8,73,10.800000000000011,7949.465106692588,H,0
298.1,308.9,2136,15.9,78,10.799999999999955,3556.5342112759326,L,0
298.2,309.0,1446,45.8,80,10.800000000000011,6935.254278358683,M,0
298.1,308.9,1388,53.5,83,10.799999999999955,7776.279575675695,H,0
298.1,308.9,1323,51.7,88,10.799999999999955,7162.7370024051215,M,0
298.2,309.0,1780,29.3,91,10.800000000000011,5461.554108510736,L,0
298.1,308.8,1434,41.8,93,10.699999999999989,6277.02778557855,M,0
298.0,308.7,1494,42.6,96,10.699999999999989,6664.825982737675,M,0
298.0,308.7,1536,39.6,99,10.699999999999989,6369.641937006378,H,0
298.0,308.7,1392,53.4,104,10.699999999999989,7784.112613358646,M,0
298.2,309.0,1360,56.8,107,10.800000000000011,8089.391643483478,H,0
298.4,309.2,1583,35.4,112,10.800000000000011,5868.306581346518,L,0
298.5,309.2,1983,20.2,114,10.699999999999989,4194.717342926164,L,0
298.5,309.3,1630,33.3,116,10.800000000000011,5684.083588140013,L,0
298.5,309.3,1692,26.7,118,10.800000000000011,4730.861545187797,M,0
298.4,309.1,1417,40.6,121,10.700000000000045,6024.548455985051,L,0
298.4,309.1,1579,36.1,123,10.700000000000045,5969.225009355334,L,0
298.4,309.2,1399,45.2,125,10.800000000000011,6621.932771040663,M,0
298.4,309.2,1414,46.4,128,10.800000000000011,6870.621245498829,M,0
298.5,309.3,1570,40.1,131,10.800000000000011,6592.8416230684215,L,0
298.5,309.3,1552,36.8,133,10.800000000000011,5980.922206002199,M,0
298.6,309.4,1440,48.2,136,10.799999999999955,7268.388763345346,L,0
298.6,309.4,1460,43.8,138,10.799999999999955,6696.6189003920035,M,0
298.6,309.4,1471,48.0,141,10.799999999999955,7394.052469488937,L,0
298.6,309.3,1702,27.6,143,10.699999999999989,4919.231440697043,L,0
298.6,309.4,1375,55.4,145,10.799999999999955,7977.027346240082,L,0
298.6,309.4,1698,33.2,147,10.799999999999955,5903.429587213652,L,0
298.6,309.4,1439,47.1,149,10.799999999999955,7097.580370769668,H,0
298.6,309.4,1774,27.5,154,10.799999999999955,5108.753253512603,M,0
298.7,309.4,1375,48.3,157,10.699999999999989,6954.700736884403,M,0
298.7,309.5,1446,40.0,160,10.800000000000011,6056.9906361211215,L,0
298.7,309.6,1455,46.8,162,10.900000000000034,7130.787005118112,M,0
298.8,309.6,1523,41.9,165,10.800000000000011,6682.555037279432,L,0
298.8,309.6,1692,31.9,167,10.800000000000011,5652.227838632612,M,0
298.8,309.6,1693,33.3,170,10.800000000000011,5903.775162405546,M,0
298.8,309.6,1890,24.0,173,10.800000000000011,4750.0880922277665,L,0
298.9,309.6,1600,33.5,175,10.700000000000045,5612.978874413764,H,0
298.9,309.6,1434,43.8,180,10.700000000000045,6577.364043261734,M,0
298.9,309.6,1365,50.9,183,10.700000000000045,7275.771506081281,L,0
298.8,309.6,1309,57.4,185,10.800000000000011,7868.286352523828,H,0
298.9,309.6,1546,35.3,190,10.700000000000045,5714.954971949287,H,0
298.9,309.6,1663,33.7,195,10.700000000000045,5868.819708146605,L,0
298.9,309.6,1589,34.2,197,10.700000000000045,5690.869428271768,L,0
298.9,309.6,1472,46.0,199,10.700000000000045,7090.784058662402,M,0
298.9,309.6,1583,39.8,202,10.700000000000045,6597.700619705973,L,0
298.9,309.6,1567,34.5,204,10.700000000000045,5661.3070414014865,M,0
298.9,309.7,1407,41.9,207,10.800000000000011,6173.575139495838,L,0
299.0,309.7,1418,44.7,209,10.699999999999989,6637.619790357588,M,0
299.0,309.7,1489,40.7,212,10.699999999999989,6346.258015688157,M,0
299.1,309.9,1586,36.6,215,10.799999999999955,6078.730457283963,L,0
299.1,309.8,1398,55.4,217,10.699999999999989,8110.461258213553,L,1
299.2,309.9,1516,41.4,219,10.699999999999989,6572.463158722134,L,0
299.3,310.0,1373,44.8,221,10.699999999999989,6441.35402531232,H,0
299.2,310.0,1349,50.4,226,10.800000000000011,7119.854262683619,M,0
299.1,309.9,1443,40.3,0,10.799999999999955,6089.757447498063,H,0
299.2,310.1,1542,36.1,5,10.900000000000034,5829.350832442005,H,0
299.2,310.1,1534,37.7,10,10.900000000000034,6056.13193412914,L,0
299.2,310.2,1697,30.6,12,11.0,5437.908387804718,L,0
299.3,310.3,1396,47.4,14,11.0,6929.348084169935,L,0
299.3,310.2,1495,49.2,16,10.899999999999977,7702.556868071455,L,0
299.2,310.3,1551,44.8,18,11.100000000000023,7276.431240538535,M,0
299.2,310.3,1440,47.0,21,11.100000000000023,7087.433026498573,L,0
299.2,310.3,1429,40.1,23,11.100000000000023,6000.745655646352,L,0
299.3,310.4,1548,41.6,25,11.099999999999966,6743.617126489707,H,0
299.3,310.5,1505,38.8,30,11.199999999999989,6115.005380457412,L,0
299.2,310.4,1611,36.4,32,11.199999999999989,6140.8083281188965,L,0
299.2,310.4,1502,39.8,34,11.199999999999989,6260.105073151212,M,0
299.2,310.4,1504,43.3,37,11.199999999999989,6819.685556608627,M,0
299.1,310.3,1449,40.7,40,11.199999999999989,6175.774254353352,L,0
299.0,310.2,1575,37.8,42,11.199999999999989,6234.490621048944,L,0
299.0,310.2,1598,33.4,44,11.199999999999989,5589.228433952624,M,0
299.0,310.1,1416,45.9,47,11.100000000000023,6806.197652149215,L,0
299.0,310.2,1682,28.8,49,11.199999999999989,5072.792489604511,L,0
298.9,310.1,1341,54.5,51,11.200000000000045,7653.390943042775,L,0
298.9,310.1,1523,39.1,53,11.200000000000045,6235.988113547156,L,0
299.0,310.1,1580,41.9,55,11.100000000000023,6932.657228431716,L,0
299.0,310.1,1531,36.0,57,11.100000000000023,5771.734023175169,L,0
299.0,310.1,1375,48.9,59,11.100000000000023,7041.094534858123,L,0
298.9,310.1,1484,40.4,61,11.200000000000045,6278.326310542034,M,0
299.0,310.2,1657,32.3,64,11.199999999999989,5604.716485734822,M,0
299.0,310.2,1494,40.6,67,11.199999999999989,6351.923354440131,L,0
299.0,310.3,1658,27.6,69,11.300000000000011,4792.059770079727,H,0
299.1,310.3,1411,42.1,74,11.199999999999989,6220.678085348662,L,0
299.2,310.4,1395,55.4,76,11.199999999999989,8093.056834912665,M,0
299.1,310.4,1550,43.9,79,11.299999999999955,7125.655737117249,L,0
299.1,310.3,1233,59.0,81,11.199999999999989,7618.04802568989,M,0
299.1,310.3,1459,46.7,84,11.199999999999989,7135.111931004554,L,0
299.1,310.4,1405,53.6,86,11.299999999999955,7886.235318551339,H,0
299.2,310.5,1458,44.1,91,11.300000000000011,6733.24987073286,L,0
299.2,310.5,1384,48.7,93,11.300000000000011,7058.195270869164,L,0
299.2,310.5,1705,29.5,95,11.300000000000011,5267.1418831310875,L,0
299.3,310.6,1443,45.7,97,11.300000000000011,6905.754723341477,L,0
299.3,310.6,1609,31.4,99,11.300000000000011,5290.714300008522,M,0
299.3,310.5,1818,26.0,102,11.199999999999989,4949.893384996079,L,0
299.3,310.6,1457,42.1,104,11.300000000000011,6423.478363113394,M,0
299.3,310.6,1480,45.1,107,11.300000000000011,6989.8342147270505,L,0
299.4,310.8,1424,47.7,109,11.400000000000034,7113.068422551867,L,0
299.4,310.8,1628,40.2,111,11.400000000000034,6853.447205659207,M,0
299.5,310.8,1754,31.3,114,11.300000000000011,5749.135500020346,M,0
299.6,310.9,1716,28.5,117,11.299999999999955,5121.424343882081,L,0
299.5,310.9,1378,48.7,119,11.399999999999977,7027.5961584232,M,0
299.6,311.0,1708,31.0,122,11.399999999999977,5544.7015940757465,L,0
299.6,311.0,1430,38.3,124,11.399999999999977,5735.396268148646,L,0
299.7,311.2,1560,43.9,126,11.5,7171.627709614779,M,0
299.6,311.1,1679,30.7,129,11.5,5397.811193569398,L,0
299.6,311.1,1521,37.2,131,11.5,5925.169408376493,L,0
299.6,311.1,1649,33.8,133,11.5,5836.68121530038,M,0
299.5,311.0,1451,43.3,136,11.5,6579.364190584519,M,0
299.4,310.8,1391,48.9,139,11.400000000000034,7123.027271263746,L,0
299.3,310.8,1523,40.9,141,11.5,6523.0668502321905,M,0
299.3,310.7,1495,39.2,144,11.399999999999977,6136.996529032541,L,0
299.3,310.7,1440,45.5,146,11.399999999999977,6861.2383554401085,M,0
299.4,310.8,1585,31.4,149,11.400000000000034,5211.797492550347,H,0
299.5,310.8,1374,48.3,154,11.300000000000011,6949.642772712125,L,0
299.5,310.8,1507,40.2,156,11.300000000000011,6344.069372806158,M,0
299.5,310.9,1577,34.6,159,11.399999999999977,5713.9496623001405,M,0
299.5,310.9,1496,38.5,162,11.399999999999977,6031.439015871924,L,0
299.6,310.9,1487,42.5,164,11.299999999999955,6618.026724174699,L,0
299.6,310.9,1853,26.3,166,11.299999999999955,5103.4020740259875,L,0
299.7,311.0,1435,50.1,168,11.300000000000011,7528.66971469526,M,0
299.8,311.1,1763,25.5,171,11.300000000000011,4707.833671036985,M,0
299.8,311.1,1820,24.9,174,11.300000000000011,4745.6898625127415,L,0
299.8,311.1,1498,38.1,176,11.300000000000011,5976.754359748438,M,0
299.8,311.1,1603,35.1,179,11.300000000000011,5892.088437734193,L,0
299.8,311.1,1412,42.5,181,11.300000000000011,6284.232504730783,L,0
299.8,311.1,1588,38.0,183,11.300000000000011,6319.208902940749,L,0
299.8,311.0,1948,20.0,185,11.199999999999989,4079.8816594619443,M,0
299.7,310.9,1384,48.2,188,11.199999999999989,6985.72920032636,L,0
299.7,310.8,1589,36.0,190,11.100000000000023,5990.388871865018,L,0
299.7,310.8,1405,47.6,192,11.100000000000023,7003.447782892607,M,0
299.7,310.9,1491,40.1,195,11.199999999999989,6261.09991082485,L,0
299.7,310.8,1418,46.6,197,11.100000000000023,6919.755754600975,H,0
299.6,310.8,1603,35.4,202,11.199999999999989,5942.448167971237,M,0
299.6,310.7,1922,23.3,205,11.099999999999966,4689.622905621676,L,1
299.5,310.7,1364,49.5,0,11.199999999999989,7070.468426169187,M,0
299.4,310.7,1551,41.2,3,11.300000000000011,6691.718015852404,L,0
299.5,310.7,1589,33.5,5,11.199999999999989,5574.389644652169,L,0
299.5,310.7,1423,56.5,7,11.199999999999989,8419.415951743085,M,0
299.4,310.6,1418,53.1,10,11.200000000000045,7884.957737538879,L,0
299.3,310.5,1404,47.5,12,11.199999999999989,6983.760468930111,M,0
299.3,310.5,1281,59.8,15,11.199999999999989,8021.931177235393,L,0
299.3,310.5,1529,41.3,17,11.199999999999989,6612.811680369739,L,0
299.3,310.5,1563,42.1,19,11.199999999999989,6890.800742310388,M,0
299.4,310.6,1348,54.5,22,11.200000000000045,7693.341529620925,L,0
299.3,310.5,1462,40.5,24,11.199999999999989,6200.561420390175,M,0
299.3,310.4,1510,45.5,27,11.099999999999966,7194.770775496224,H,0
299.2,310.4,1472,43.3,32,11.199999999999989,6674.5858639148255,L,0
299.2,310.4,1325,52.0,34,11.199999999999989,7215.191127744558,M,0
299.2,310.4,1570,37.3,37,11.199999999999989,6132.493579562396,L,0
299.2,310.4,1379,46.8,39,11.199999999999989,6758.319780108506,L,0
299.1,310.2,1352,52.8,41,11.099999999999966,7475.482551069985,L,0
299.1,310.3,1727,28.7,43,11.199999999999989,5190.424190530425,L,0
299.0,310.1,1432,50.0,45,11.100000000000023,7497.934466567639,H,0
298.9,310.1,1466,43.4,50,11.200000000000045,6662.73158763528,L,0
298.9,310.1,1510,38.0,52,11.200000000000045,6008.819548766077,L,0
299.0,310.2,1490,41.1,54,11.199999999999989,6412.933083772845,L,0
299.0,310.1,1463,37.4,56,11.100000000000023,5729.867065078329,L,0
298.9,310.0,1561,45.3,58,11.100000000000023,7405.079459703037,M,0
298.9,310.1,2109,18.0,61,11.200000000000045,3975.3713438525247,L,0
298.9,310.2,1705,32.5,63,11.300000000000011,5802.783430568147,L,0
298.9,310.1,1549,40.2,65,11.200000000000045,6520.87820735019,M,0
299.0,310.2,1637,38.0,68,11.199999999999989,6514.197086973555,H,0
298.9,310.1,1484,37.9,73,11.200000000000045,5889.816019048096,M,0
298.9,310.1,1401,44.4,76,11.200000000000045,6514.029535365364,L,0
298.9,310.1,1571,36.8,78,11.200000000000045,6054.142258781865,L,0
298.9,310.1,1513,41.5,80,11.200000000000045,6575.301064085877,M,0
299.0,310.1,1470,40.3,83,11.100000000000023,6203.703013043763,L,0
299.0,310.1,1505,41.3,85,11.100000000000023,6509.013459095132,L,0
299.0,310.2,1432,42.2,87,11.199999999999989,6328.256689783088,L,0
299.0,310.2,1625,31.8,89,11.199999999999989,5411.393345808419,M,0
299.0,310.2,1377,62.5,92,11.199999999999989,9012.443924985719,L,1
299.1,310.3,1441,43.9,94,11.199999999999989,6624.561236894166,M,0
299.0,310.2,1564,39.9,97,11.199999999999989,6534.889710585201,M,0
298.9,310.1,1580,37.3,100,11.200000000000045,6171.5540482220285,L,0
299.0,310.2,1516,35.3,102,11.199999999999989,5604.056751277568,L,0
299.0,310.1,1447,42.8,104,11.100000000000023,6485.461986168721,L,0
298.9,310.0,1323,52.9,106,11.100000000000023,7328.990085633092,M,0
298.9,310.0,1470,45.9,109,11.100000000000023,7065.756037188803,L,0
299.0,310.0,2049,19.5,111,11.0,4184.130175683566,M,0
298.9,310.0,1794,27.2,114,11.100000000000023,5109.988946623013,L,0
298.9,310.1,1356,47.8,116,11.200000000000045,6787.599423639962,L,0
299.0,310.1,1555,38.6,118,11.100000000000023,6285.593861547339,H,0
299.0,310.1,1487,47.5,123,11.100000000000023,7396.61810348937,M,0
299.0,310.0,1341,58.9,126,11.0,8271.279386150816,M,0
298.9,310.0,1487,36.6,129,11.100000000000023,5699.288896583388,M,0
299.0,310.0,1569,34.3,132,11.0,5635.671645348194,H,0
299.0,310.1,2053,19.7,137,11.100000000000023,4235.296248035032,H,0
299.0,310.1,1583,35.8,142,11.100000000000023,5934.615130288286,L,0
299.0,310.0,1672,33.2,144,11.0,5813.035494594363,L,0
299.0,310.0,1337,57.4,146,11.0,8036.591942952145,M,0
299.1,310.1,1421,41.2,149,11.0,6130.839007431506,H,0
299.1,310.2,1425,52.7,154,11.099999999999966,7864.191810098649,L,0
299.2,310.2,1609,33.2,156,11.0,5594.003654786081,L,0
299.2,310.3,1507,41.3,158,11.100000000000023,6517.663310868017,L,0
299.2,310.3,1463,38.9,160,11.100000000000023,5959.674567688422,L,0
299.3,310.4,1393,44.9,162,11.099999999999966,6549.770387787705,H,0
299.3,310.4,1725,26.8,167,11.099999999999966,4841.194279181871,L,0
299.4,310.5,1514,36.1,169,11.100000000000023,5723.500103967052,L,0
299.3,310.4,1365,53.9,171,11.099999999999966,7704.598903296288,L,0
299.4,310.5,1372,46.3,173,11.100000000000023,6652.175836319219,L,0
299.4,310.4,1509,40.6,175,11.0,6415.697685308004,L,0
299.3,310.4,1629,32.6,177,11.099999999999966,5561.18448353158,L,0
299.4,310.5,1749,28.1,179,11.100000000000023,5146.651332890407,L,0
299.4,310.4,1582,31.7,181,11.0,5251.6328873978655,L,0
299.2,310.2,1458,47.0,183,11.0,7176.025939329805,L,0
299.1,310.1,1416,41.2,185,11.0,6109.2667378768565,L,0
299.1,310.0,1657,33.1,187,10.899999999999977,5743.532993121444,H,0
299.1,310.0,1437,41.1,192,10.899999999999977,6184.822041195691,M,0
299.1,310.0,1580,36.0,195,10.899999999999977,5956.459671206248,M,0
299.0,310.0,1488,46.3,198,11.0,7214.604697115888,M,0
299.0,309.9,1373,55.7,201,10.899999999999977,8008.558464506613,L,1
299.1,310.0,1367,56.3,203,10.899999999999977,8059.452265494767,L,1
299.1,310.0,1431,49.5,205,10.899999999999977,7417.77149402354,H,0
299.0,310.1,1623,33.0,210,11.100000000000023,5608.685364453857,L,0
299.0,310.0,1484,39.6,212,11.0,6154.0030172639745,L,0
299.0,309.9,1548,34.5,214,10.899999999999977,5592.66324192055,L,0
298.9,309.8,1287,61.9,216,10.900000000000034,8342.530707534232,L,1
298.9,309.8,1392,43.1,218,10.900000000000034,6282.682652355012,M,0
299.0,310.0,1458,44.9,221,11.0,6855.39499310443,H,0
299.1,310.1,1570,30.9,226,11.0,5080.269480120055,M,0
299.1,310.1,1435,48.8,229,11.0,7333.315011519535,L,1
299.1,310.2,1317,54.8,231,11.099999999999966,7557.792278594038,L,1
299.2,310.3,1610,33.3,233,11.100000000000023,5614.340231230319,L,0
299.1,310.3,1838,24.0,235,11.199999999999989,4619.397837838431,M,0
299.2,310.3,1352,48.9,238,11.100000000000023,6923.316226275043,L,1
299.1,310.3,1619,35.2,240,11.199999999999989,5967.853180563267,L,0
299.1,310.3,1619,31.1,242,11.199999999999989,5272.733918054478,L,0
299.0,310.2,1690,30.7,244,11.199999999999989,5433.175054873308,L,0
299.0,310.2,1412,44.1,246,11.199999999999989,6520.815375497119,L,0
299.0,310.2,1744,31.5,0,11.199999999999989,5752.884467253629,H,0
299.0,310.1,1593,35.4,5,11.100000000000023,5905.377374658877,M,0
299.1,310.2,1695,29.6,8,11.099999999999966,5253.99955386357,L,0
299.0,310.2,1298,57.2,10,11.199999999999989,7774.981050712212,M,0
299.0,310.1,1886,21.2,13,11.100000000000023,4187.030912900381,L,0
299.0,310.1,2033,19.3,15,11.100000000000023,4108.878559654579,L,0
299.1,310.2,1711,28.1,17,11.099999999999966,5034.831578373633,M,0
299.1,310.2,1598,33.4,20,11.099999999999966,5589.228433952624,L,0
299.1,310.1,1894,24.2,22,11.0,4799.809031958582,L,0
299.1,310.1,1412,44.4,24,11.0,6565.174663765806,M,0
299.1,310.0,1394,46.6,27,10.899999999999977,6802.637180475147,L,0
299.0,310.0,1338,56.4,29,11.0,7902.487824545909,M,0
298.9,309.9,1376,51.0,32,11.0,7348.813535277243,H,0
299.0,310.0,1360,48.1,37,11.0,6850.347500907665,L,0
299.1,310.1,1486,40.7,39,11.0,6333.471733588047,L,0
299.1,310.1,1649,31.6,41,11.0,5456.778887677279,M,0
299.1,310.1,1367,45.6,44,11.0,6527.726879335016,L,0
299.0,310.1,1362,59.5,46,11.100000000000023,8486.384235142106,L,0
298.9,310.0,1520,35.6,48,11.100000000000023,5666.59538903503,M,0
299.0,310.0,1582,31.9,51,11.0,5284.766217917726,L,0
299.0,310.0,1667,30.0,53,11.0,5237.034953534185,M,0
298.9,310.0,1693,28.8,56,11.100000000000023,5105.967708026419,L,0
298.9,310.0,1559,33.4,58,11.100000000000023,5452.820480933756,L,0
298.9,309.9,1592,32.0,60,11.0,5334.8432048159475,L,0
298.9,309.9,1404,39.8,62,11.0,5851.656140282492,L,0
298.8,309.8,1413,45.5,64,11.0,6732.590136275606,M,0
298.8,309.8,1663,28.2,67,11.0,4911.0004679446365,L,0
298.8,309.8,1508,36.3,69,11.0,5732.401283152222,L,0
298.9,309.8,1353,53.7,71,10.900000000000034,7608.528999949513,M,0
298.8,309.8,1485,42.4,74,11.0,6593.574661354258,L,0
298.9,310.0,1633,31.2,76,11.100000000000023,5335.429635444618,L,0
298.9,310.0,1422,43.6,78,11.100000000000023,6492.54104161481,L,0
298.9,310.1,1577,41.4,80,11.200000000000045,6836.922428301324,L,0
298.9,310.0,1482,41.1,82,11.100000000000023,6378.501228289502,L,0
299.0,310.1,1705,30.1,84,11.100000000000023,5374.270192618499,M,0
299.0,310.1,1699,32.9,87,11.100000000000023,5853.530623899133,L,0
299.0,310.1,1664,29.7,89,11.100000000000023,5175.334073817682,L,0
299.0,310.0,1486,34.6,91,11.0,5384.229041330379,M,0
299.1,310.1,1336,61.3,94,11.0,8576.212841083754,L,0
299.1,310.1,1429,42.9,96,11.0,6419.750339831135,H,0
299.1,310.2,1456,48.4,101,11.099999999999966,7379.643031184472,M,0
299.1,310.2,1496,45.0,104,11.099999999999966,7049.733914655496,L,0
299.1,310.1,1894,20.1,106,11.0,3986.6182455523763,L,0
299.1,310.1,1373,55.6,108,11.0,7994.180442128683,L,0
299.0,310.0,1387,45.2,110,11.0,6565.132775863758,H,0
298.9,309.9,1500,44.2,115,11.0,6942.919764433444,L,0
298.9,309.9,1517,36.6,117,11.0,5814.271187704774,L,0
298.9,309.9,1309,56.2,119,11.0,7703.792561181866,L,0
298.9,309.9,1357,54.5,121,11.0,7744.706569507118,M,0
298.8,309.8,1490,40.6,124,11.0,6334.916866208699,L,0
298.8,309.8,1911,21.6,126,11.0,4322.580163927269,H,0
298.8,309.8,1599,33.6,131,11.0,5626.215451460889,L,0
298.8,309.7,2098,19.0,133,10.899999999999977,4174.338878579878,M,0
298.7,309.7,1629,27.9,136,11.0,4759.418622408928,M,0
298.8,309.8,1557,37.2,139,11.0,6065.410104432742,L,0
298.8,309.8,1461,39.4,141,11.0,6028.025151855023,L,0
298.8,309.8,1563,33.7,143,11.0,5515.914133393351,L,0
298.7,309.8,1695,29.0,145,11.100000000000023,5147.499562906876,L,0
298.8,310.0,1528,36.7,147,11.199999999999989,5872.432539698233,L,0
298.8,310.0,1389,49.6,149,11.199999999999989,7214.604697115888,L,0
298.9,310.0,2231,17.4,151,11.100000000000023,4065.1580618921207,L,0
298.9,310.1,1442,42.9,153,11.200000000000045,6478.152547261368,M,0
298.9,310.1,1458,44.3,156,11.200000000000045,6763.786151325751,H,0
299.0,310.1,1444,47.7,161,11.100000000000023,7212.971068936021,L,0
298.9,310.0,1348,58.2,163,11.100000000000023,8215.64178025574,M,0
298.9,310.0,1791,27.6,166,11.100000000000023,5176.465047172974,L,0
299.0,310.0,1509,38.0,168,11.0,6004.840198071531,L,0
298.9,310.0,1515,42.9,170,11.100000000000023,6806.103404369607,L,0
298.9,310.1,1655,31.5,172,11.200000000000045,5459.302633775663,M,0
298.9,310.1,1495,42.9,175,11.200000000000045,6716.253854476939,L,0
298.9,310.2,1623,37.2,177,11.300000000000011,6322.51804720253,L,0
298.9,310.2,1562,42.5,179,11.300000000000011,6951.820943618614,L,0
298.8,310.1,1574,36.2,181,11.300000000000011,5966.80598301207,L,0
298.8,310.0,1611,32.4,183,11.199999999999989,5465.994226127809,L,0
298.8,310.0,1403,45.6,185,11.199999999999989,6699.634829339449,L,0
298.8,310.1,1481,47.4,187,11.300000000000011,7351.263977547044,L,0
298.9,310.1,1441,41.2,189,11.200000000000045,6217.128085650106,M,0
298.8,310.1,1483,45.4,192,11.300000000000011,7050.592616647476,H,0
298.7,310.0,1555,32.6,197,11.300000000000011,5308.558546280913,L,0
298.6,309.9,1615,28.8,199,11.299999999999955,4870.725250125615,L,0
298.6,309.8,1561,32.6,201,11.199999999999989,5329.041730382319,L,0
298.5,309.8,1593,35.1,203,11.300000000000011,5855.331803687192,L,0
298.5,309.7,1552,34.0,205,11.199999999999989,5525.852038154206,M,0
298.5,309.7,1561,35.3,208,11.199999999999989,5770.4040822851475,H,0
298.6,309.8,1597,35.9,213,11.199999999999989,6003.82441644687,L,0
298.6,309.9,1517,34.0,215,11.299999999999955,5401.235529561812,M,0
298.6,309.8,2271,16.2,218,11.199999999999989,3852.6607348033067,L,1
298.5,309.7,1613,36.7,0,11.199999999999989,6199.105815794012,L,0
298.5,309.6,1509,47.3,2,11.100000000000023,7474.445825494299,M,0
298.6,309.7,1703,26.1,5,11.099999999999966,4654.615091485173,L,0
298.6,309.7,1925,22.1,7,11.099999999999966,4455.040182178126,L,0
298.6,309.6,1635,29.7,9,11.0,5085.138948733118,M,0
298.5,309.5,1294,66.7,12,11.0,9038.34112042681,L,1
298.6,309.6,1472,39.1,14,11.0,6027.166449863042,L,0
298.6,309.6,1449,42.5,16,11.0,6448.904319656449,H,0
298.6,309.6,1563,35.0,21,11.0,5728.694203820988,L,0
298.6,309.6,1611,35.7,23,11.0,6022.715860270457,L,0
298.6,309.6,1386,48.6,25,11.0,7053.880816958234,L,0
298.6,309.5,1584,31.8,27,10.899999999999977,5274.859729083406,H,0
298.7,309.6,1424,50.4,32,10.900000000000034,7515.694937035934,M,0
298.5,309.5,1561,34.8,35,11.0,5688.6703134142535,L,0
298.5,309.4,1560,37.9,37,10.899999999999977,6191.450801694764,L,0
298.6,309.5,1375,41.0,39,10.899999999999977,5903.576194870819,H,0
298.6,309.5,1684,27.8,44,10.899999999999977,4902.476279877897,M,0
298.6,309.6,1397,54.1,47,11.0,7914.47823650711,M,0
298.6,309.6,1387,57.6,50,11.0,8366.186900215762,L,0
298.7,309.7,1311,54.5,52,11.0,7482.17414342213,H,0
298.8,309.8,1509,36.2,57,11.0,5720.400399215511,L,0
298.8,309.8,1477,46.7,59,11.0,7223.13935715814,M,0
298.8,309.9,1441,41.6,62,11.099999999999966,6277.488552501078,L,0
298.7,309.9,1404,47.1,64,11.199999999999989,6924.94985445491,L,0
298.8,309.9,1466,44.6,66,11.099999999999966,6846.954580841786,H,0
298.7,309.8,1435,48.8,71,11.100000000000023,7333.315011519535,M,0
298.7,309.7,1697,29.8,74,11.0,5295.740848254267,H,0
298.7,309.6,1738,27.3,79,10.900000000000034,4968.680109064545,M,0
298.6,309.5,1420,50.4,82,10.899999999999977,7494.583434403809,H,0
298.5,309.5,1535,39.8,87,11.0,6397.643999525373,M,0
298.6,309.6,1715,28.4,90,11.0,5100.480392858149,L,0
298.6,309.5,1483,43.2,92,10.899999999999977,6708.933943594075,L,0
298.5,309.4,1521,37.5,94,10.899999999999977,5972.953032637593,M,0
298.5,309.4,1573,36.0,97,10.899999999999977,5930.070292916093,H,0
298.5,309.4,1414,46.7,102,10.899999999999977,6915.043365620589,H,0
298.5,309.3,1590,33.9,107,10.800000000000011,5644.4995207047805,L,0
298.5,309.3,1623,33.1,109,10.800000000000011,5625.681380709778,L,0
298.4,309.3,1694,30.9,111,10.900000000000034,5481.513693836543,H,0
298.4,309.2,1597,33.5,116,10.800000000000011,5602.454539024237,M,0
298.5,309.3,1471,44.7,119,10.800000000000011,6885.711362211573,L,0
298.5,309.3,1551,34.7,121,10.800000000000011,5635.985804613554,M,0
298.5,309.3,1421,50.3,124,10.800000000000011,7484.980632859338,H,0
298.4,309.3,1496,45.6,129,10.900000000000034,7143.730366850903,M,0
298.4,309.3,1984,19.2,132,10.900000000000034,3989.068687822175,H,0
298.4,309.2,1692,29.8,137,10.800000000000011,5280.137604741437,L,0
298.4,309.1,1467,42.5,139,10.700000000000045,6529.014932322988,L,0
298.4,309.2,1651,28.5,141,10.800000000000011,4927.430997522911,L,0
298.3,309.1,1417,60.5,143,10.800000000000011,8977.467526775752,L,0
298.2,309.0,1413,55.0,145,10.800000000000011,8138.295769124359,L,0
298.2,309.0,1441,44.2,147,10.800000000000011,6669.831587032395,M,0
298.2,309.0,1353,50.3,150,10.800000000000011,7126.797182448053,M,0
298.1,309.0,1502,40.9,153,10.899999999999977,6433.123052559914,L,0
298.2,309.0,1610,31.7,155,10.800000000000011,5344.582142042075,L,0
298.2,309.1,1411,45.8,157,10.900000000000034,6767.388510901868,M,0
298.3,309.1,1387,52.3,160,10.800000000000011,7596.38150835563,L,0
298.3,309.1,1430,40.9,162,10.800000000000011,6124.744317683541,H,0
298.4,309.1,1576,38.8,167,10.700000000000045,6403.487361861051,M,0
298.5,309.2,1721,29.4,170,10.699999999999989,5298.547337691473,M,0
298.5,309.3,1465,42.4,173,10.800000000000011,6504.7723090127865,M,0
298.6,309.4,1407,45.1,176,10.799999999999955,6645.065364946595,M,0
298.6,309.4,1464,36.9,179,10.799999999999955,5657.128723172212,M,0
298.6,309.5,1568,36.7,182,10.899999999999977,6026.161140213893,M,0
298.6,309.4,1667,35.6,185,10.799999999999955,6214.614811527233,L,0
298.5,309.4,1360,60.9,187,10.899999999999977,8673.308998030701,L,1
298.5,309.3,1488,43.7,189,10.800000000000011,6809.464908508949,M,0
298.4,309.3,1504,39.3,192,10.900000000000034,6189.691509808754,L,0
298.4,309.2,1610,32.4,194,10.800000000000011,5462.601306061932,L,0
298.4,309.2,1345,52.7,196,10.800000000000011,7422.693322514164,L,0
298.3,309.3,1376,57.0,198,11.0,8213.379833545154,M,0
298.4,309.4,1385,50.0,201,11.0,7251.843042036439,L,0
298.4,309.4,1429,41.8,203,11.0,6255.141356758541,M,0
298.3,309.3,1337,56.1,206,11.0,7854.578536578664,L,1
298.4,309.3,1542,35.4,208,10.900000000000034,5716.3163287658435,L,0
298.4,309.2,2118,17.7,210,10.800000000000011,3925.7970117788773,L,0
298.3,309.1,1386,45.3,212,10.800000000000011,6574.913600991934,L,0
298.3,309.1,1632,32.7,0,10.800000000000011,5588.516339617811,M,0
298.4,309.3,1545,36.9,3,10.900000000000034,5970.125599249363,L,0
298.4,309.3,1390,53.6,5,10.900000000000034,7802.040635435132,M,0
298.4,309.3,1355,50.6,8,10.900000000000034,7179.900570269234,M,0
298.4,309.2,1425,45.5,11,10.800000000000011,6789.767122570939,L,0
298.4,309.2,1491,51.2,13,10.800000000000011,7994.2223300307305,M,0
298.3,309.2,1486,42.4,16,10.899999999999977,6598.014778971331,H,0
298.3,309.2,1359,51.4,21,10.899999999999977,7314.947166471546,M,0
298.4,309.3,1395,47.6,24,10.900000000000034,6953.601179455648,L,0
298.3,309.2,1383,52.1,26,10.899999999999977,7545.5086513185015,L,0
298.3,309.1,1484,37.0,28,10.800000000000011,5749.952314110278,H,0
298.3,309.1,1421,47.4,33,10.800000000000011,7053.440993986732,L,0
298.3,309.0,1339,58.8,35,10.699999999999989,8244.921423787197,L,0
298.4,309.1,1362,46.1,37,10.700000000000045,6575.164928404221,L,0
298.5,309.2,1568,40.6,39,10.699999999999989,6666.543386721636,H,0
298.6,309.4,2312,15.5,44,10.799999999999955,3752.7371444681276,L,0
298.5,309.3,1498,34.6,46,10.800000000000011,5427.708683656062,M,0
298.5,309.3,1761,27.2,49,10.800000000000011,5015.992494427607,M,0
298.6,309.4,1316,51.4,52,10.799999999999955,7083.495563706075,L,0
298.6,309.4,1525,37.8,54,10.799999999999955,6036.5702838727875,L,0
298.6,309.4,1362,45.3,56,10.799999999999955,6461.062283225839,H,0
298.7,309.6,1516,38.5,61,10.900000000000034,6112.073227314062,L,0
298.6,309.5,1450,44.2,63,10.899999999999977,6711.489105618995,L,0
298.6,309.5,1366,55.0,65,10.899999999999977,7867.595202140039,M,0
298.5,309.5,1547,33.1,68,11.0,5362.248364730763,L,0
298.6,309.5,1580,33.9,70,10.899999999999977,5608.999523719216,M,0
298.7,309.6,1755,26.9,73,10.900000000000034,4943.767279321577,H,0
298.7,309.6,1800,24.8,78,10.900000000000034,4674.689868541612,M,0
298.8,309.7,1439,45.8,81,10.899999999999977,6901.681124867319,M,0
298.9,309.8,1411,56.3,84,10.900000000000034,8318.864042877189,L,0
298.9,309.9,1645,31.4,86,11.0,5409.089511195785,M,0
298.9,309.8,2450,13.9,89,10.900000000000034,3566.2312606000137,M,0
299.0,309.9,1630,34.0,92,10.899999999999977,5803.568828731544,L,0
299.0,309.9,1411,44.7,94,10.899999999999977,6604.852978980645,L,0
298.9,309.9,1526,35.4,96,11.0,5657.003059466069,L,0
298.9,309.9,1590,31.3,98,11.0,5211.588053040107,L,0
299.0,309.9,1884,25.6,100,10.899999999999977,5050.675677323239,H,0
298.9,309.8,1947,21.7,105,10.900000000000034,4424.399181830113,M,0
298.9,309.9,1373,52.1,108,11.0,7490.949658901159,L,0
298.9,309.8,1616,36.5,110,10.900000000000034,6176.7900359780115,L,0
298.9,309.9,1449,44.1,112,11.0,6691.686599925868,M,0
298.9,309.8,1363,50.6,115,10.900000000000034,7222.2911271416715,M,0
298.8,309.7,1461,55.1,118,10.899999999999977,8430.055478863243,H,0
298.8,309.7,1374,58.6,123,10.899999999999977,8431.657691116576,L,0
298.7,309.7,1293,59.1,125,11.0,8002.296223150458,L,0
298.8,309.8,1490,38.6,127,11.0,6022.851995952113,M,0
298.8,309.8,1753,27.5,130,11.0,5048.277594930998,L,0
298.8,309.8,1493,38.5,132,11.0,6019.343884155604,L,0
298.8,309.8,1895,22.0,134,11.0,4365.766590938616,L,0
298.7,309.6,1654,34.3,136,10.900000000000034,5940.982091399561,H,0
298.7,309.5,1673,30.8,141,10.800000000000011,5396.041429707876,L,0
298.8,309.6,1613,27.7,143,10.800000000000011,4678.88913072191,L,0
298.8,309.6,1903,22.3,145,10.800000000000011,4443.98177603749,L,0
298.8,309.5,1368,44.7,147,10.699999999999989,6403.571137665147,L,0
298.8,309.6,1575,34.4,149,10.800000000000011,5673.716332383166,M,0
298.8,309.6,1516,40.2,152,10.800000000000011,6381.95698020845,H,0
298.8,309.5,1645,32.8,157,10.699999999999989,5650.259107236362,L,0
298.8,309.5,1374,48.1,159,10.699999999999989,6920.865784005244,L,0
298.9,309.7,1407,48.6,161,10.800000000000011,7160.757799033359,H,0
298.9,309.6,1284,55.3,166,10.700000000000045,7435.647156222465,M,0
298.9,309.5,1645,31.1,169,10.600000000000023,5357.410312044234,L,0
298.8,309.4,1387,54.1,171,10.599999999999966,7857.824848987374,L,0
298.8,309.3,1618,35.1,173,10.5,5947.223388804694,M,0
298.8,309.3,1357,47.1,176,10.5,6693.131732546518,L,0
298.7,309.2,1396,44.8,178,10.5,6549.257260987618,L,0
298.7,309.2,1586,31.4,180,10.5,5215.085692861105,L,0
298.7,309.2,1449,42.3,182,10.5,6418.55653462277,H,0
298.7,309.2,1423,48.9,187,10.5,7286.892744074989,M,0
298.7,309.3,1402,45.3,190,10.600000000000023,6650.814479502664,H,0
298.7,309.2,1437,45.7,195,10.5,6877.040566487666,M,0
298.6,309.1,1537,35.7,198,10.5,5746.06721119534,L,0
298.7,309.1,1423,49.5,200,10.400000000000034,7376.302470996155,M,0
298.6,309.1,1587,37.3,203,10.5,6198.896376283771,M,0
298.6,309.1,1487,43.2,206,10.5,6727.029517278753,M,0
298.6,309.0,1456,47.7,0,10.399999999999977,7272.912656766515,L,0
298.7,309.1,1607,32.7,2,10.400000000000034,5502.90793980749,L,0
298.6,309.0,1469,46.0,4,10.399999999999977,7076.3327324558895,L,0
298.6,309.0,1481,40.8,6,10.399999999999977,6327.670259154418,M,0
298.6,308.9,1327,58.8,9,10.299999999999955,8171.031164574764,L,0
298.5,308.8,1589,30.6,11,10.300000000000011,5091.830541085265,L,0
298.5,308.8,1670,29.6,13,10.300000000000011,5176.506935075022,L,0
298.5,308.7,1662,28.3,15,10.199999999999989,4925.451794151149,M,0
298.5,308.8,1553,34.9,18,10.300000000000011,5675.779311559023,M,0
298.5,308.8,1557,36.0,21,10.300000000000011,5869.751713967169,M,0
298.4,308.8,1352,56.7,24,10.400000000000034,8027.6488758649275,L,0
298.5,308.8,1305,58.7,26,10.300000000000011,8021.899761308857,L,0
298.5,308.7,1450,43.9,28,10.199999999999989,6665.936012141943,H,0
298.5,308.7,1347,48.5,33,10.199999999999989,6841.289242089813,M,0
298.6,308.8,1566,39.1,36,10.199999999999989,6412.053437829839,H,0
298.5,308.7,1615,33.3,41,10.199999999999989,5631.776070457742,M,0
298.5,308.6,1384,54.4,44,10.100000000000023,7884.308475057136,M,0
298.5,308.7,1367,47.3,47,10.199999999999989,6771.0851182575925,M,0
298.5,308.6,1897,20.2,50,10.100000000000023,4012.7981843322905,M,0
298.5,308.6,1522,36.9,53,10.100000000000023,5881.249943079308,L,0
298.4,308.5,1576,27.4,55,10.100000000000023,4522.050353479196,M,0
298.4,308.4,1479,39.2,58,10.0,6071.316298621491,H,0
298.3,308.3,1452,45.5,63,10.0,6918.415341735443,L,0
298.3,308.3,1432,46.9,65,10.0,7033.062529640445,L,0
298.3,308.2,1663,28.4,67,9.899999999999977,4945.830258497435,L,0
298.3,308.3,1597,32.4,69,10.0,5418.493345205531,L,0
298.3,308.2,1472,44.3,71,9.899999999999977,6828.733343450965,L,0
298.4,308.3,1452,48.5,73,9.900000000000034,7374.574595036681,L,0
298.3,308.2,1534,33.2,75,9.899999999999977,5333.251464538129,H,0
298.3,308.1,1505,46.1,80,9.800000000000011,7265.508970079555,L,0
298.3,308.1,1528,33.9,82,9.800000000000011,5424.39953939428,L,0
298.3,308.1,2636,12.8,84,9.800000000000011,3533.3283135414163,H,0
298.3,308.1,1722,28.6,89,9.800000000000011,5157.364163839148,M,0
298.4,308.1,1395,44.0,92,9.700000000000045,6427.698569244716,L,0
298.4,308.1,1375,50.8,94,9.700000000000045,7314.674895108234,L,0
298.3,308.0,1766,26.0,96,9.699999999999989,4808.312276074298,M,0
298.3,307.9,1399,47.8,99,9.599999999999966,7002.840408312913,L,0
298.3,308.0,1578,37.8,101,9.699999999999989,6246.365841279513,L,0
298.3,307.9,1502,42.0,103,9.599999999999966,6606.1410319686165,L,0
298.2,307.9,1529,36.6,105,9.699999999999989,5860.264104153329,M,0
298.2,307.8,1804,25.1,108,9.600000000000023,4741.752399720243,L,0
298.2,307.8,1411,53.4,110,9.600000000000023,7890.361276903052,M,0
298.1,307.8,1413,54.1,113,9.699999999999989,8005.123656538688,L,0
298.2,307.8,1355,59.4,115,9.600000000000023,8428.578930316056,L,0
298.2,307.8,1429,46.9,117,9.600000000000023,7018.32846009511,L,0
298.1,307.8,1565,35.3,119,9.699999999999989,5785.190511708043,L,0
298.1,307.9,1446,42.8,121,9.799999999999955,6480.979980649599,M,0
298.2,307.9,1462,38.8,124,9.699999999999989,5940.290941015773,M,0
298.2,307.8,1578,34.5,127,9.600000000000023,5701.048188469397,M,0
298.1,307.8,1606,33.0,130,9.699999999999989,5549.937581831729,L,0
298.1,307.8,1525,35.9,132,9.699999999999989,5733.144793413573,M,0
298.1,307.8,1379,49.1,135,9.699999999999989,7090.459427421532,L,0
298.2,307.8,1575,35.0,137,9.600000000000023,5772.676500971245,L,0
298.2,307.9,1399,54.9,139,9.699999999999989,8043.011263940982,L,0
298.2,307.9,1429,49.4,141,9.699999999999989,7392.439785260094,L,0
298.3,307.9,1435,39.9,143,9.599999999999966,5995.8866590088,L,0
298.3,307.9,1766,26.5,145,9.599999999999966,4900.779819844957,L,0
298.3,307.9,1703,28.9,147,9.599999999999966,5153.960771797759,L,0
298.3,307.9,1507,41.2,149,9.599999999999966,6501.882043771485,L,0
298.3,307.9,1609,32.4,151,9.599999999999966,5459.208385996054,M,0
298.4,308.0,1605,32.4,154,9.600000000000023,5445.636705732547,L,0
298.4,308.1,1491,50.0,156,9.700000000000045,7806.857744170636,L,0
298.4,308.1,1891,24.7,158,9.700000000000045,4891.218906202533,H,0
298.5,308.2,1563,44.6,163,9.699999999999989,7299.993185440459,H,0
298.6,308.2,1390,51.4,168,9.599999999999966,7481.807624279211,L,0
298.5,308.2,1444,40.5,170,9.699999999999989,6124.220718907942,L,0
298.6,308.2,1361,68.2,172,9.599999999999966,9720.108614157845,L,1
298.6,308.3,1589,34.1,174,9.699999999999989,5674.229459183253,M,0
298.6,308.2,1705,26.3,177,9.599999999999966,4695.790899198224,L,0
298.6,308.3,1422,40.4,179,9.699999999999989,6016.024267918309,L,0
298.6,308.3,1377,52.1,181,9.699999999999989,7512.7732558680955,H,0
298.5,308.3,1334,49.8,186,9.800000000000011,6956.8684358153805,L,0
298.6,308.4,1559,36.6,188,9.799999999999955,5975.246395274715,L,0
298.7,308.5,1353,47.0,190,9.800000000000011,6659.233947814284,L,0
298.7,308.4,1507,45.7,192,9.699999999999989,7212.039063115458,M,0
298.7,308.4,1694,28.7,195,9.699999999999989,5091.244110456595,L,0
298.7,308.4,1432,42.8,197,9.699999999999989,6418.2319033818985,H,0
298.7,308.5,1572,35.6,202,9.800000000000011,5860.452599712544,H,0
298.8,308.6,1507,42.3,207,9.800000000000011,6675.475981833344,M,0
298.8,308.6,1500,37.1,210,9.800000000000011,5827.654372409067,M,0
298.9,308.6,1771,24.1,213,9.700000000000045,4469.554340237712,L,0
298.8,308.5,1577,33.2,0,9.699999999999989,5482.749386946955,M,0
298.8,308.5,1527,36.2,3,9.699999999999989,5788.635791651481,L,0
298.9,308.4,1827,26.1,5,9.5,4993.53010695444,M,0
298.8,308.4,1484,39.2,8,9.599999999999966,6091.841370624944,L,0
298.8,308.4,1401,47.3,10,9.599999999999966,6939.495428441029,L,0
298.8,308.3,1634,27.9,12,9.5,4774.0270282481215,L,0
298.8,308.4,1604,29.5,14,9.599999999999966,4955.129372752061,M,0
298.9,308.4,1632,31.8,17,9.5,5434.703963298055,H,0
299.0,308.6,1645,33.4,22,9.600000000000023,5753.617505539466,M,0
299.0,308.7,1408,48.5,25,9.699999999999989,7151.102637611326,H,0
299.0,308.7,1500,40.2,30,9.699999999999989,6314.601233715485,M,0
